Current Education Level,Stream / Specialization,Latest Grade / CGPA,Technical / Hard Skills,Soft Skills,Personality Type,"Salary Expectation (Annual, in INR)",Certifications Obtained,Preferred Work Environment,Learning Style,Open to Relocating,Willingness to Pursue Higher Studies,Recommended Career Path
B.Com,Commerce,8.78,"SQL, Financial Modeling, Tableau","Attention to Detail, Analytical Skills",Extrovert,4-8 LPA,CFA,I prefer working alone,Read/Write,Maybe,Yes,Financial Analyst
B.Com,Finance,8.21,"MS Excel, Financial Modeling","Attention to Detail, Analytical Skills",Ambivert,4-8 LPA,CFA,I prefer working alone,Read/Write,No,Yes,Financial Analyst
M.Tech,AI & ML,9.72,"Python, Computer Vision, TensorFlow","Critical Thinking, Research",Introvert,12+ LPA,TensorFlow Developer,I prefer working alone,Read/Write,Yes,Yes,Data Scientist
MBA,Finance,8.54,"MS Excel, Financial Modeling","Attention to Detail, Analytical Skills",Ambivert,4-8 LPA,No Certification,I prefer working alone,Read/Write,Maybe,Yes,Financial Analyst
MBA,Business Administration,8.92,"Digital Marketing, SEO","Communication, Creativity",Extrovert,8-12 LPA,Google Digital Marketing,I prefer working in a team,Visual,Yes,No,Marketing Manager
B.Des,Fine Arts,8.04,"Adobe Photoshop, Adobe Illustrator, Figma","Attention to Detail, Creativity",Introvert,Less than 4 LPA,No Certification,I prefer working alone,Kinesthetic,No,No,Graphic Designer
B.Com,Finance,8.84,"MS Excel, Tableau, SQL","Analytical Skills, Attention to Detail",Ambivert,8-12 LPA,No Certification,I prefer working alone,Visual,Maybe,No,Business Analyst
B.A.,Fine Arts,8.77,"Adobe Illustrator, Adobe Photoshop","Attention to Detail, Creativity",Ambivert,4-8 LPA,No Certification,I like a mix of both,Kinesthetic,No,No,Graphic Designer
B.A.,Graphic Design,8.19,"Adobe Photoshop, Figma, Adobe Illustrator","Attention to Detail, Creativity",Introvert,4-8 LPA,No Certification,I like a mix of both,Kinesthetic,No,No,Graphic Designer
B.Tech,Computer Science,8.4,"Java, SQL, Git, JavaScript","Problem-Solving, Teamwork",Ambivert,12+ LPA,Coursera - Python for Everybody,I like a mix of both,Kinesthetic,Yes,No,Software Developer
MBA,Business Administration,7.71,"SEO, Google Analytics, Digital Marketing","Communication, Leadership",Extrovert,12+ LPA,Google Digital Marketing,I prefer working in a team,Visual,Maybe,No,Marketing Manager
MBA,Marketing,7.14,"Google Analytics, SEO, Digital Marketing","Communication, Creativity",Extrovert,12+ LPA,Google Digital Marketing,I prefer working in a team,Visual,Yes,No,Marketing Manager
B.Tech,Mechanical Engineering,8.11,"MATLAB, SolidWorks, AutoCAD","Teamwork, Problem-Solving",Ambivert,8-12 LPA,Certified SOLIDWORKS Professional,I prefer working in a team,Kinesthetic,Yes,Yes,Civil Engineer
B.A.,Fine Arts,8.41,"Adobe Photoshop, Figma, Adobe Illustrator","Creativity, Attention to Detail",Introvert,4-8 LPA,Adobe Certified Expert (ACE),I like a mix of both,Kinesthetic,No,No,UI/UX Designer
B.Des,Human-Computer Interaction,7.74,"Sketch, User Research, Adobe XD","Problem-Solving, Creativity",Ambivert,8-12 LPA,Nielsen Norman Group UX Certification,I like a mix of both,Kinesthetic,Yes,No,UI/UX Designer
M.Tech,Computer Science,9.02,"Computer Vision, PyTorch","Critical Thinking, Research",Introvert,12+ LPA,TensorFlow Developer,I prefer working alone,Read/Write,Yes,Yes,AI Specialist
MBA,Marketing,7.15,"Social Media Management, SEO, Google Analytics, Digital Marketing","Leadership, Creativity",Extrovert,8-12 LPA,HubSpot Content Marketing,I prefer working in a team,Visual,Maybe,No,Marketing Manager
B.Tech,Mechanical Engineering,7.36,"AutoCAD, MATLAB","Problem-Solving, Teamwork",Ambivert,8-12 LPA,Certified SOLIDWORKS Professional,I prefer working in a team,Kinesthetic,Yes,Yes,Mechanical Engineer
M.Tech,AI & ML,9.28,"Computer Vision, NLP, PyTorch, Python","Research, Critical Thinking",Introvert,12+ LPA,Deep Learning Specialization,I prefer working alone,Read/Write,Yes,Yes,AI Specialist
BBA,Business Administration,8.79,"SEO, Social Media Management, Google Analytics","Communication, Creativity",Extrovert,8-12 LPA,Google Digital Marketing,I prefer working in a team,Visual,Yes,No,Social Media Manager
Diploma,Mechanical Engineering,7.15,"SolidWorks, MATLAB, AutoCAD","Teamwork, Problem-Solving",Ambivert,4-8 LPA,No Certification,I prefer working in a team,Kinesthetic,Yes,Yes,Civil Engineer
BBA,Business Administration,8.03,"Digital Marketing, Google Analytics","Communication, Creativity",Extrovert,12+ LPA,HubSpot Content Marketing,I prefer working in a team,Visual,Yes,No,Marketing Manager
B.A.,Graphic Design,7.93,"Figma, Adobe Photoshop, Adobe Illustrator","Creativity, Attention to Detail",Introvert,4-8 LPA,Adobe Certified Expert (ACE),I like a mix of both,Kinesthetic,No,No,Graphic Designer
B.Tech,Mechanical Engineering,7.78,"MATLAB, AutoCAD, SolidWorks","Problem-Solving, Teamwork",Ambivert,4-8 LPA,No Certification,I prefer working in a team,Kinesthetic,Yes,Yes,Mechanical Engineer
B.Com,Commerce,8.5,"MS Excel, SQL","Attention to Detail, Analytical Skills",Extrovert,4-8 LPA,No Certification,I prefer working alone,Visual,No,Yes,Financial Analyst
MBA,Finance,8.18,"Financial Modeling, SQL","Attention to Detail, Analytical Skills",Ambivert,8-12 LPA,No Certification,I prefer working alone,Read/Write,Maybe,No,Financial Analyst
B.Tech,Computer Science,8.88,"SQL, Java, JavaScript, Python, Git","Problem-Solving, Teamwork",Introvert,12+ LPA,Coursera - Python for Everybody,I like a mix of both,Visual,Yes,No,Software Developer
B.Des,Graphic Design,7.76,"User Research, Sketch, Figma, Adobe XD","Empathy, Creativity",Ambivert,8-12 LPA,Nielsen Norman Group UX Certification,I like a mix of both,Visual,Yes,No,UI/UX Designer
B.Com,Finance,8.16,"Tableau, SQL, Financial Modeling, MS Excel","Attention to Detail, Analytical Skills",Ambivert,4-8 LPA,No Certification,I prefer working alone,Read/Write,Maybe,No,Financial Analyst
B.Tech,Data Science,8.76,"R, Scikit-learn, TensorFlow, Python, SQL","Critical Thinking, Problem-Solving",Ambivert,8-12 LPA,IBM Data Science,I prefer working alone,Visual,Yes,No,Data Scientist
MBA,Commerce,8.74,"MS Excel, Financial Modeling","Analytical Skills, Attention to Detail",Extrovert,8-12 LPA,No Certification,I prefer working alone,Read/Write,No,Yes,Financial Analyst
MBA,Marketing,8.91,"Social Media Management, Digital Marketing, Google Analytics","Creativity, Communication",Extrovert,8-12 LPA,HubSpot Content Marketing,I prefer working in a team,Auditory,Maybe,No,Marketing Manager
B.Tech,Mechanical Engineering,8.07,"MATLAB, AutoCAD","Teamwork, Problem-Solving",Ambivert,8-12 LPA,Certified SOLIDWORKS Professional,I prefer working in a team,Kinesthetic,Yes,Yes,Mechanical Engineer
B.Com,Commerce,7.98,"Financial Modeling, Tableau, MS Excel","Analytical Skills, Attention to Detail",Ambivert,8-12 LPA,CFA,I prefer working alone,Visual,No,Yes,Financial Analyst
B.Tech,Computer Science,9.15,"Scikit-learn, SQL","Critical Thinking, Problem-Solving",Introvert,8-12 LPA,IBM Data Science,I prefer working alone,Visual,Yes,Yes,Data Scientist
B.Tech,Data Science,9.49,"R, Python","Critical Thinking, Problem-Solving",Introvert,12+ LPA,Google Data Analytics,I prefer working alone,Read/Write,Yes,No,Data Scientist
MBA,Finance,9.06,"SQL, Financial Modeling, Tableau","Attention to Detail, Analytical Skills",Ambivert,4-8 LPA,CFA,I prefer working alone,Read/Write,No,No,Financial Analyst
B.Tech,Computer Science,8.16,"Git, SQL, Python, Java, JavaScript","Teamwork, Problem-Solving",Ambivert,8-12 LPA,No Certification,I prefer working alone,Visual,Maybe,No,Software Developer
M.Tech,Data Science,9.75,"Python, R, SQL, Scikit-learn","Critical Thinking, Problem-Solving",Introvert,12+ LPA,Google Data Analytics,I prefer working alone,Read/Write,Yes,Yes,Data Scientist
B.Tech,Computer Science,8.48,"Java, SQL, Git, JavaScript","Teamwork, Problem-Solving",Introvert,12+ LPA,Coursera - Python for Everybody,I prefer working alone,Visual,Maybe,No,Software Developer
BBA,Business Administration,8.79,"Digital Marketing, Social Media Management, SEO","Communication, Leadership",Extrovert,12+ LPA,Google Digital Marketing,I prefer working in a team,Visual,Yes,No,Marketing Manager
M.Tech,AI & ML,8.89,"PyTorch, Computer Vision, NLP, Python","Critical Thinking, Research",Introvert,12+ LPA,Deep Learning Specialization,I prefer working alone,Read/Write,Yes,Yes,AI Specialist
M.Tech,Computer Science,9.28,"Scikit-learn, SQL, Python, R","Critical Thinking, Problem-Solving",Introvert,12+ LPA,Google Data Analytics,I prefer working alone,Read/Write,Yes,No,Data Scientist
B.Des,Graphic Design,8.15,"Figma, Adobe XD, User Research","Creativity, Problem-Solving",Ambivert,12+ LPA,No Certification,I like a mix of both,Kinesthetic,No,No,UI/UX Designer
BBA,Business Administration,8.18,"Digital Marketing, Google Analytics, SEO","Leadership, Communication",Extrovert,8-12 LPA,Google Digital Marketing,I prefer working in a team,Visual,Maybe,No,Social Media Manager
B.Des,Graphic Design,8.62,"Adobe Illustrator, Adobe Photoshop, Figma","Creativity, Attention to Detail",Ambivert,4-8 LPA,Adobe Certified Expert (ACE),I prefer working alone,Visual,No,No,Graphic Designer
Diploma,Mechanical Engineering,8.2,"AutoCAD, MATLAB, SolidWorks","Problem-Solving, Teamwork",Ambivert,4-8 LPA,No Certification,I prefer working in a team,Kinesthetic,Maybe,Yes,Civil Engineer
B.Tech,Data Science,8.85,"Scikit-learn, R, Python, TensorFlow","Problem-Solving, Critical Thinking",Ambivert,8-12 LPA,Google Data Analytics,I prefer working alone,Visual,Yes,Yes,Data Scientist
M.Tech,Data Science,8.72,"Scikit-learn, Python, R, TensorFlow","Problem-Solving, Critical Thinking",Ambivert,8-12 LPA,Google Data Analytics,I prefer working alone,Visual,Yes,No,Data Scientist
B.Tech,Mechanical Engineering,7.45,"AutoCAD, MATLAB","Problem-Solving, Teamwork",Ambivert,8-12 LPA,No Certification,I prefer working in a team,Kinesthetic,Yes,Yes,Civil Engineer
B.Tech,Graphic Design,9.08,"Figma, User Research, Adobe XD, Sketch","Empathy, Problem-Solving",Ambivert,12+ LPA,No Certification,I like a mix of both,Visual,Yes,No,Graphic Designer
B.Tech,Computer Science,8.04,"Python, Git, JavaScript","Problem-Solving, Teamwork",Ambivert,8-12 LPA,Coursera - Python for Everybody,I prefer working alone,Visual,Maybe,No,Software Developer
B.Tech,Graphic Design,8.15,"Adobe XD, User Research","Creativity, Problem-Solving",Ambivert,12+ LPA,No Certification,I like a mix of both,Visual,Yes,No,Graphic Designer
BBA,Marketing,7.82,"Digital Marketing, SEO","Communication, Creativity",Extrovert,12+ LPA,HubSpot Content Marketing,I prefer working in a team,Auditory,Yes,No,Marketing Manager
B.Tech,Human-Computer Interaction,8.51,"User Research, Sketch, Figma","Creativity, Problem-Solving",Ambivert,8-12 LPA,Nielsen Norman Group UX Certification,I like a mix of both,Kinesthetic,No,No,UI/UX Designer
BBA,Business Administration,7.84,"Google Analytics, SEO, Digital Marketing, Social Media Management","Creativity, Leadership",Extrovert,8-12 LPA,HubSpot Content Marketing,I prefer working in a team,Visual,Maybe,No,Marketing Manager
M.Tech,Computer Science,8.97,"TensorFlow, Computer Vision, PyTorch, NLP","Critical Thinking, Research",Introvert,12+ LPA,TensorFlow Developer,I prefer working alone,Read/Write,Yes,Yes,Data Scientist
M.Tech,Data Science,8.99,"Scikit-learn, Python, R, SQL","Critical Thinking, Problem-Solving",Introvert,8-12 LPA,IBM Data Science,I prefer working alone,Visual,Yes,No,AI Specialist
MBA,Commerce,8.82,"MS Excel, SQL, Financial Modeling","Attention to Detail, Analytical Skills",Ambivert,4-8 LPA,CFA,I prefer working alone,Read/Write,Maybe,No,Business Analyst
M.Tech,AI & ML,9.3,"PyTorch, NLP, TensorFlow, Python, Computer Vision","Research, Critical Thinking",Introvert,12+ LPA,TensorFlow Developer,I prefer working alone,Read/Write,Yes,Yes,AI Specialist
B.A.,Graphic Design,6.52,"Figma, Adobe Illustrator, Adobe Photoshop","Creativity, Attention to Detail",Ambivert,Less than 4 LPA,Adobe Certified Expert (ACE),I like a mix of both,Kinesthetic,No,Yes,Graphic Designer
B.Tech,Computer Science,9.39,"Scikit-learn, R, SQL, TensorFlow, Python","Problem-Solving, Critical Thinking",Ambivert,12+ LPA,IBM Data Science,I prefer working alone,Visual,Yes,No,Data Scientist
B.Tech,Computer Science,8.99,"SQL, Java, Git, Python, JavaScript","Problem-Solving, Teamwork",Introvert,12+ LPA,Coursera - Python for Everybody,I like a mix of both,Visual,Yes,No,Software Developer
Diploma,Mechanical Engineering,8.04,"MATLAB, AutoCAD","Problem-Solving, Teamwork",Ambivert,8-12 LPA,Certified SOLIDWORKS Professional,I prefer working in a team,Kinesthetic,Yes,Yes,Mechanical Engineer
B.Com,Commerce,7.63,"SQL, Financial Modeling","Attention to Detail, Analytical Skills",Ambivert,4-8 LPA,No Certification,I prefer working alone,Read/Write,Maybe,Yes,Financial Analyst
MBA,Finance,7.55,"Tableau, Financial Modeling, MS Excel","Attention to Detail, Analytical Skills",Ambivert,4-8 LPA,No Certification,I prefer working alone,Read/Write,Maybe,Yes,Financial Analyst
B.Tech,Computer Science,9.76,"JavaScript, SQL, Git, Java","Teamwork, Problem-Solving",Ambivert,8-12 LPA,No Certification,I prefer working alone,Kinesthetic,Maybe,No,Software Developer
B.Com,Commerce,8.39,"Tableau, MS Excel, Financial Modeling","Attention to Detail, Analytical Skills",Ambivert,8-12 LPA,CFA,I prefer working alone,Read/Write,Maybe,Yes,Business Analyst
BBA,Marketing,7.93,"Google Analytics, SEO","Creativity, Leadership",Extrovert,12+ LPA,HubSpot Content Marketing,I prefer working in a team,Auditory,Maybe,No,Marketing Manager
B.Tech,Computer Science,8.54,"Java, Git","Teamwork, Problem-Solving",Ambivert,8-12 LPA,No Certification,I prefer working alone,Kinesthetic,Maybe,No,Software Developer
B.Tech,Computer Science,8.89,"Python, SQL, Git, JavaScript, Java","Teamwork, Problem-Solving",Introvert,12+ LPA,No Certification,I like a mix of both,Kinesthetic,Yes,No,Software Developer
MBA,Commerce,9.13,"SQL, MS Excel, Financial Modeling, Tableau","Attention to Detail, Analytical Skills",Extrovert,4-8 LPA,No Certification,I prefer working alone,Visual,No,No,Financial Analyst
B.Des,Graphic Design,8.49,"Figma, Sketch, Adobe XD","Problem-Solving, Creativity",Ambivert,12+ LPA,No Certification,I like a mix of both,Visual,No,No,UI/UX Designer
B.Tech,Computer Science,9.15,"SQL, JavaScript, Git, Java","Problem-Solving, Teamwork",Introvert,12+ LPA,No Certification,I prefer working alone,Visual,Maybe,No,Software Developer
B.Des,Graphic Design,8.67,"Figma, Adobe Illustrator, Adobe Photoshop","Creativity, Attention to Detail",Introvert,4-8 LPA,Adobe Certified Expert (ACE),I prefer working alone,Kinesthetic,No,Yes,UI/UX Designer
M.Tech,Computer Science,9.21,"NLP, PyTorch, TensorFlow, Computer Vision, Python","Critical Thinking, Research",Introvert,12+ LPA,Deep Learning Specialization,I prefer working alone,Read/Write,Yes,Yes,Data Scientist
MBA,Commerce,8.78,"Financial Modeling, MS Excel, SQL, Tableau","Analytical Skills, Attention to Detail",Ambivert,4-8 LPA,CFA,I prefer working alone,Visual,No,Yes,Financial Analyst
M.Tech,Computer Science,9.98,"TensorFlow, Python, Computer Vision, NLP","Critical Thinking, Research",Introvert,12+ LPA,TensorFlow Developer,I prefer working alone,Read/Write,Yes,Yes,AI Specialist
Diploma,Mechanical Engineering,7.46,"MATLAB, SolidWorks","Teamwork, Problem-Solving",Ambivert,4-8 LPA,Certified SOLIDWORKS Professional,I prefer working in a team,Kinesthetic,Maybe,Yes,Mechanical Engineer
MBA,Marketing,7.91,"Social Media Management, Digital Marketing","Communication, Creativity",Extrovert,8-12 LPA,HubSpot Content Marketing,I prefer working in a team,Visual,Maybe,No,Marketing Manager
M.Tech,Computer Science,9.23,"Python, SQL, Scikit-learn","Critical Thinking, Problem-Solving",Introvert,8-12 LPA,Google Data Analytics,I prefer working alone,Read/Write,Yes,No,Data Scientist
B.Des,Graphic Design,7.27,"Adobe Photoshop, Adobe Illustrator","Attention to Detail, Creativity",Introvert,Less than 4 LPA,No Certification,I prefer working alone,Kinesthetic,No,Yes,Graphic Designer
BBA,Marketing,7.28,"Social Media Management, Google Analytics, Digital Marketing, SEO","Communication, Leadership",Extrovert,12+ LPA,Google Digital Marketing,I prefer working in a team,Auditory,Yes,No,Social Media Manager
M.Tech,Data Science,9.8,"TensorFlow, Scikit-learn, SQL, Python, R","Problem-Solving, Critical Thinking",Ambivert,8-12 LPA,IBM Data Science,I prefer working alone,Read/Write,Yes,No,Data Scientist
B.Tech,Data Science,9.36,"R, TensorFlow","Problem-Solving, Critical Thinking",Ambivert,12+ LPA,Google Data Analytics,I prefer working alone,Read/Write,Yes,No,Data Scientist
M.Tech,Computer Science,9.1,"NLP, Computer Vision, PyTorch, TensorFlow, Python","Research, Critical Thinking",Introvert,12+ LPA,Deep Learning Specialization,I prefer working alone,Read/Write,Yes,Yes,AI Specialist
B.Tech,Human-Computer Interaction,7.96,"Sketch, Adobe XD, Figma, User Research","Empathy, Problem-Solving",Ambivert,8-12 LPA,Nielsen Norman Group UX Certification,I like a mix of both,Visual,Yes,No,UI/UX Designer
B.Com,Commerce,8.39,"Financial Modeling, MS Excel","Attention to Detail, Analytical Skills",Ambivert,8-12 LPA,No Certification,I prefer working alone,Read/Write,No,Yes,Financial Analyst
B.Tech,Computer Science,9.35,"R, Python, SQL, Scikit-learn, TensorFlow","Problem-Solving, Critical Thinking",Introvert,12+ LPA,Google Data Analytics,I prefer working alone,Read/Write,Yes,No,Data Scientist
Diploma,Mechanical Engineering,8.2,"AutoCAD, MATLAB","Problem-Solving, Teamwork",Ambivert,8-12 LPA,Certified SOLIDWORKS Professional,I prefer working in a team,Kinesthetic,Yes,Yes,Mechanical Engineer
B.Tech,Computer Science,8.53,"Java, Python, Git, JavaScript, SQL","Teamwork, Problem-Solving",Introvert,8-12 LPA,No Certification,I prefer working alone,Visual,Yes,No,Software Developer
BBA,Marketing,8.56,"Digital Marketing, SEO","Creativity, Communication",Extrovert,8-12 LPA,Google Digital Marketing,I prefer working in a team,Visual,Maybe,No,Marketing Manager
B.Tech,Graphic Design,8.52,"User Research, Adobe XD, Sketch, Figma","Problem-Solving, Creativity",Ambivert,12+ LPA,No Certification,I like a mix of both,Kinesthetic,No,No,UI/UX Designer
Diploma,Mechanical Engineering,7.2,"MATLAB, AutoCAD","Problem-Solving, Teamwork",Ambivert,8-12 LPA,No Certification,I prefer working in a team,Kinesthetic,Maybe,Yes,Mechanical Engineer
B.Tech,Human-Computer Interaction,7.66,"Sketch, Adobe XD, Figma","Problem-Solving, Creativity",Ambivert,12+ LPA,Nielsen Norman Group UX Certification,I like a mix of both,Kinesthetic,No,No,Graphic Designer
B.Tech,Mechanical Engineering,8.12,"AutoCAD, SolidWorks","Teamwork, Problem-Solving",Ambivert,8-12 LPA,Certified SOLIDWORKS Professional,I prefer working in a team,Kinesthetic,Yes,Yes,Mechanical Engineer
M.Tech,Computer Science,9.37,"TensorFlow, Python, Scikit-learn, SQL, R","Problem-Solving, Critical Thinking",Introvert,8-12 LPA,Google Data Analytics,I prefer working alone,Read/Write,Yes,Yes,Data Scientist
Diploma,Mechanical Engineering,8.73,"MATLAB, SolidWorks","Problem-Solving, Teamwork",Ambivert,4-8 LPA,No Certification,I prefer working in a team,Kinesthetic,Maybe,Yes,Civil Engineer
B.Tech,Data Science,8.54,"SQL, R, Scikit-learn","Critical Thinking, Problem-Solving",Introvert,12+ LPA,IBM Data Science,I prefer working alone,Visual,Yes,No,Data Scientist
M.Tech,Computer Science,9.09,"TensorFlow, Computer Vision","Research, Critical Thinking",Introvert,12+ LPA,TensorFlow Developer,I prefer working alone,Read/Write,Yes,Yes,AI Specialist
B.Tech,Mechanical Engineering,8.29,"MATLAB, SolidWorks, AutoCAD","Problem-Solving, Teamwork",Ambivert,4-8 LPA,Certified SOLIDWORKS Professional,I prefer working in a team,Kinesthetic,Yes,Yes,Mechanical Engineer
M.Tech,AI & ML,9.37,"TensorFlow, Python, Computer Vision, NLP, PyTorch","Research, Critical Thinking",Introvert,12+ LPA,Deep Learning Specialization,I prefer working alone,Read/Write,Yes,Yes,AI Specialist
B.Tech,Computer Science,9.08,"TensorFlow, Python, Scikit-learn, R, SQL","Problem-Solving, Critical Thinking",Introvert,8-12 LPA,IBM Data Science,I prefer working alone,Visual,Yes,No,Data Scientist
BBA,Business Administration,8.4,"Digital Marketing, Google Analytics","Creativity, Leadership",Extrovert,8-12 LPA,Google Digital Marketing,I prefer working in a team,Auditory,Maybe,No,Marketing Manager
B.Com,Commerce,9.0,"Financial Modeling, Tableau","Analytical Skills, Attention to Detail",Ambivert,4-8 LPA,CFA,I prefer working alone,Read/Write,No,No,Financial Analyst
MBA,Finance,7.92,"SQL, MS Excel","Analytical Skills, Attention to Detail",Extrovert,4-8 LPA,No Certification,I prefer working alone,Visual,Maybe,Yes,Financial Analyst
B.Com,Finance,7.99,"Financial Modeling, Tableau, SQL","Attention to Detail, Analytical Skills",Extrovert,8-12 LPA,No Certification,I prefer working alone,Read/Write,No,Yes,Financial Analyst
M.Tech,Computer Science,9.62,"NLP, TensorFlow, PyTorch, Python, Computer Vision","Critical Thinking, Research",Introvert,12+ LPA,TensorFlow Developer,I prefer working alone,Read/Write,Yes,Yes,Data Scientist
BBA,Marketing,8.24,"Digital Marketing, SEO, Google Analytics, Social Media Management","Creativity, Leadership",Extrovert,8-12 LPA,Google Digital Marketing,I prefer working in a team,Auditory,Maybe,No,Social Media Manager
B.A.,Fine Arts,8.7,"Adobe Illustrator, Figma, Adobe Photoshop","Creativity, Attention to Detail",Ambivert,Less than 4 LPA,No Certification,I prefer working alone,Kinesthetic,No,No,Graphic Designer
B.Des,Fine Arts,8.6,"Adobe Illustrator, Figma","Creativity, Attention to Detail",Introvert,4-8 LPA,Adobe Certified Expert (ACE),I like a mix of both,Kinesthetic,No,Yes,UI/UX Designer
B.Tech,Computer Science,8.17,"SQL, Python, Git","Teamwork, Problem-Solving",Ambivert,8-12 LPA,Coursera - Python for Everybody,I like a mix of both,Visual,Yes,No,Software Developer
B.Des,Human-Computer Interaction,7.65,"Sketch, Adobe XD, Figma, User Research","Creativity, Problem-Solving",Ambivert,12+ LPA,Nielsen Norman Group UX Certification,I like a mix of both,Visual,No,No,UI/UX Designer
B.Tech,Mechanical Engineering,8.5,"SolidWorks, MATLAB","Teamwork, Problem-Solving",Ambivert,4-8 LPA,No Certification,I prefer working in a team,Kinesthetic,Maybe,Yes,Mechanical Engineer
B.Tech,Data Science,8.71,"R, Scikit-learn, TensorFlow","Critical Thinking, Problem-Solving",Introvert,8-12 LPA,Google Data Analytics,I prefer working alone,Visual,Yes,No,Data Scientist
B.Tech,Mechanical Engineering,8.79,"SolidWorks, MATLAB, AutoCAD","Problem-Solving, Teamwork",Ambivert,4-8 LPA,Certified SOLIDWORKS Professional,I prefer working in a team,Kinesthetic,Maybe,Yes,Mechanical Engineer
B.Des,Fine Arts,7.02,"Adobe Illustrator, Adobe Photoshop","Creativity, Attention to Detail",Ambivert,4-8 LPA,Adobe Certified Expert (ACE),I prefer working alone,Visual,No,Yes,Graphic Designer
MBA,Marketing,7.71,"Social Media Management, SEO","Leadership, Communication",Extrovert,8-12 LPA,Google Digital Marketing,I prefer working in a team,Visual,Yes,No,Marketing Manager
B.Des,Graphic Design,7.44,"Adobe Illustrator, Adobe Photoshop, Figma","Attention to Detail, Creativity",Ambivert,Less than 4 LPA,No Certification,I prefer working alone,Kinesthetic,No,Yes,Graphic Designer
B.Tech,Mechanical Engineering,8.66,"MATLAB, SolidWorks, AutoCAD","Problem-Solving, Teamwork",Ambivert,4-8 LPA,No Certification,I prefer working in a team,Kinesthetic,Maybe,Yes,Mechanical Engineer
B.Des,Fine Arts,7.69,"Adobe Photoshop, Adobe Illustrator, Figma","Attention to Detail, Creativity",Introvert,4-8 LPA,Adobe Certified Expert (ACE),I prefer working alone,Visual,No,Yes,Graphic Designer
B.Des,Fine Arts,6.86,"Adobe Illustrator, Figma","Creativity, Attention to Detail",Introvert,Less than 4 LPA,No Certification,I like a mix of both,Visual,No,Yes,Graphic Designer
BBA,Marketing,8.95,"Digital Marketing, Google Analytics, SEO, Social Media Management","Creativity, Communication",Extrovert,12+ LPA,Google Digital Marketing,I prefer working in a team,Auditory,Maybe,No,Social Media Manager
M.Tech,Computer Science,8.83,"R, Python, TensorFlow, Scikit-learn, SQL","Problem-Solving, Critical Thinking",Introvert,12+ LPA,Google Data Analytics,I prefer working alone,Read/Write,Yes,No,Data Scientist
B.Tech,Computer Science,8.32,"JavaScript, SQL, Python, Java, Git","Teamwork, Problem-Solving",Introvert,8-12 LPA,Coursera - Python for Everybody,I prefer working alone,Kinesthetic,Yes,No,Data Scientist
BBA,Marketing,8.07,"Google Analytics, Digital Marketing, SEO","Communication, Leadership",Extrovert,12+ LPA,Google Digital Marketing,I prefer working in a team,Visual,Yes,No,Social Media Manager
B.Des,Graphic Design,8.51,"User Research, Figma, Adobe XD, Sketch","Problem-Solving, Empathy",Ambivert,12+ LPA,Nielsen Norman Group UX Certification,I like a mix of both,Kinesthetic,Yes,No,UI/UX Designer
B.Com,Commerce,8.96,"SQL, Financial Modeling, MS Excel","Analytical Skills, Attention to Detail",Extrovert,8-12 LPA,CFA,I prefer working alone,Visual,Maybe,Yes,Financial Analyst
MBA,Commerce,8.09,"SQL, Tableau, MS Excel","Attention to Detail, Analytical Skills",Ambivert,8-12 LPA,CFA,I prefer working alone,Read/Write,No,No,Financial Analyst
M.Tech,Computer Science,8.66,"SQL, Scikit-learn","Problem-Solving, Critical Thinking",Introvert,12+ LPA,Google Data Analytics,I prefer working alone,Read/Write,Yes,No,AI Specialist
MBA,Marketing,8.51,"Digital Marketing, Social Media Management, Google Analytics, SEO","Communication, Leadership",Extrovert,12+ LPA,Google Digital Marketing,I prefer working in a team,Visual,Maybe,No,Marketing Manager
MBA,Marketing,8.2,"Social Media Management, SEO, Google Analytics, Digital Marketing","Communication, Creativity",Extrovert,12+ LPA,Google Digital Marketing,I prefer working in a team,Auditory,Yes,No,Social Media Manager
MBA,Marketing,7.9,"SEO, Social Media Management, Google Analytics, Digital Marketing","Leadership, Communication",Extrovert,12+ LPA,Google Digital Marketing,I prefer working in a team,Auditory,Maybe,No,Marketing Manager
M.Tech,AI & ML,9.47,"Computer Vision, PyTorch, TensorFlow","Research, Critical Thinking",Introvert,12+ LPA,TensorFlow Developer,I prefer working alone,Read/Write,Yes,Yes,AI Specialist
Diploma,Mechanical Engineering,7.46,"MATLAB, AutoCAD, SolidWorks","Teamwork, Problem-Solving",Ambivert,8-12 LPA,No Certification,I prefer working in a team,Kinesthetic,Yes,Yes,Mechanical Engineer
B.Tech,Human-Computer Interaction,8.46,"Adobe XD, Figma, Sketch","Creativity, Problem-Solving",Ambivert,12+ LPA,Nielsen Norman Group UX Certification,I like a mix of both,Visual,No,No,Graphic Designer
B.Tech,Computer Science,8.47,"JavaScript, Python, Java, Git","Problem-Solving, Teamwork",Introvert,8-12 LPA,Coursera - Python for Everybody,I prefer working alone,Kinesthetic,Maybe,No,Software Developer
B.Tech,Data Science,9.64,"TensorFlow, SQL","Problem-Solving, Critical Thinking",Introvert,8-12 LPA,Google Data Analytics,I prefer working alone,Visual,Yes,Yes,Data Scientist
B.Tech,Computer Science,8.85,"SQL, Git, Java, JavaScript, Python","Teamwork, Problem-Solving",Introvert,8-12 LPA,Coursera - Python for Everybody,I prefer working alone,Visual,Maybe,No,Data Scientist
MBA,Marketing,7.72,"Social Media Management, Digital Marketing, Google Analytics","Creativity, Communication",Extrovert,12+ LPA,HubSpot Content Marketing,I prefer working in a team,Visual,Yes,No,Marketing Manager
B.Tech,Mechanical Engineering,8.59,"SolidWorks, MATLAB, AutoCAD","Teamwork, Problem-Solving",Ambivert,8-12 LPA,Certified SOLIDWORKS Professional,I prefer working in a team,Kinesthetic,Maybe,Yes,Mechanical Engineer
M.Tech,Computer Science,9.94,"Computer Vision, PyTorch","Research, Critical Thinking",Introvert,12+ LPA,TensorFlow Developer,I prefer working alone,Read/Write,Yes,Yes,AI Specialist
B.Com,Commerce,8.21,"MS Excel, SQL, Tableau","Attention to Detail, Analytical Skills",Extrovert,4-8 LPA,No Certification,I prefer working alone,Read/Write,No,No,Financial Analyst
B.Tech,Computer Science,9.09,"SQL, Java, Git, Python, JavaScript","Teamwork, Problem-Solving",Introvert,12+ LPA,No Certification,I prefer working alone,Visual,Maybe,No,Software Developer
B.Tech,Data Science,9.21,"Scikit-learn, SQL, R, TensorFlow, Python","Critical Thinking, Problem-Solving",Introvert,12+ LPA,IBM Data Science,I prefer working alone,Read/Write,Yes,No,Data Scientist
B.Des,Graphic Design,7.75,"Adobe Illustrator, Adobe Photoshop, Figma","Attention to Detail, Creativity",Ambivert,Less than 4 LPA,No Certification,I prefer working alone,Visual,No,No,UI/UX Designer
M.Tech,AI & ML,9.39,"PyTorch, Computer Vision, Python, TensorFlow, NLP","Research, Critical Thinking",Introvert,12+ LPA,TensorFlow Developer,I prefer working alone,Read/Write,Yes,Yes,Data Scientist
B.Tech,Computer Science,8.7,"Java, JavaScript, SQL, Python, Git","Teamwork, Problem-Solving",Ambivert,12+ LPA,Coursera - Python for Everybody,I like a mix of both,Kinesthetic,Yes,No,Software Developer
B.Tech,Mechanical Engineering,7.84,"SolidWorks, AutoCAD, MATLAB","Teamwork, Problem-Solving",Ambivert,4-8 LPA,No Certification,I prefer working in a team,Kinesthetic,Maybe,Yes,Mechanical Engineer
B.Tech,Computer Science,9.53,"SQL, Java, JavaScript, Python","Teamwork, Problem-Solving",Ambivert,8-12 LPA,No Certification,I like a mix of both,Kinesthetic,Yes,No,Data Scientist
B.A.,Fine Arts,7.27,"Adobe Photoshop, Adobe Illustrator","Creativity, Attention to Detail",Ambivert,4-8 LPA,No Certification,I prefer working alone,Kinesthetic,No,No,UI/UX Designer
MBA,Finance,9.06,"MS Excel, SQL, Financial Modeling, Tableau","Attention to Detail, Analytical Skills",Ambivert,8-12 LPA,CFA,I prefer working alone,Read/Write,No,No,Financial Analyst
M.Tech,Computer Science,9.08,"Python, TensorFlow","Critical Thinking, Problem-Solving",Introvert,8-12 LPA,IBM Data Science,I prefer working alone,Read/Write,Yes,No,Data Scientist
B.Des,Graphic Design,8.83,"Figma, Adobe XD, User Research","Problem-Solving, Creativity",Ambivert,12+ LPA,Nielsen Norman Group UX Certification,I like a mix of both,Visual,No,No,UI/UX Designer
B.Des,Graphic Design,8.88,"Sketch, User Research","Empathy, Problem-Solving",Ambivert,8-12 LPA,Nielsen Norman Group UX Certification,I like a mix of both,Kinesthetic,No,No,UI/UX Designer
BBA,Marketing,7.6,"Digital Marketing, Google Analytics, SEO, Social Media Management","Creativity, Leadership",Extrovert,8-12 LPA,HubSpot Content Marketing,I prefer working in a team,Auditory,Maybe,No,Marketing Manager
Diploma,Mechanical Engineering,8.37,"MATLAB, AutoCAD","Problem-Solving, Teamwork",Ambivert,8-12 LPA,Certified SOLIDWORKS Professional,I prefer working in a team,Kinesthetic,Maybe,Yes,Mechanical Engineer
BBA,Marketing,7.18,"SEO, Digital Marketing, Google Analytics","Leadership, Creativity",Extrovert,12+ LPA,HubSpot Content Marketing,I prefer working in a team,Visual,Yes,No,Marketing Manager
MBA,Commerce,8.26,"Financial Modeling, SQL, MS Excel","Analytical Skills, Attention to Detail",Ambivert,4-8 LPA,No Certification,I prefer working alone,Read/Write,No,No,Financial Analyst
B.Com,Commerce,8.88,"Financial Modeling, MS Excel, Tableau","Analytical Skills, Attention to Detail",Extrovert,8-12 LPA,CFA,I prefer working alone,Read/Write,No,No,Financial Analyst
M.Tech,AI & ML,8.8,"NLP, TensorFlow, Computer Vision, Python, PyTorch","Critical Thinking, Research",Introvert,12+ LPA,Deep Learning Specialization,I prefer working alone,Read/Write,Yes,Yes,AI Specialist
MBA,Business Administration,8.24,"SEO, Social Media Management, Digital Marketing","Communication, Creativity",Extrovert,8-12 LPA,Google Digital Marketing,I prefer working in a team,Auditory,Maybe,No,Marketing Manager
B.A.,Graphic Design,8.15,"Adobe Photoshop, Figma, Adobe Illustrator","Attention to Detail, Creativity",Ambivert,Less than 4 LPA,Adobe Certified Expert (ACE),I like a mix of both,Kinesthetic,No,Yes,UI/UX Designer
B.A.,Fine Arts,8.51,"Adobe Illustrator, Figma","Creativity, Attention to Detail",Introvert,4-8 LPA,Adobe Certified Expert (ACE),I like a mix of both,Kinesthetic,No,Yes,Graphic Designer
B.Tech,Computer Science,9.65,"TensorFlow, Scikit-learn, SQL, R","Problem-Solving, Critical Thinking",Ambivert,8-12 LPA,IBM Data Science,I prefer working alone,Visual,Yes,Yes,Data Scientist
B.Tech,Computer Science,9.39,"JavaScript, Git","Teamwork, Problem-Solving",Introvert,12+ LPA,Coursera - Python for Everybody,I prefer working alone,Visual,Yes,No,Software Developer
B.Des,Fine Arts,8.52,"Figma, Adobe Illustrator, Adobe Photoshop","Creativity, Attention to Detail",Ambivert,Less than 4 LPA,No Certification,I prefer working alone,Kinesthetic,No,No,Graphic Designer
B.Tech,Mechanical Engineering,8.75,"SolidWorks, AutoCAD","Problem-Solving, Teamwork",Ambivert,8-12 LPA,Certified SOLIDWORKS Professional,I prefer working in a team,Kinesthetic,Maybe,Yes,Mechanical Engineer
B.Com,Commerce,8.98,"Tableau, Financial Modeling","Attention to Detail, Analytical Skills",Extrovert,8-12 LPA,CFA,I prefer working alone,Read/Write,No,Yes,Financial Analyst
B.Tech,Mechanical Engineering,7.71,"SolidWorks, MATLAB","Problem-Solving, Teamwork",Ambivert,4-8 LPA,No Certification,I prefer working in a team,Kinesthetic,Maybe,Yes,Mechanical Engineer
B.Tech,Computer Science,8.85,"SQL, Git","Problem-Solving, Teamwork",Introvert,12+ LPA,No Certification,I like a mix of both,Visual,Yes,No,Software Developer
M.Tech,Computer Science,9.53,"Python, Computer Vision, NLP, TensorFlow, PyTorch","Critical Thinking, Research",Introvert,12+ LPA,Deep Learning Specialization,I prefer working alone,Read/Write,Yes,Yes,AI Specialist
B.Tech,Computer Science,8.75,"JavaScript, SQL, Java, Python","Problem-Solving, Teamwork",Introvert,12+ LPA,No Certification,I prefer working alone,Kinesthetic,Maybe,No,Software Developer
B.Des,Graphic Design,8.36,"Figma, User Research, Adobe XD","Problem-Solving, Creativity",Ambivert,8-12 LPA,No Certification,I like a mix of both,Kinesthetic,Yes,No,UI/UX Designer
Diploma,Mechanical Engineering,8.7,"SolidWorks, MATLAB","Teamwork, Problem-Solving",Ambivert,4-8 LPA,Certified SOLIDWORKS Professional,I prefer working in a team,Kinesthetic,Maybe,Yes,Civil Engineer
B.Des,Fine Arts,8.34,"Adobe Photoshop, Adobe Illustrator","Creativity, Attention to Detail",Introvert,4-8 LPA,Adobe Certified Expert (ACE),I like a mix of both,Visual,No,Yes,Graphic Designer
B.Tech,Graphic Design,7.88,"Sketch, User Research","Creativity, Empathy",Ambivert,8-12 LPA,Nielsen Norman Group UX Certification,I like a mix of both,Kinesthetic,No,No,UI/UX Designer
B.Tech,Computer Science,8.32,"Git, JavaScript, SQL, Java","Problem-Solving, Teamwork",Introvert,8-12 LPA,No Certification,I like a mix of both,Visual,Maybe,No,Software Developer
B.Des,Fine Arts,8.56,"Adobe Photoshop, Figma, Adobe Illustrator","Attention to Detail, Creativity",Ambivert,Less than 4 LPA,Adobe Certified Expert (ACE),I like a mix of both,Kinesthetic,No,No,Graphic Designer
B.Tech,Computer Science,8.58,"Scikit-learn, SQL, TensorFlow","Critical Thinking, Problem-Solving",Introvert,12+ LPA,Google Data Analytics,I prefer working alone,Read/Write,Yes,No,AI Specialist
B.A.,Fine Arts,8.56,"Figma, Adobe Illustrator, Adobe Photoshop","Creativity, Attention to Detail",Ambivert,Less than 4 LPA,Adobe Certified Expert (ACE),I prefer working alone,Visual,No,No,UI/UX Designer
B.Tech,Graphic Design,7.8,"Adobe XD, Sketch, Figma, User Research","Creativity, Empathy",Ambivert,8-12 LPA,No Certification,I like a mix of both,Visual,No,No,UI/UX Designer
MBA,Commerce,9.17,"Financial Modeling, MS Excel, Tableau, SQL","Attention to Detail, Analytical Skills",Extrovert,8-12 LPA,No Certification,I prefer working alone,Read/Write,Maybe,No,Financial Analyst
B.Tech,Computer Science,8.86,"Java, Git, SQL","Teamwork, Problem-Solving",Introvert,8-12 LPA,Coursera - Python for Everybody,I prefer working alone,Kinesthetic,Yes,No,Software Developer
MBA,Business Administration,7.65,"Social Media Management, Google Analytics, Digital Marketing, SEO","Leadership, Creativity",Extrovert,12+ LPA,Google Digital Marketing,I prefer working in a team,Auditory,Maybe,No,Marketing Manager
B.Des,Fine Arts,7.37,"Adobe Photoshop, Figma, Adobe Illustrator","Attention to Detail, Creativity",Ambivert,4-8 LPA,Adobe Certified Expert (ACE),I prefer working alone,Kinesthetic,No,No,Graphic Designer
M.Tech,AI & ML,8.82,"PyTorch, NLP, Python, Computer Vision, TensorFlow","Research, Critical Thinking",Introvert,12+ LPA,Deep Learning Specialization,I prefer working alone,Read/Write,Yes,Yes,AI Specialist
M.Tech,AI & ML,8.96,"PyTorch, Computer Vision","Critical Thinking, Research",Introvert,12+ LPA,Deep Learning Specialization,I prefer working alone,Read/Write,Yes,Yes,AI Specialist
BBA,Business Administration,7.4,"SEO, Digital Marketing","Communication, Leadership",Extrovert,12+ LPA,Google Digital Marketing,I prefer working in a team,Visual,Yes,No,Marketing Manager
B.Tech,Computer Science,9.07,"SQL, JavaScript","Problem-Solving, Teamwork",Ambivert,8-12 LPA,Coursera - Python for Everybody,I prefer working alone,Kinesthetic,Maybe,No,Software Developer
B.Tech,Computer Science,8.55,"Java, Python, JavaScript","Problem-Solving, Teamwork",Introvert,8-12 LPA,No Certification,I like a mix of both,Kinesthetic,Yes,No,Software Developer
M.Tech,Computer Science,9.43,"TensorFlow, PyTorch","Research, Critical Thinking",Introvert,12+ LPA,Deep Learning Specialization,I prefer working alone,Read/Write,Yes,Yes,AI Specialist
B.Com,Finance,8.67,"MS Excel, Tableau, SQL","Analytical Skills, Attention to Detail",Ambivert,4-8 LPA,CFA,I prefer working alone,Visual,No,Yes,Financial Analyst
Diploma,Mechanical Engineering,8.91,"SolidWorks, AutoCAD","Problem-Solving, Teamwork",Ambivert,4-8 LPA,Certified SOLIDWORKS Professional,I prefer working in a team,Kinesthetic,Yes,Yes,Mechanical Engineer
B.Tech,Computer Science,8.88,"Java, Python, Git, JavaScript","Teamwork, Problem-Solving",Ambivert,12+ LPA,Coursera - Python for Everybody,I prefer working alone,Kinesthetic,Maybe,No,Software Developer
MBA,Commerce,9.04,"MS Excel, SQL, Tableau, Financial Modeling","Analytical Skills, Attention to Detail",Extrovert,8-12 LPA,CFA,I prefer working alone,Visual,No,Yes,Business Analyst
M.Tech,Computer Science,9.54,"NLP, Computer Vision, Python, TensorFlow, PyTorch","Research, Critical Thinking",Introvert,12+ LPA,TensorFlow Developer,I prefer working alone,Read/Write,Yes,Yes,AI Specialist
B.Tech,Computer Science,9.33,"TensorFlow, SQL, R, Scikit-learn","Critical Thinking, Problem-Solving",Introvert,12+ LPA,Google Data Analytics,I prefer working alone,Read/Write,Yes,Yes,Data Scientist
MBA,Commerce,8.86,"MS Excel, Tableau, SQL","Analytical Skills, Attention to Detail",Extrovert,4-8 LPA,No Certification,I prefer working alone,Read/Write,No,No,Financial Analyst
B.Tech,Data Science,8.53,"SQL, R, Scikit-learn, Python","Critical Thinking, Problem-Solving",Introvert,12+ LPA,Google Data Analytics,I prefer working alone,Read/Write,Yes,No,Data Scientist
MBA,Marketing,7.84,"SEO, Google Analytics, Digital Marketing, Social Media Management","Creativity, Leadership",Extrovert,12+ LPA,HubSpot Content Marketing,I prefer working in a team,Visual,Maybe,No,Marketing Manager
B.Tech,Computer Science,8.49,"Python, Java, SQL, JavaScript","Problem-Solving, Teamwork",Ambivert,8-12 LPA,No Certification,I prefer working alone,Kinesthetic,Maybe,No,Software Developer
B.Tech,Data Science,9.46,"SQL, Scikit-learn","Critical Thinking, Problem-Solving",Introvert,8-12 LPA,Google Data Analytics,I prefer working alone,Read/Write,Yes,Yes,Data Scientist
M.Tech,Data Science,9.43,"R, Python, Scikit-learn","Problem-Solving, Critical Thinking",Introvert,8-12 LPA,IBM Data Science,I prefer working alone,Visual,Yes,No,Data Scientist
B.Tech,Computer Science,8.84,"Python, Git","Problem-Solving, Teamwork",Ambivert,8-12 LPA,Coursera - Python for Everybody,I like a mix of both,Kinesthetic,Yes,No,Software Developer
B.Tech,Mechanical Engineering,7.97,"AutoCAD, SolidWorks, MATLAB","Problem-Solving, Teamwork",Ambivert,8-12 LPA,No Certification,I prefer working in a team,Kinesthetic,Yes,Yes,Civil Engineer
M.Tech,Computer Science,9.01,"R, Python, Scikit-learn","Problem-Solving, Critical Thinking",Introvert,8-12 LPA,Google Data Analytics,I prefer working alone,Read/Write,Yes,Yes,AI Specialist
B.A.,Graphic Design,8.89,"Figma, Adobe Photoshop, Adobe Illustrator","Attention to Detail, Creativity",Ambivert,Less than 4 LPA,Adobe Certified Expert (ACE),I prefer working alone,Kinesthetic,No,No,Graphic Designer
B.Tech,Computer Science,9.01,"Git, Java, Python","Problem-Solving, Teamwork",Introvert,12+ LPA,No Certification,I like a mix of both,Kinesthetic,Maybe,No,Data Scientist
B.Tech,Computer Science,9.32,"SQL, Python","Problem-Solving, Critical Thinking",Ambivert,12+ LPA,Google Data Analytics,I prefer working alone,Visual,Yes,No,Data Scientist
B.Tech,Data Science,8.76,"Python, SQL, R","Problem-Solving, Critical Thinking",Introvert,12+ LPA,IBM Data Science,I prefer working alone,Visual,Yes,Yes,Data Scientist
M.Tech,Computer Science,9.43,"Python, R","Problem-Solving, Critical Thinking",Ambivert,8-12 LPA,Google Data Analytics,I prefer working alone,Visual,Yes,Yes,Data Scientist
M.Tech,Computer Science,9.86,"TensorFlow, PyTorch, NLP, Python","Critical Thinking, Research",Introvert,12+ LPA,Deep Learning Specialization,I prefer working alone,Read/Write,Yes,Yes,AI Specialist
B.A.,Graphic Design,7.41,"Adobe Illustrator, Figma, Adobe Photoshop","Creativity, Attention to Detail",Introvert,Less than 4 LPA,No Certification,I prefer working alone,Visual,No,Yes,Graphic Designer
B.Des,Fine Arts,8.28,"Adobe Photoshop, Figma","Creativity, Attention to Detail",Introvert,4-8 LPA,Adobe Certified Expert (ACE),I prefer working alone,Visual,No,No,Graphic Designer
B.Tech,Data Science,9.14,"Python, R, TensorFlow, Scikit-learn, SQL","Critical Thinking, Problem-Solving",Ambivert,8-12 LPA,IBM Data Science,I prefer working alone,Visual,Yes,Yes,Data Scientist
B.Des,Graphic Design,8.6,"Adobe Photoshop, Adobe Illustrator","Attention to Detail, Creativity",Introvert,Less than 4 LPA,No Certification,I prefer working alone,Kinesthetic,No,No,UI/UX Designer
B.Des,Graphic Design,8.11,"Adobe Photoshop, Figma","Attention to Detail, Creativity",Ambivert,Less than 4 LPA,Adobe Certified Expert (ACE),I like a mix of both,Kinesthetic,No,No,Graphic Designer
B.Tech,Computer Science,9.12,"SQL, JavaScript, Git","Teamwork, Problem-Solving",Ambivert,8-12 LPA,No Certification,I prefer working alone,Kinesthetic,Yes,No,Software Developer
B.Tech,Computer Science,9.64,"Java, JavaScript","Problem-Solving, Teamwork",Introvert,8-12 LPA,No Certification,I like a mix of both,Kinesthetic,Maybe,No,Software Developer
B.A.,Graphic Design,7.6,"Adobe Illustrator, Figma","Attention to Detail, Creativity",Ambivert,Less than 4 LPA,Adobe Certified Expert (ACE),I like a mix of both,Kinesthetic,No,Yes,Graphic Designer
B.Com,Commerce,8.16,"MS Excel, Financial Modeling","Attention to Detail, Analytical Skills",Ambivert,4-8 LPA,CFA,I prefer working alone,Read/Write,No,No,Financial Analyst
Diploma,Mechanical Engineering,7.1,"SolidWorks, MATLAB, AutoCAD","Teamwork, Problem-Solving",Ambivert,8-12 LPA,No Certification,I prefer working in a team,Kinesthetic,Yes,Yes,Civil Engineer
B.Des,Graphic Design,7.2,"Adobe Illustrator, Adobe Photoshop","Creativity, Attention to Detail",Introvert,Less than 4 LPA,No Certification,I like a mix of both,Kinesthetic,No,No,Graphic Designer
B.Des,Fine Arts,7.26,"Figma, Adobe Illustrator","Attention to Detail, Creativity",Ambivert,4-8 LPA,Adobe Certified Expert (ACE),I prefer working alone,Visual,No,Yes,Graphic Designer
MBA,Business Administration,8.67,"Digital Marketing, Social Media Management, Google Analytics","Creativity, Communication",Extrovert,12+ LPA,Google Digital Marketing,I prefer working in a team,Auditory,Yes,No,Marketing Manager
B.Tech,Graphic Design,8.63,"Figma, Adobe XD","Creativity, Problem-Solving",Ambivert,12+ LPA,No Certification,I like a mix of both,Kinesthetic,Yes,No,UI/UX Designer
B.Tech,Mechanical Engineering,8.13,"AutoCAD, MATLAB","Problem-Solving, Teamwork",Ambivert,8-12 LPA,No Certification,I prefer working in a team,Kinesthetic,Yes,Yes,Civil Engineer
B.A.,Fine Arts,8.82,"Adobe Photoshop, Adobe Illustrator, Figma","Attention to Detail, Creativity",Introvert,4-8 LPA,Adobe Certified Expert (ACE),I like a mix of both,Kinesthetic,No,Yes,Graphic Designer
BBA,Business Administration,7.47,"Social Media Management, Google Analytics, SEO","Communication, Creativity",Extrovert,8-12 LPA,Google Digital Marketing,I prefer working in a team,Auditory,Yes,No,Social Media Manager
B.Des,Graphic Design,7.66,"User Research, Figma, Sketch","Creativity, Problem-Solving",Ambivert,12+ LPA,No Certification,I like a mix of both,Kinesthetic,No,No,Graphic Designer
B.Tech,Mechanical Engineering,7.24,"AutoCAD, SolidWorks, MATLAB","Problem-Solving, Teamwork",Ambivert,4-8 LPA,No Certification,I prefer working in a team,Kinesthetic,Maybe,Yes,Civil Engineer
B.Tech,Computer Science,9.15,"Scikit-learn, TensorFlow, SQL, Python, R","Problem-Solving, Critical Thinking",Ambivert,8-12 LPA,Google Data Analytics,I prefer working alone,Visual,Yes,No,AI Specialist
M.Tech,Computer Science,9.49,"Python, R","Problem-Solving, Critical Thinking",Introvert,12+ LPA,IBM Data Science,I prefer working alone,Read/Write,Yes,Yes,Data Scientist
Diploma,Mechanical Engineering,8.82,"MATLAB, AutoCAD","Teamwork, Problem-Solving",Ambivert,4-8 LPA,No Certification,I prefer working in a team,Kinesthetic,Maybe,Yes,Civil Engineer
M.Tech,Computer Science,9.42,"TensorFlow, Python, Computer Vision, NLP, PyTorch","Critical Thinking, Research",Introvert,12+ LPA,Deep Learning Specialization,I prefer working alone,Read/Write,Yes,Yes,AI Specialist
M.Tech,Computer Science,9.16,"PyTorch, TensorFlow, Python, NLP","Critical Thinking, Research",Introvert,12+ LPA,TensorFlow Developer,I prefer working alone,Read/Write,Yes,Yes,AI Specialist
M.Tech,Computer Science,8.89,"Scikit-learn, R, Python, TensorFlow","Critical Thinking, Problem-Solving",Introvert,8-12 LPA,Google Data Analytics,I prefer working alone,Read/Write,Yes,Yes,Data Scientist
B.Des,Fine Arts,8.77,"Adobe Illustrator, Figma","Attention to Detail, Creativity",Introvert,Less than 4 LPA,Adobe Certified Expert (ACE),I prefer working alone,Visual,No,No,Graphic Designer
B.Des,Graphic Design,7.52,"Adobe Photoshop, Figma","Creativity, Attention to Detail",Introvert,4-8 LPA,No Certification,I prefer working alone,Kinesthetic,No,No,Graphic Designer
M.Tech,Computer Science,9.54,"Python, TensorFlow, Computer Vision, PyTorch, NLP","Critical Thinking, Research",Introvert,12+ LPA,TensorFlow Developer,I prefer working alone,Read/Write,Yes,Yes,AI Specialist
B.Tech,Mechanical Engineering,7.06,"SolidWorks, AutoCAD, MATLAB","Teamwork, Problem-Solving",Ambivert,4-8 LPA,No Certification,I prefer working in a team,Kinesthetic,Maybe,Yes,Mechanical Engineer
B.Tech,Data Science,8.65,"SQL, TensorFlow, Scikit-learn","Critical Thinking, Problem-Solving",Ambivert,12+ LPA,IBM Data Science,I prefer working alone,Read/Write,Yes,Yes,Data Scientist
MBA,Finance,8.84,"SQL, Tableau, MS Excel, Financial Modeling","Analytical Skills, Attention to Detail",Ambivert,4-8 LPA,CFA,I prefer working alone,Read/Write,Maybe,No,Business Analyst
M.Tech,Computer Science,9.01,"TensorFlow, PyTorch","Research, Critical Thinking",Introvert,12+ LPA,Deep Learning Specialization,I prefer working alone,Read/Write,Yes,Yes,AI Specialist
B.Des,Human-Computer Interaction,7.53,"Adobe XD, Sketch, User Research, Figma","Creativity, Empathy",Ambivert,8-12 LPA,No Certification,I like a mix of both,Kinesthetic,Yes,No,UI/UX Designer
B.Tech,Mechanical Engineering,8.28,"MATLAB, SolidWorks, AutoCAD","Teamwork, Problem-Solving",Ambivert,4-8 LPA,Certified SOLIDWORKS Professional,I prefer working in a team,Kinesthetic,Yes,Yes,Mechanical Engineer
B.Tech,Graphic Design,8.05,"User Research, Sketch","Creativity, Empathy",Ambivert,8-12 LPA,No Certification,I like a mix of both,Kinesthetic,Yes,No,UI/UX Designer
B.Tech,Data Science,8.6,"R, Scikit-learn, Python, SQL","Problem-Solving, Critical Thinking",Introvert,8-12 LPA,IBM Data Science,I prefer working alone,Read/Write,Yes,Yes,Data Scientist
Diploma,Mechanical Engineering,7.93,"AutoCAD, SolidWorks","Teamwork, Problem-Solving",Ambivert,8-12 LPA,No Certification,I prefer working in a team,Kinesthetic,Maybe,Yes,Mechanical Engineer
B.Tech,Mechanical Engineering,7.66,"SolidWorks, AutoCAD","Teamwork, Problem-Solving",Ambivert,4-8 LPA,Certified SOLIDWORKS Professional,I prefer working in a team,Kinesthetic,Maybe,Yes,Mechanical Engineer
B.Tech,Data Science,9.27,"TensorFlow, Scikit-learn, SQL","Critical Thinking, Problem-Solving",Ambivert,12+ LPA,Google Data Analytics,I prefer working alone,Visual,Yes,No,Data Scientist
Diploma,Mechanical Engineering,7.86,"MATLAB, SolidWorks","Teamwork, Problem-Solving",Ambivert,4-8 LPA,Certified SOLIDWORKS Professional,I prefer working in a team,Kinesthetic,Yes,Yes,Mechanical Engineer
B.Des,Graphic Design,7.08,"Figma, Adobe Illustrator, Adobe Photoshop","Creativity, Attention to Detail",Ambivert,4-8 LPA,Adobe Certified Expert (ACE),I prefer working alone,Visual,No,No,Graphic Designer
Diploma,Mechanical Engineering,7.13,"MATLAB, AutoCAD, SolidWorks","Teamwork, Problem-Solving",Ambivert,4-8 LPA,Certified SOLIDWORKS Professional,I prefer working in a team,Kinesthetic,Maybe,Yes,Civil Engineer
M.Tech,Data Science,8.93,"R, SQL, TensorFlow","Problem-Solving, Critical Thinking",Introvert,8-12 LPA,Google Data Analytics,I prefer working alone,Read/Write,Yes,No,Data Scientist
B.Tech,Graphic Design,8.39,"Sketch, User Research","Empathy, Problem-Solving",Ambivert,8-12 LPA,No Certification,I like a mix of both,Kinesthetic,Yes,No,UI/UX Designer
B.Tech,Mechanical Engineering,8.26,"AutoCAD, SolidWorks","Problem-Solving, Teamwork",Ambivert,4-8 LPA,No Certification,I prefer working in a team,Kinesthetic,Yes,Yes,Mechanical Engineer
MBA,Business Administration,8.99,"Google Analytics, SEO","Creativity, Communication",Extrovert,12+ LPA,Google Digital Marketing,I prefer working in a team,Auditory,Yes,No,Marketing Manager
M.Tech,Data Science,9.26,"SQL, Python","Critical Thinking, Problem-Solving",Introvert,12+ LPA,Google Data Analytics,I prefer working alone,Read/Write,Yes,Yes,Data Scientist
M.Tech,Computer Science,9.04,"TensorFlow, PyTorch, NLP, Python, Computer Vision","Critical Thinking, Research",Introvert,12+ LPA,TensorFlow Developer,I prefer working alone,Read/Write,Yes,Yes,AI Specialist
MBA,Marketing,8.15,"Google Analytics, Digital Marketing, Social Media Management, SEO","Communication, Leadership",Extrovert,8-12 LPA,Google Digital Marketing,I prefer working in a team,Auditory,Maybe,No,Marketing Manager
B.Des,Human-Computer Interaction,7.69,"Adobe XD, Figma","Empathy, Problem-Solving",Ambivert,8-12 LPA,Nielsen Norman Group UX Certification,I like a mix of both,Kinesthetic,Yes,No,UI/UX Designer
M.Tech,Computer Science,9.96,"PyTorch, Python, NLP, Computer Vision, TensorFlow","Critical Thinking, Research",Introvert,12+ LPA,TensorFlow Developer,I prefer working alone,Read/Write,Yes,Yes,Data Scientist
M.Tech,AI & ML,9.6,"TensorFlow, Computer Vision, Python, NLP","Critical Thinking, Research",Introvert,12+ LPA,Deep Learning Specialization,I prefer working alone,Read/Write,Yes,Yes,AI Specialist
M.Tech,Computer Science,9.62,"Python, NLP, Computer Vision","Critical Thinking, Research",Introvert,12+ LPA,Deep Learning Specialization,I prefer working alone,Read/Write,Yes,Yes,AI Specialist
B.Tech,Mechanical Engineering,8.5,"AutoCAD, SolidWorks","Teamwork, Problem-Solving",Ambivert,4-8 LPA,Certified SOLIDWORKS Professional,I prefer working in a team,Kinesthetic,Yes,Yes,Mechanical Engineer
B.A.,Fine Arts,6.99,"Adobe Photoshop, Figma","Attention to Detail, Creativity",Ambivert,4-8 LPA,No Certification,I like a mix of both,Visual,No,No,UI/UX Designer
B.Des,Human-Computer Interaction,9.25,"Figma, Adobe XD","Creativity, Empathy",Ambivert,12+ LPA,Nielsen Norman Group UX Certification,I like a mix of both,Kinesthetic,Yes,No,UI/UX Designer
BBA,Marketing,7.67,"Digital Marketing, Social Media Management","Communication, Creativity",Extrovert,12+ LPA,HubSpot Content Marketing,I prefer working in a team,Visual,Yes,No,Marketing Manager
B.Tech,Mechanical Engineering,8.16,"SolidWorks, AutoCAD","Problem-Solving, Teamwork",Ambivert,8-12 LPA,No Certification,I prefer working in a team,Kinesthetic,Yes,Yes,Mechanical Engineer
B.Tech,Computer Science,8.22,"SQL, JavaScript, Git","Problem-Solving, Teamwork",Ambivert,8-12 LPA,No Certification,I like a mix of both,Visual,Maybe,No,Software Developer
B.Tech,Data Science,9.27,"TensorFlow, Scikit-learn","Critical Thinking, Problem-Solving",Ambivert,8-12 LPA,Google Data Analytics,I prefer working alone,Visual,Yes,No,Data Scientist
M.Tech,AI & ML,9.37,"Computer Vision, TensorFlow, Python, PyTorch, NLP","Research, Critical Thinking",Introvert,12+ LPA,TensorFlow Developer,I prefer working alone,Read/Write,Yes,Yes,AI Specialist
B.Des,Fine Arts,7.14,"Figma, Adobe Photoshop, Adobe Illustrator","Attention to Detail, Creativity",Introvert,4-8 LPA,Adobe Certified Expert (ACE),I like a mix of both,Kinesthetic,No,Yes,Graphic Designer
B.Tech,Data Science,8.73,"R, TensorFlow, Python","Problem-Solving, Critical Thinking",Introvert,12+ LPA,IBM Data Science,I prefer working alone,Visual,Yes,No,Data Scientist
B.Des,Graphic Design,8.74,"Adobe Illustrator, Adobe Photoshop","Attention to Detail, Creativity",Introvert,Less than 4 LPA,Adobe Certified Expert (ACE),I prefer working alone,Kinesthetic,No,No,Graphic Designer
B.Des,Graphic Design,8.18,"Figma, Sketch, Adobe XD","Empathy, Problem-Solving",Ambivert,12+ LPA,No Certification,I like a mix of both,Kinesthetic,No,No,UI/UX Designer
B.Tech,Mechanical Engineering,7.23,"AutoCAD, SolidWorks, MATLAB","Teamwork, Problem-Solving",Ambivert,8-12 LPA,Certified SOLIDWORKS Professional,I prefer working in a team,Kinesthetic,Maybe,Yes,Mechanical Engineer
B.Com,Finance,8.46,"Financial Modeling, Tableau, MS Excel","Attention to Detail, Analytical Skills",Extrovert,8-12 LPA,No Certification,I prefer working alone,Visual,Maybe,Yes,Financial Analyst
B.Tech,Mechanical Engineering,8.01,"SolidWorks, MATLAB","Problem-Solving, Teamwork",Ambivert,8-12 LPA,No Certification,I prefer working in a team,Kinesthetic,Maybe,Yes,Mechanical Engineer
MBA,Business Administration,8.66,"Digital Marketing, Google Analytics","Creativity, Communication",Extrovert,8-12 LPA,Google Digital Marketing,I prefer working in a team,Visual,Maybe,No,Social Media Manager
MBA,Finance,8.54,"SQL, Tableau, Financial Modeling","Analytical Skills, Attention to Detail",Extrovert,8-12 LPA,No Certification,I prefer working alone,Visual,No,No,Financial Analyst
B.Com,Finance,7.75,"MS Excel, SQL, Financial Modeling, Tableau","Analytical Skills, Attention to Detail",Extrovert,4-8 LPA,CFA,I prefer working alone,Visual,Maybe,Yes,Financial Analyst
M.Tech,Computer Science,9.97,"TensorFlow, PyTorch, Computer Vision, NLP, Python","Critical Thinking, Research",Introvert,12+ LPA,TensorFlow Developer,I prefer working alone,Read/Write,Yes,Yes,AI Specialist
B.A.,Fine Arts,7.82,"Adobe Photoshop, Figma","Attention to Detail, Creativity",Introvert,4-8 LPA,No Certification,I prefer working alone,Visual,No,No,Graphic Designer
M.Tech,Computer Science,9.31,"Scikit-learn, TensorFlow, SQL, Python, R","Critical Thinking, Problem-Solving",Introvert,8-12 LPA,Google Data Analytics,I prefer working alone,Read/Write,Yes,Yes,Data Scientist
MBA,Marketing,7.08,"Digital Marketing, Social Media Management, Google Analytics, SEO","Leadership, Creativity",Extrovert,8-12 LPA,Google Digital Marketing,I prefer working in a team,Auditory,Maybe,No,Marketing Manager
BBA,Business Administration,7.8,"Digital Marketing, Google Analytics","Communication, Creativity",Extrovert,8-12 LPA,HubSpot Content Marketing,I prefer working in a team,Visual,Maybe,No,Marketing Manager
M.Tech,Computer Science,9.97,"PyTorch, NLP, TensorFlow, Python","Critical Thinking, Research",Introvert,12+ LPA,Deep Learning Specialization,I prefer working alone,Read/Write,Yes,Yes,Data Scientist
B.Tech,Computer Science,8.56,"Python, TensorFlow, R, Scikit-learn, SQL","Critical Thinking, Problem-Solving",Introvert,8-12 LPA,Google Data Analytics,I prefer working alone,Visual,Yes,No,Data Scientist
MBA,Finance,8.78,"Financial Modeling, MS Excel, SQL, Tableau","Analytical Skills, Attention to Detail",Ambivert,4-8 LPA,No Certification,I prefer working alone,Read/Write,No,Yes,Financial Analyst
Diploma,Mechanical Engineering,7.02,"AutoCAD, MATLAB","Problem-Solving, Teamwork",Ambivert,4-8 LPA,No Certification,I prefer working in a team,Kinesthetic,Maybe,Yes,Mechanical Engineer
B.Com,Commerce,7.91,"Tableau, SQL","Analytical Skills, Attention to Detail",Ambivert,8-12 LPA,No Certification,I prefer working alone,Read/Write,No,No,Financial Analyst
M.Tech,Computer Science,9.28,"TensorFlow, NLP, Python, Computer Vision","Critical Thinking, Research",Introvert,12+ LPA,TensorFlow Developer,I prefer working alone,Read/Write,Yes,Yes,AI Specialist
MBA,Business Administration,8.22,"Social Media Management, SEO, Digital Marketing","Communication, Leadership",Extrovert,12+ LPA,HubSpot Content Marketing,I prefer working in a team,Visual,Maybe,No,Marketing Manager
B.A.,Fine Arts,6.67,"Figma, Adobe Photoshop","Creativity, Attention to Detail",Introvert,Less than 4 LPA,No Certification,I prefer working alone,Kinesthetic,No,No,UI/UX Designer
M.Tech,Computer Science,8.88,"TensorFlow, NLP, PyTorch, Computer Vision, Python","Critical Thinking, Research",Introvert,12+ LPA,Deep Learning Specialization,I prefer working alone,Read/Write,Yes,Yes,AI Specialist
MBA,Marketing,7.56,"Google Analytics, Digital Marketing, Social Media Management","Creativity, Communication",Extrovert,8-12 LPA,HubSpot Content Marketing,I prefer working in a team,Visual,Yes,No,Marketing Manager
B.Tech,Computer Science,9.04,"Scikit-learn, SQL, R, Python, TensorFlow","Critical Thinking, Problem-Solving",Ambivert,8-12 LPA,IBM Data Science,I prefer working alone,Read/Write,Yes,No,Data Scientist
B.Des,Human-Computer Interaction,7.87,"Figma, User Research, Adobe XD","Empathy, Creativity",Ambivert,12+ LPA,Nielsen Norman Group UX Certification,I like a mix of both,Visual,No,No,UI/UX Designer
Diploma,Mechanical Engineering,7.88,"SolidWorks, AutoCAD, MATLAB","Teamwork, Problem-Solving",Ambivert,8-12 LPA,No Certification,I prefer working in a team,Kinesthetic,Yes,Yes,Mechanical Engineer
B.A.,Fine Arts,7.89,"Adobe Illustrator, Figma","Creativity, Attention to Detail",Introvert,Less than 4 LPA,No Certification,I like a mix of both,Kinesthetic,No,No,Graphic Designer
M.Tech,Computer Science,9.68,"Computer Vision, PyTorch, TensorFlow","Research, Critical Thinking",Introvert,12+ LPA,TensorFlow Developer,I prefer working alone,Read/Write,Yes,Yes,AI Specialist
MBA,Finance,7.98,"Financial Modeling, MS Excel, SQL, Tableau","Attention to Detail, Analytical Skills",Ambivert,4-8 LPA,No Certification,I prefer working alone,Visual,Maybe,No,Financial Analyst
M.Tech,Computer Science,8.85,"SQL, R","Critical Thinking, Problem-Solving",Ambivert,8-12 LPA,Google Data Analytics,I prefer working alone,Visual,Yes,Yes,AI Specialist
B.Tech,Computer Science,8.18,"Git, Java, JavaScript, SQL, Python","Teamwork, Problem-Solving",Introvert,8-12 LPA,Coursera - Python for Everybody,I like a mix of both,Visual,Yes,No,Software Developer
B.Tech,Computer Science,8.46,"SQL, Python, Java","Problem-Solving, Teamwork",Ambivert,12+ LPA,No Certification,I prefer working alone,Kinesthetic,Yes,No,Software Developer
M.Tech,Computer Science,9.81,"NLP, Computer Vision, PyTorch, Python, TensorFlow","Research, Critical Thinking",Introvert,12+ LPA,TensorFlow Developer,I prefer working alone,Read/Write,Yes,Yes,AI Specialist
M.Tech,AI & ML,9.61,"NLP, TensorFlow, Python, Computer Vision, PyTorch","Research, Critical Thinking",Introvert,12+ LPA,Deep Learning Specialization,I prefer working alone,Read/Write,Yes,Yes,AI Specialist
BBA,Business Administration,8.9,"Digital Marketing, Google Analytics, SEO, Social Media Management","Creativity, Communication",Extrovert,8-12 LPA,HubSpot Content Marketing,I prefer working in a team,Visual,Yes,No,Marketing Manager
B.Tech,Computer Science,9.16,"Scikit-learn, TensorFlow, Python, R","Critical Thinking, Problem-Solving",Ambivert,12+ LPA,Google Data Analytics,I prefer working alone,Visual,Yes,No,AI Specialist
B.Tech,Computer Science,8.91,"Python, Scikit-learn, TensorFlow","Problem-Solving, Critical Thinking",Ambivert,12+ LPA,Google Data Analytics,I prefer working alone,Visual,Yes,Yes,Data Scientist
B.A.,Graphic Design,7.39,"Figma, Adobe Illustrator","Creativity, Attention to Detail",Ambivert,Less than 4 LPA,No Certification,I prefer working alone,Visual,No,Yes,UI/UX Designer
BBA,Marketing,8.39,"Digital Marketing, Google Analytics, SEO","Creativity, Communication",Extrovert,12+ LPA,HubSpot Content Marketing,I prefer working in a team,Visual,Yes,No,Marketing Manager
BBA,Business Administration,7.66,"Social Media Management, Digital Marketing, Google Analytics","Communication, Creativity",Extrovert,12+ LPA,Google Digital Marketing,I prefer working in a team,Visual,Yes,No,Marketing Manager
BBA,Marketing,8.59,"SEO, Google Analytics, Digital Marketing","Leadership, Communication",Extrovert,12+ LPA,HubSpot Content Marketing,I prefer working in a team,Visual,Maybe,No,Social Media Manager
B.Tech,Mechanical Engineering,8.68,"AutoCAD, SolidWorks, MATLAB","Problem-Solving, Teamwork",Ambivert,8-12 LPA,Certified SOLIDWORKS Professional,I prefer working in a team,Kinesthetic,Yes,Yes,Mechanical Engineer
BBA,Business Administration,8.89,"Digital Marketing, SEO, Social Media Management","Leadership, Communication",Extrovert,12+ LPA,HubSpot Content Marketing,I prefer working in a team,Auditory,Maybe,No,Marketing Manager
B.Tech,Mechanical Engineering,7.98,"SolidWorks, MATLAB","Problem-Solving, Teamwork",Ambivert,4-8 LPA,Certified SOLIDWORKS Professional,I prefer working in a team,Kinesthetic,Yes,Yes,Mechanical Engineer
B.Tech,Computer Science,9.26,"Java, SQL, JavaScript, Git, Python","Teamwork, Problem-Solving",Introvert,8-12 LPA,No Certification,I like a mix of both,Kinesthetic,Yes,No,Software Developer
B.Des,Graphic Design,6.53,"Adobe Illustrator, Figma","Attention to Detail, Creativity",Introvert,Less than 4 LPA,Adobe Certified Expert (ACE),I like a mix of both,Visual,No,No,Graphic Designer
MBA,Business Administration,7.3,"Digital Marketing, Google Analytics, Social Media Management, SEO","Communication, Creativity",Extrovert,8-12 LPA,Google Digital Marketing,I prefer working in a team,Auditory,Yes,No,Marketing Manager
M.Tech,AI & ML,8.86,"Computer Vision, PyTorch, TensorFlow, Python","Research, Critical Thinking",Introvert,12+ LPA,TensorFlow Developer,I prefer working alone,Read/Write,Yes,Yes,AI Specialist
BBA,Marketing,8.16,"SEO, Social Media Management, Google Analytics","Creativity, Communication",Extrovert,8-12 LPA,Google Digital Marketing,I prefer working in a team,Auditory,Yes,No,Marketing Manager
B.Tech,Mechanical Engineering,7.34,"SolidWorks, AutoCAD, MATLAB","Problem-Solving, Teamwork",Ambivert,8-12 LPA,Certified SOLIDWORKS Professional,I prefer working in a team,Kinesthetic,Yes,Yes,Civil Engineer
B.Tech,Computer Science,8.94,"Python, SQL, Java","Problem-Solving, Teamwork",Ambivert,12+ LPA,Coursera - Python for Everybody,I prefer working alone,Visual,Yes,No,Software Developer
B.Tech,Computer Science,9.66,"Git, Python, Java, JavaScript","Teamwork, Problem-Solving",Ambivert,12+ LPA,No Certification,I like a mix of both,Kinesthetic,Maybe,No,Software Developer
MBA,Commerce,7.78,"Financial Modeling, SQL, Tableau","Attention to Detail, Analytical Skills",Extrovert,4-8 LPA,No Certification,I prefer working alone,Read/Write,Maybe,Yes,Financial Analyst
B.Tech,Computer Science,9.78,"Java, Python, JavaScript","Problem-Solving, Teamwork",Ambivert,12+ LPA,Coursera - Python for Everybody,I like a mix of both,Kinesthetic,Maybe,No,Software Developer
B.Des,Graphic Design,8.16,"Figma, Adobe XD, Sketch","Problem-Solving, Empathy",Ambivert,12+ LPA,No Certification,I like a mix of both,Visual,No,No,UI/UX Designer
B.A.,Fine Arts,6.54,"Adobe Photoshop, Adobe Illustrator","Creativity, Attention to Detail",Introvert,4-8 LPA,No Certification,I prefer working alone,Visual,No,Yes,Graphic Designer
B.Des,Fine Arts,7.37,"Figma, Adobe Photoshop, Adobe Illustrator","Attention to Detail, Creativity",Introvert,4-8 LPA,Adobe Certified Expert (ACE),I prefer working alone,Kinesthetic,No,Yes,UI/UX Designer
B.Tech,Graphic Design,8.78,"Sketch, Figma, User Research","Creativity, Empathy",Ambivert,8-12 LPA,No Certification,I like a mix of both,Visual,No,No,UI/UX Designer
B.Des,Graphic Design,9.02,"User Research, Sketch, Adobe XD","Empathy, Creativity",Ambivert,12+ LPA,No Certification,I like a mix of both,Kinesthetic,No,No,UI/UX Designer
MBA,Marketing,8.48,"Digital Marketing, Social Media Management","Creativity, Communication",Extrovert,12+ LPA,HubSpot Content Marketing,I prefer working in a team,Auditory,Yes,No,Marketing Manager
B.Des,Human-Computer Interaction,8.06,"Adobe XD, Sketch","Empathy, Creativity",Ambivert,8-12 LPA,No Certification,I like a mix of both,Kinesthetic,Yes,No,UI/UX Designer
M.Tech,Computer Science,8.82,"SQL, TensorFlow, R, Scikit-learn, Python","Critical Thinking, Problem-Solving",Introvert,12+ LPA,Google Data Analytics,I prefer working alone,Visual,Yes,Yes,Data Scientist
B.Tech,Computer Science,9.61,"Java, Python, SQL, JavaScript, Git","Teamwork, Problem-Solving",Ambivert,8-12 LPA,No Certification,I like a mix of both,Kinesthetic,Yes,No,Software Developer
M.Tech,Data Science,8.62,"R, Scikit-learn, SQL, TensorFlow","Critical Thinking, Problem-Solving",Introvert,8-12 LPA,IBM Data Science,I prefer working alone,Read/Write,Yes,No,Data Scientist
B.Des,Fine Arts,8.38,"Adobe Photoshop, Figma, Adobe Illustrator","Attention to Detail, Creativity",Introvert,4-8 LPA,No Certification,I like a mix of both,Kinesthetic,No,No,Graphic Designer
Diploma,Mechanical Engineering,8.8,"MATLAB, AutoCAD, SolidWorks","Teamwork, Problem-Solving",Ambivert,8-12 LPA,No Certification,I prefer working in a team,Kinesthetic,Maybe,Yes,Mechanical Engineer
B.Com,Finance,8.42,"SQL, Financial Modeling","Attention to Detail, Analytical Skills",Ambivert,8-12 LPA,CFA,I prefer working alone,Read/Write,Maybe,No,Financial Analyst
B.Com,Finance,8.28,"SQL, Tableau, MS Excel, Financial Modeling","Analytical Skills, Attention to Detail",Extrovert,4-8 LPA,CFA,I prefer working alone,Visual,Maybe,No,Business Analyst
B.Tech,Computer Science,8.74,"JavaScript, Git, SQL","Problem-Solving, Teamwork",Introvert,12+ LPA,No Certification,I prefer working alone,Kinesthetic,Maybe,No,Software Developer
B.Tech,Mechanical Engineering,8.66,"SolidWorks, MATLAB, AutoCAD","Teamwork, Problem-Solving",Ambivert,8-12 LPA,No Certification,I prefer working in a team,Kinesthetic,Yes,Yes,Civil Engineer
B.Tech,Mechanical Engineering,7.4,"MATLAB, SolidWorks, AutoCAD","Problem-Solving, Teamwork",Ambivert,8-12 LPA,No Certification,I prefer working in a team,Kinesthetic,Yes,Yes,Mechanical Engineer
B.Des,Human-Computer Interaction,9.24,"User Research, Adobe XD, Figma, Sketch","Empathy, Creativity",Ambivert,8-12 LPA,Nielsen Norman Group UX Certification,I like a mix of both,Kinesthetic,Yes,No,UI/UX Designer
MBA,Commerce,8.19,"MS Excel, Financial Modeling, Tableau","Analytical Skills, Attention to Detail",Ambivert,8-12 LPA,No Certification,I prefer working alone,Visual,Maybe,No,Financial Analyst
BBA,Business Administration,8.59,"Digital Marketing, SEO, Social Media Management, Google Analytics","Leadership, Creativity",Extrovert,8-12 LPA,HubSpot Content Marketing,I prefer working in a team,Visual,Maybe,No,Marketing Manager
M.Tech,AI & ML,9.66,"PyTorch, NLP, Python","Research, Critical Thinking",Introvert,12+ LPA,Deep Learning Specialization,I prefer working alone,Read/Write,Yes,Yes,AI Specialist
B.Des,Graphic Design,9.09,"User Research, Sketch","Creativity, Problem-Solving",Ambivert,8-12 LPA,No Certification,I like a mix of both,Visual,Yes,No,UI/UX Designer
MBA,Commerce,8.58,"SQL, MS Excel, Tableau","Analytical Skills, Attention to Detail",Ambivert,8-12 LPA,CFA,I prefer working alone,Read/Write,Maybe,No,Financial Analyst
MBA,Commerce,7.84,"SQL, Tableau, Financial Modeling","Attention to Detail, Analytical Skills",Ambivert,8-12 LPA,No Certification,I prefer working alone,Read/Write,Maybe,No,Financial Analyst
B.Tech,Computer Science,9.72,"JavaScript, Git, Python, SQL, Java","Teamwork, Problem-Solving",Ambivert,8-12 LPA,Coursera - Python for Everybody,I like a mix of both,Visual,Maybe,No,Software Developer
B.Des,Graphic Design,8.19,"Adobe Photoshop, Figma","Attention to Detail, Creativity",Ambivert,4-8 LPA,No Certification,I like a mix of both,Visual,No,No,Graphic Designer
B.Des,Graphic Design,8.93,"Figma, Sketch, Adobe XD, User Research","Creativity, Problem-Solving",Ambivert,8-12 LPA,No Certification,I like a mix of both,Visual,No,No,Graphic Designer
M.Tech,Data Science,9.58,"TensorFlow, Python, Scikit-learn, SQL, R","Critical Thinking, Problem-Solving",Ambivert,8-12 LPA,Google Data Analytics,I prefer working alone,Read/Write,Yes,No,AI Specialist
M.Tech,AI & ML,9.24,"Python, TensorFlow, PyTorch, NLP","Research, Critical Thinking",Introvert,12+ LPA,Deep Learning Specialization,I prefer working alone,Read/Write,Yes,Yes,AI Specialist
B.Tech,Mechanical Engineering,7.07,"AutoCAD, MATLAB, SolidWorks","Problem-Solving, Teamwork",Ambivert,8-12 LPA,Certified SOLIDWORKS Professional,I prefer working in a team,Kinesthetic,Maybe,Yes,Mechanical Engineer
M.Tech,Data Science,8.65,"R, TensorFlow, Python","Problem-Solving, Critical Thinking",Ambivert,12+ LPA,Google Data Analytics,I prefer working alone,Read/Write,Yes,No,AI Specialist
B.Tech,Computer Science,8.26,"Python, SQL, JavaScript, Git","Problem-Solving, Teamwork",Ambivert,12+ LPA,No Certification,I like a mix of both,Visual,Yes,No,Software Developer
MBA,Commerce,7.88,"Financial Modeling, SQL","Analytical Skills, Attention to Detail",Extrovert,8-12 LPA,CFA,I prefer working alone,Visual,Maybe,Yes,Financial Analyst
B.Tech,Computer Science,9.13,"Python, Git, JavaScript","Problem-Solving, Teamwork",Introvert,12+ LPA,No Certification,I prefer working alone,Kinesthetic,Yes,No,Software Developer
B.Tech,Computer Science,9.11,"Git, JavaScript, SQL, Python","Teamwork, Problem-Solving",Introvert,12+ LPA,Coursera - Python for Everybody,I prefer working alone,Kinesthetic,Yes,No,Software Developer
M.Tech,AI & ML,9.45,"PyTorch, NLP, TensorFlow","Critical Thinking, Research",Introvert,12+ LPA,TensorFlow Developer,I prefer working alone,Read/Write,Yes,Yes,AI Specialist
B.Des,Fine Arts,7.28,"Adobe Illustrator, Adobe Photoshop, Figma","Attention to Detail, Creativity",Ambivert,4-8 LPA,No Certification,I like a mix of both,Visual,No,No,Graphic Designer
Diploma,Mechanical Engineering,7.97,"AutoCAD, MATLAB, SolidWorks","Teamwork, Problem-Solving",Ambivert,4-8 LPA,No Certification,I prefer working in a team,Kinesthetic,Maybe,Yes,Mechanical Engineer
MBA,Finance,8.13,"Financial Modeling, MS Excel, SQL","Analytical Skills, Attention to Detail",Ambivert,8-12 LPA,No Certification,I prefer working alone,Read/Write,Maybe,Yes,Financial Analyst
BBA,Marketing,7.36,"Digital Marketing, Google Analytics, SEO, Social Media Management","Communication, Leadership",Extrovert,8-12 LPA,HubSpot Content Marketing,I prefer working in a team,Auditory,Yes,No,Marketing Manager
B.Tech,Human-Computer Interaction,8.87,"Sketch, User Research, Figma, Adobe XD","Empathy, Problem-Solving",Ambivert,8-12 LPA,No Certification,I like a mix of both,Visual,No,No,UI/UX Designer
B.Tech,Computer Science,9.26,"Java, SQL, Git, Python","Teamwork, Problem-Solving",Introvert,8-12 LPA,No Certification,I prefer working alone,Visual,Yes,No,Software Developer
MBA,Business Administration,8.14,"Digital Marketing, SEO, Social Media Management","Communication, Creativity",Extrovert,8-12 LPA,HubSpot Content Marketing,I prefer working in a team,Auditory,Maybe,No,Marketing Manager
B.Tech,Data Science,8.58,"TensorFlow, SQL, R, Python, Scikit-learn","Problem-Solving, Critical Thinking",Introvert,12+ LPA,Google Data Analytics,I prefer working alone,Read/Write,Yes,No,Data Scientist
B.Tech,Computer Science,9.36,"R, TensorFlow, Python, Scikit-learn, SQL","Critical Thinking, Problem-Solving",Introvert,8-12 LPA,Google Data Analytics,I prefer working alone,Read/Write,Yes,Yes,Data Scientist
M.Tech,Computer Science,9.49,"NLP, TensorFlow, Python","Critical Thinking, Research",Introvert,12+ LPA,TensorFlow Developer,I prefer working alone,Read/Write,Yes,Yes,Data Scientist
B.Des,Human-Computer Interaction,9.25,"Sketch, Adobe XD","Problem-Solving, Empathy",Ambivert,12+ LPA,No Certification,I like a mix of both,Kinesthetic,No,No,UI/UX Designer
M.Tech,Computer Science,8.94,"Python, R","Problem-Solving, Critical Thinking",Ambivert,8-12 LPA,IBM Data Science,I prefer working alone,Read/Write,Yes,No,Data Scientist
B.Des,Fine Arts,7.62,"Adobe Photoshop, Adobe Illustrator","Attention to Detail, Creativity",Introvert,Less than 4 LPA,Adobe Certified Expert (ACE),I prefer working alone,Visual,No,No,Graphic Designer
M.Tech,Computer Science,8.89,"TensorFlow, NLP, Computer Vision, PyTorch, Python","Research, Critical Thinking",Introvert,12+ LPA,TensorFlow Developer,I prefer working alone,Read/Write,Yes,Yes,Data Scientist
B.Des,Fine Arts,7.44,"Adobe Illustrator, Adobe Photoshop, Figma","Creativity, Attention to Detail",Introvert,Less than 4 LPA,No Certification,I like a mix of both,Visual,No,Yes,Graphic Designer
B.A.,Graphic Design,8.36,"Figma, Adobe Photoshop, Adobe Illustrator","Attention to Detail, Creativity",Introvert,4-8 LPA,Adobe Certified Expert (ACE),I prefer working alone,Kinesthetic,No,Yes,Graphic Designer
BBA,Marketing,8.9,"Google Analytics, Digital Marketing","Communication, Leadership",Extrovert,12+ LPA,HubSpot Content Marketing,I prefer working in a team,Visual,Yes,No,Marketing Manager
B.Des,Graphic Design,7.95,"Adobe XD, Figma","Creativity, Empathy",Ambivert,12+ LPA,Nielsen Norman Group UX Certification,I like a mix of both,Kinesthetic,Yes,No,UI/UX Designer
B.Tech,Mechanical Engineering,8.23,"SolidWorks, MATLAB","Problem-Solving, Teamwork",Ambivert,4-8 LPA,No Certification,I prefer working in a team,Kinesthetic,Maybe,Yes,Mechanical Engineer
B.Tech,Computer Science,9.28,"SQL, Git, Java, JavaScript, Python","Problem-Solving, Teamwork",Ambivert,8-12 LPA,No Certification,I like a mix of both,Visual,Maybe,No,Software Developer
M.Tech,Computer Science,9.21,"Computer Vision, TensorFlow, Python, PyTorch","Research, Critical Thinking",Introvert,12+ LPA,Deep Learning Specialization,I prefer working alone,Read/Write,Yes,Yes,AI Specialist
BBA,Business Administration,8.67,"Digital Marketing, SEO","Leadership, Communication",Extrovert,8-12 LPA,HubSpot Content Marketing,I prefer working in a team,Visual,Maybe,No,Marketing Manager
B.Tech,Computer Science,9.78,"Git, Java, Python, SQL, JavaScript","Teamwork, Problem-Solving",Ambivert,12+ LPA,Coursera - Python for Everybody,I prefer working alone,Kinesthetic,Maybe,No,Software Developer
M.Tech,Data Science,8.51,"Python, Scikit-learn, R, TensorFlow, SQL","Problem-Solving, Critical Thinking",Ambivert,12+ LPA,IBM Data Science,I prefer working alone,Read/Write,Yes,No,Data Scientist
B.Tech,Computer Science,9.64,"Scikit-learn, TensorFlow, Python, SQL, R","Problem-Solving, Critical Thinking",Ambivert,12+ LPA,Google Data Analytics,I prefer working alone,Read/Write,Yes,Yes,Data Scientist
B.A.,Fine Arts,6.95,"Adobe Illustrator, Figma","Creativity, Attention to Detail",Ambivert,4-8 LPA,Adobe Certified Expert (ACE),I prefer working alone,Kinesthetic,No,No,Graphic Designer
B.Tech,Mechanical Engineering,8.86,"AutoCAD, MATLAB","Problem-Solving, Teamwork",Ambivert,8-12 LPA,Certified SOLIDWORKS Professional,I prefer working in a team,Kinesthetic,Maybe,Yes,Civil Engineer
MBA,Marketing,8.96,"SEO, Google Analytics","Communication, Creativity",Extrovert,12+ LPA,HubSpot Content Marketing,I prefer working in a team,Visual,Yes,No,Social Media Manager
M.Tech,AI & ML,9.04,"NLP, Python","Critical Thinking, Research",Introvert,12+ LPA,Deep Learning Specialization,I prefer working alone,Read/Write,Yes,Yes,AI Specialist
MBA,Marketing,7.13,"SEO, Digital Marketing","Creativity, Communication",Extrovert,12+ LPA,HubSpot Content Marketing,I prefer working in a team,Visual,Maybe,No,Marketing Manager
B.Tech,Computer Science,8.96,"JavaScript, SQL, Git, Python","Problem-Solving, Teamwork",Ambivert,8-12 LPA,Coursera - Python for Everybody,I prefer working alone,Visual,Maybe,No,Data Scientist
M.Tech,AI & ML,8.85,"TensorFlow, Python","Critical Thinking, Research",Introvert,12+ LPA,TensorFlow Developer,I prefer working alone,Read/Write,Yes,Yes,AI Specialist
B.Des,Graphic Design,8.46,"Adobe Photoshop, Figma","Creativity, Attention to Detail",Introvert,4-8 LPA,No Certification,I prefer working alone,Kinesthetic,No,No,Graphic Designer
M.Tech,AI & ML,9.57,"NLP, Python","Research, Critical Thinking",Introvert,12+ LPA,TensorFlow Developer,I prefer working alone,Read/Write,Yes,Yes,AI Specialist
B.Tech,Mechanical Engineering,7.6,"AutoCAD, SolidWorks, MATLAB","Teamwork, Problem-Solving",Ambivert,4-8 LPA,No Certification,I prefer working in a team,Kinesthetic,Maybe,Yes,Mechanical Engineer
B.Des,Fine Arts,8.44,"Figma, Adobe Illustrator, Adobe Photoshop","Creativity, Attention to Detail",Introvert,4-8 LPA,Adobe Certified Expert (ACE),I prefer working alone,Kinesthetic,No,No,Graphic Designer
B.Tech,Data Science,9.43,"SQL, R, Scikit-learn, Python","Critical Thinking, Problem-Solving",Ambivert,8-12 LPA,Google Data Analytics,I prefer working alone,Read/Write,Yes,Yes,Data Scientist
MBA,Business Administration,8.29,"SEO, Google Analytics, Digital Marketing","Creativity, Leadership",Extrovert,12+ LPA,Google Digital Marketing,I prefer working in a team,Auditory,Yes,No,Marketing Manager
BBA,Marketing,8.29,"Digital Marketing, SEO, Google Analytics","Leadership, Communication",Extrovert,12+ LPA,HubSpot Content Marketing,I prefer working in a team,Auditory,Maybe,No,Marketing Manager
MBA,Finance,8.03,"Tableau, SQL","Analytical Skills, Attention to Detail",Ambivert,8-12 LPA,CFA,I prefer working alone,Read/Write,No,No,Business Analyst
B.Tech,Mechanical Engineering,8.6,"SolidWorks, AutoCAD","Teamwork, Problem-Solving",Ambivert,8-12 LPA,Certified SOLIDWORKS Professional,I prefer working in a team,Kinesthetic,Yes,Yes,Mechanical Engineer
B.Com,Finance,9.09,"SQL, Financial Modeling","Analytical Skills, Attention to Detail",Extrovert,4-8 LPA,CFA,I prefer working alone,Visual,Maybe,No,Financial Analyst
B.A.,Fine Arts,7.69,"Adobe Illustrator, Figma","Attention to Detail, Creativity",Introvert,Less than 4 LPA,Adobe Certified Expert (ACE),I prefer working alone,Visual,No,No,Graphic Designer
B.Tech,Computer Science,8.05,"Python, Git, Java","Teamwork, Problem-Solving",Introvert,12+ LPA,No Certification,I like a mix of both,Visual,Yes,No,Software Developer
B.Tech,Human-Computer Interaction,7.74,"Sketch, Figma, User Research","Problem-Solving, Empathy",Ambivert,8-12 LPA,No Certification,I like a mix of both,Kinesthetic,Yes,No,UI/UX Designer
B.Com,Commerce,8.61,"MS Excel, SQL","Analytical Skills, Attention to Detail",Extrovert,8-12 LPA,CFA,I prefer working alone,Read/Write,Maybe,Yes,Financial Analyst
BBA,Business Administration,7.62,"Google Analytics, Digital Marketing, SEO","Creativity, Leadership",Extrovert,12+ LPA,HubSpot Content Marketing,I prefer working in a team,Visual,Yes,No,Marketing Manager
B.Des,Graphic Design,7.13,"Adobe Photoshop, Figma","Creativity, Attention to Detail",Ambivert,Less than 4 LPA,No Certification,I like a mix of both,Visual,No,Yes,Graphic Designer
M.Tech,Computer Science,9.19,"Python, PyTorch","Critical Thinking, Research",Introvert,12+ LPA,TensorFlow Developer,I prefer working alone,Read/Write,Yes,Yes,AI Specialist
B.Tech,Computer Science,9.5,"R, SQL","Critical Thinking, Problem-Solving",Ambivert,8-12 LPA,Google Data Analytics,I prefer working alone,Read/Write,Yes,Yes,Data Scientist
MBA,Finance,7.51,"MS Excel, Tableau, Financial Modeling","Analytical Skills, Attention to Detail",Extrovert,8-12 LPA,No Certification,I prefer working alone,Read/Write,Maybe,No,Financial Analyst
Diploma,Mechanical Engineering,8.98,"SolidWorks, MATLAB, AutoCAD","Teamwork, Problem-Solving",Ambivert,8-12 LPA,No Certification,I prefer working in a team,Kinesthetic,Yes,Yes,Mechanical Engineer
BBA,Business Administration,7.71,"Social Media Management, SEO","Creativity, Communication",Extrovert,12+ LPA,Google Digital Marketing,I prefer working in a team,Auditory,Yes,No,Marketing Manager
B.Com,Commerce,8.39,"Financial Modeling, MS Excel, Tableau","Attention to Detail, Analytical Skills",Extrovert,4-8 LPA,CFA,I prefer working alone,Read/Write,No,Yes,Financial Analyst
MBA,Finance,8.19,"MS Excel, Financial Modeling, Tableau","Analytical Skills, Attention to Detail",Ambivert,8-12 LPA,No Certification,I prefer working alone,Visual,Maybe,Yes,Financial Analyst
MBA,Finance,9.03,"SQL, MS Excel, Financial Modeling, Tableau","Attention to Detail, Analytical Skills",Ambivert,4-8 LPA,CFA,I prefer working alone,Visual,No,No,Financial Analyst
MBA,Commerce,9.17,"Financial Modeling, Tableau","Analytical Skills, Attention to Detail",Extrovert,4-8 LPA,No Certification,I prefer working alone,Visual,Maybe,Yes,Financial Analyst
M.Tech,Computer Science,8.5,"SQL, R, Scikit-learn","Critical Thinking, Problem-Solving",Ambivert,12+ LPA,IBM Data Science,I prefer working alone,Read/Write,Yes,Yes,Data Scientist
B.Tech,Computer Science,9.74,"SQL, TensorFlow","Problem-Solving, Critical Thinking",Ambivert,8-12 LPA,IBM Data Science,I prefer working alone,Read/Write,Yes,No,AI Specialist
M.Tech,AI & ML,9.93,"Python, NLP, PyTorch","Critical Thinking, Research",Introvert,12+ LPA,TensorFlow Developer,I prefer working alone,Read/Write,Yes,Yes,AI Specialist
B.Tech,Data Science,8.7,"SQL, R, Python","Critical Thinking, Problem-Solving",Ambivert,8-12 LPA,Google Data Analytics,I prefer working alone,Read/Write,Yes,No,Data Scientist
B.Des,Fine Arts,6.95,"Adobe Photoshop, Figma","Creativity, Attention to Detail",Ambivert,4-8 LPA,Adobe Certified Expert (ACE),I like a mix of both,Kinesthetic,No,Yes,Graphic Designer
MBA,Commerce,8.22,"SQL, Financial Modeling, MS Excel, Tableau","Analytical Skills, Attention to Detail",Extrovert,8-12 LPA,CFA,I prefer working alone,Visual,Maybe,No,Financial Analyst
M.Tech,AI & ML,8.9,"Computer Vision, Python, TensorFlow","Critical Thinking, Research",Introvert,12+ LPA,Deep Learning Specialization,I prefer working alone,Read/Write,Yes,Yes,Data Scientist
M.Tech,Computer Science,9.95,"NLP, Python, Computer Vision, TensorFlow, PyTorch","Critical Thinking, Research",Introvert,12+ LPA,TensorFlow Developer,I prefer working alone,Read/Write,Yes,Yes,AI Specialist
B.A.,Graphic Design,7.15,"Adobe Photoshop, Figma","Attention to Detail, Creativity",Ambivert,Less than 4 LPA,No Certification,I like a mix of both,Kinesthetic,No,No,Graphic Designer
B.Tech,Computer Science,9.83,"TensorFlow, Python, R, Scikit-learn, SQL","Problem-Solving, Critical Thinking",Ambivert,12+ LPA,Google Data Analytics,I prefer working alone,Visual,Yes,No,Data Scientist
B.Des,Human-Computer Interaction,7.75,"Adobe XD, Sketch, Figma","Empathy, Problem-Solving",Ambivert,8-12 LPA,Nielsen Norman Group UX Certification,I like a mix of both,Visual,Yes,No,Graphic Designer
B.Des,Human-Computer Interaction,8.12,"User Research, Sketch","Creativity, Problem-Solving",Ambivert,8-12 LPA,No Certification,I like a mix of both,Visual,Yes,No,UI/UX Designer
Diploma,Mechanical Engineering,8.33,"MATLAB, SolidWorks, AutoCAD","Teamwork, Problem-Solving",Ambivert,4-8 LPA,No Certification,I prefer working in a team,Kinesthetic,Yes,Yes,Mechanical Engineer
B.Tech,Computer Science,9.35,"Java, SQL, Git, JavaScript, Python","Problem-Solving, Teamwork",Introvert,8-12 LPA,No Certification,I prefer working alone,Visual,Yes,No,Software Developer
B.Tech,Graphic Design,7.72,"User Research, Sketch","Creativity, Problem-Solving",Ambivert,12+ LPA,Nielsen Norman Group UX Certification,I like a mix of both,Visual,No,No,Graphic Designer
M.Tech,AI & ML,9.31,"TensorFlow, PyTorch, Python, Computer Vision","Critical Thinking, Research",Introvert,12+ LPA,Deep Learning Specialization,I prefer working alone,Read/Write,Yes,Yes,AI Specialist
B.Tech,Graphic Design,8.83,"User Research, Adobe XD, Figma","Problem-Solving, Empathy",Ambivert,8-12 LPA,No Certification,I like a mix of both,Visual,No,No,Graphic Designer
MBA,Marketing,8.02,"Google Analytics, SEO, Social Media Management","Leadership, Communication",Extrovert,8-12 LPA,HubSpot Content Marketing,I prefer working in a team,Visual,Yes,No,Marketing Manager
B.Des,Fine Arts,8.84,"Adobe Photoshop, Adobe Illustrator, Figma","Attention to Detail, Creativity",Ambivert,4-8 LPA,No Certification,I prefer working alone,Kinesthetic,No,Yes,Graphic Designer
B.Tech,Data Science,8.75,"R, SQL, TensorFlow, Python, Scikit-learn","Problem-Solving, Critical Thinking",Introvert,12+ LPA,Google Data Analytics,I prefer working alone,Visual,Yes,Yes,AI Specialist
M.Tech,Computer Science,8.9,"Computer Vision, PyTorch, TensorFlow, Python, NLP","Critical Thinking, Research",Introvert,12+ LPA,Deep Learning Specialization,I prefer working alone,Read/Write,Yes,Yes,AI Specialist
M.Tech,AI & ML,9.99,"TensorFlow, Computer Vision","Research, Critical Thinking",Introvert,12+ LPA,TensorFlow Developer,I prefer working alone,Read/Write,Yes,Yes,AI Specialist
B.Tech,Computer Science,8.0,"Git, JavaScript, SQL, Python, Java","Problem-Solving, Teamwork",Ambivert,12+ LPA,Coursera - Python for Everybody,I like a mix of both,Kinesthetic,Maybe,No,Software Developer
B.Com,Commerce,7.99,"MS Excel, Financial Modeling","Analytical Skills, Attention to Detail",Extrovert,4-8 LPA,CFA,I prefer working alone,Read/Write,Maybe,Yes,Financial Analyst
BBA,Marketing,7.22,"Social Media Management, Digital Marketing","Communication, Leadership",Extrovert,8-12 LPA,HubSpot Content Marketing,I prefer working in a team,Visual,Maybe,No,Marketing Manager
B.Tech,Computer Science,8.78,"Git, JavaScript","Teamwork, Problem-Solving",Introvert,8-12 LPA,No Certification,I prefer working alone,Visual,Yes,No,Software Developer
B.Tech,Mechanical Engineering,8.23,"SolidWorks, AutoCAD","Problem-Solving, Teamwork",Ambivert,4-8 LPA,No Certification,I prefer working in a team,Kinesthetic,Yes,Yes,Mechanical Engineer
MBA,Marketing,8.51,"Google Analytics, Social Media Management, SEO, Digital Marketing","Creativity, Leadership",Extrovert,12+ LPA,Google Digital Marketing,I prefer working in a team,Visual,Yes,No,Marketing Manager
M.Tech,AI & ML,9.63,"PyTorch, TensorFlow, NLP, Computer Vision","Research, Critical Thinking",Introvert,12+ LPA,TensorFlow Developer,I prefer working alone,Read/Write,Yes,Yes,AI Specialist
B.Des,Graphic Design,8.2,"Adobe Photoshop, Adobe Illustrator","Attention to Detail, Creativity",Introvert,4-8 LPA,No Certification,I prefer working alone,Visual,No,Yes,Graphic Designer
M.Tech,AI & ML,9.56,"Computer Vision, TensorFlow, PyTorch, Python, NLP","Research, Critical Thinking",Introvert,12+ LPA,TensorFlow Developer,I prefer working alone,Read/Write,Yes,Yes,Data Scientist
M.Tech,Computer Science,9.96,"PyTorch, TensorFlow, Python, Computer Vision, NLP","Critical Thinking, Research",Introvert,12+ LPA,TensorFlow Developer,I prefer working alone,Read/Write,Yes,Yes,AI Specialist
B.Des,Graphic Design,8.29,"Sketch, User Research, Adobe XD, Figma","Creativity, Problem-Solving",Ambivert,8-12 LPA,No Certification,I like a mix of both,Visual,No,No,UI/UX Designer
M.Tech,Computer Science,9.39,"Python, TensorFlow, SQL, Scikit-learn, R","Critical Thinking, Problem-Solving",Ambivert,8-12 LPA,Google Data Analytics,I prefer working alone,Read/Write,Yes,Yes,AI Specialist
Diploma,Mechanical Engineering,8.56,"MATLAB, SolidWorks","Problem-Solving, Teamwork",Ambivert,4-8 LPA,No Certification,I prefer working in a team,Kinesthetic,Yes,Yes,Mechanical Engineer
B.A.,Fine Arts,6.52,"Figma, Adobe Photoshop","Attention to Detail, Creativity",Introvert,4-8 LPA,Adobe Certified Expert (ACE),I like a mix of both,Visual,No,No,UI/UX Designer
MBA,Commerce,8.25,"MS Excel, Financial Modeling, SQL, Tableau","Attention to Detail, Analytical Skills",Extrovert,8-12 LPA,CFA,I prefer working alone,Visual,Maybe,Yes,Financial Analyst
M.Tech,Computer Science,8.95,"Python, NLP, TensorFlow, Computer Vision, PyTorch","Critical Thinking, Research",Introvert,12+ LPA,TensorFlow Developer,I prefer working alone,Read/Write,Yes,Yes,Data Scientist
BBA,Business Administration,8.53,"Google Analytics, SEO, Social Media Management","Creativity, Communication",Extrovert,12+ LPA,HubSpot Content Marketing,I prefer working in a team,Visual,Maybe,No,Marketing Manager
B.Tech,Graphic Design,8.07,"User Research, Adobe XD, Sketch, Figma","Empathy, Problem-Solving",Ambivert,12+ LPA,No Certification,I like a mix of both,Kinesthetic,No,No,UI/UX Designer
M.Tech,Computer Science,9.14,"Scikit-learn, R","Problem-Solving, Critical Thinking",Introvert,8-12 LPA,IBM Data Science,I prefer working alone,Visual,Yes,Yes,Data Scientist
B.A.,Graphic Design,6.66,"Figma, Adobe Illustrator","Attention to Detail, Creativity",Introvert,Less than 4 LPA,Adobe Certified Expert (ACE),I like a mix of both,Kinesthetic,No,No,UI/UX Designer
M.Tech,Computer Science,9.56,"TensorFlow, PyTorch, NLP","Research, Critical Thinking",Introvert,12+ LPA,TensorFlow Developer,I prefer working alone,Read/Write,Yes,Yes,AI Specialist
MBA,Business Administration,7.7,"SEO, Social Media Management, Google Analytics, Digital Marketing","Communication, Creativity",Extrovert,8-12 LPA,Google Digital Marketing,I prefer working in a team,Auditory,Maybe,No,Marketing Manager
B.Tech,Mechanical Engineering,8.84,"MATLAB, AutoCAD, SolidWorks","Problem-Solving, Teamwork",Ambivert,4-8 LPA,No Certification,I prefer working in a team,Kinesthetic,Yes,Yes,Civil Engineer
B.Tech,Mechanical Engineering,7.09,"AutoCAD, MATLAB","Teamwork, Problem-Solving",Ambivert,8-12 LPA,No Certification,I prefer working in a team,Kinesthetic,Maybe,Yes,Mechanical Engineer
B.Tech,Human-Computer Interaction,7.66,"Figma, Adobe XD, User Research","Empathy, Creativity",Ambivert,8-12 LPA,Nielsen Norman Group UX Certification,I like a mix of both,Kinesthetic,Yes,No,UI/UX Designer
MBA,Commerce,9.0,"MS Excel, Financial Modeling","Attention to Detail, Analytical Skills",Ambivert,8-12 LPA,CFA,I prefer working alone,Visual,Maybe,Yes,Business Analyst
M.Tech,AI & ML,9.0,"Computer Vision, TensorFlow, Python, PyTorch, NLP","Research, Critical Thinking",Introvert,12+ LPA,TensorFlow Developer,I prefer working alone,Read/Write,Yes,Yes,Data Scientist
B.Des,Graphic Design,8.58,"Adobe Illustrator, Adobe Photoshop","Creativity, Attention to Detail",Ambivert,4-8 LPA,Adobe Certified Expert (ACE),I like a mix of both,Kinesthetic,No,Yes,Graphic Designer
MBA,Finance,8.41,"MS Excel, SQL, Tableau, Financial Modeling","Attention to Detail, Analytical Skills",Extrovert,4-8 LPA,CFA,I prefer working alone,Visual,Maybe,Yes,Financial Analyst
B.Tech,Mechanical Engineering,7.69,"AutoCAD, SolidWorks, MATLAB","Teamwork, Problem-Solving",Ambivert,8-12 LPA,No Certification,I prefer working in a team,Kinesthetic,Maybe,Yes,Mechanical Engineer
B.Des,Graphic Design,8.83,"Sketch, Adobe XD, Figma","Problem-Solving, Empathy",Ambivert,8-12 LPA,No Certification,I like a mix of both,Visual,No,No,UI/UX Designer
B.A.,Fine Arts,8.03,"Figma, Adobe Photoshop","Attention to Detail, Creativity",Ambivert,4-8 LPA,No Certification,I like a mix of both,Kinesthetic,No,Yes,Graphic Designer
B.Com,Commerce,8.15,"MS Excel, SQL, Financial Modeling","Attention to Detail, Analytical Skills",Extrovert,8-12 LPA,CFA,I prefer working alone,Visual,No,No,Financial Analyst
B.Tech,Mechanical Engineering,8.94,"SolidWorks, AutoCAD","Problem-Solving, Teamwork",Ambivert,8-12 LPA,No Certification,I prefer working in a team,Kinesthetic,Yes,Yes,Mechanical Engineer
MBA,Finance,9.02,"MS Excel, SQL","Attention to Detail, Analytical Skills",Extrovert,8-12 LPA,CFA,I prefer working alone,Visual,Maybe,Yes,Business Analyst
B.Tech,Mechanical Engineering,7.29,"MATLAB, SolidWorks, AutoCAD","Teamwork, Problem-Solving",Ambivert,8-12 LPA,No Certification,I prefer working in a team,Kinesthetic,Yes,Yes,Mechanical Engineer
MBA,Commerce,8.62,"Financial Modeling, Tableau, SQL","Attention to Detail, Analytical Skills",Ambivert,8-12 LPA,CFA,I prefer working alone,Visual,No,Yes,Financial Analyst
B.Des,Fine Arts,7.86,"Adobe Photoshop, Figma","Attention to Detail, Creativity",Introvert,Less than 4 LPA,Adobe Certified Expert (ACE),I like a mix of both,Kinesthetic,No,No,UI/UX Designer
B.Des,Human-Computer Interaction,9.27,"Sketch, User Research","Problem-Solving, Empathy",Ambivert,12+ LPA,Nielsen Norman Group UX Certification,I like a mix of both,Visual,No,No,Graphic Designer
B.Tech,Computer Science,8.51,"TensorFlow, Python, SQL, R","Problem-Solving, Critical Thinking",Ambivert,12+ LPA,IBM Data Science,I prefer working alone,Visual,Yes,Yes,AI Specialist
B.Tech,Computer Science,8.78,"Git, Java","Teamwork, Problem-Solving",Introvert,12+ LPA,Coursera - Python for Everybody,I like a mix of both,Kinesthetic,Yes,No,Software Developer
B.Tech,Computer Science,9.79,"Java, JavaScript, SQL","Teamwork, Problem-Solving",Introvert,8-12 LPA,No Certification,I like a mix of both,Visual,Maybe,No,Software Developer
MBA,Business Administration,7.18,"SEO, Google Analytics","Creativity, Leadership",Extrovert,12+ LPA,Google Digital Marketing,I prefer working in a team,Auditory,Yes,No,Marketing Manager
Diploma,Mechanical Engineering,7.26,"SolidWorks, MATLAB","Teamwork, Problem-Solving",Ambivert,4-8 LPA,No Certification,I prefer working in a team,Kinesthetic,Maybe,Yes,Mechanical Engineer
M.Tech,Computer Science,9.72,"Computer Vision, NLP","Critical Thinking, Research",Introvert,12+ LPA,Deep Learning Specialization,I prefer working alone,Read/Write,Yes,Yes,AI Specialist
M.Tech,Computer Science,9.55,"NLP, Python, Computer Vision, TensorFlow","Research, Critical Thinking",Introvert,12+ LPA,TensorFlow Developer,I prefer working alone,Read/Write,Yes,Yes,AI Specialist
M.Tech,Data Science,8.66,"R, TensorFlow, Python, SQL, Scikit-learn","Critical Thinking, Problem-Solving",Ambivert,8-12 LPA,Google Data Analytics,I prefer working alone,Visual,Yes,No,Data Scientist
M.Tech,AI & ML,9.76,"TensorFlow, Python, Computer Vision","Research, Critical Thinking",Introvert,12+ LPA,Deep Learning Specialization,I prefer working alone,Read/Write,Yes,Yes,AI Specialist
B.Tech,Mechanical Engineering,8.27,"MATLAB, SolidWorks, AutoCAD","Teamwork, Problem-Solving",Ambivert,8-12 LPA,No Certification,I prefer working in a team,Kinesthetic,Yes,Yes,Civil Engineer
M.Tech,Data Science,9.24,"SQL, Scikit-learn","Critical Thinking, Problem-Solving",Ambivert,12+ LPA,IBM Data Science,I prefer working alone,Read/Write,Yes,Yes,Data Scientist
Diploma,Mechanical Engineering,8.07,"AutoCAD, MATLAB","Teamwork, Problem-Solving",Ambivert,8-12 LPA,Certified SOLIDWORKS Professional,I prefer working in a team,Kinesthetic,Yes,Yes,Mechanical Engineer
M.Tech,AI & ML,9.52,"PyTorch, Python","Critical Thinking, Research",Introvert,12+ LPA,TensorFlow Developer,I prefer working alone,Read/Write,Yes,Yes,Data Scientist
M.Tech,AI & ML,9.8,"Computer Vision, NLP, TensorFlow, PyTorch","Critical Thinking, Research",Introvert,12+ LPA,Deep Learning Specialization,I prefer working alone,Read/Write,Yes,Yes,AI Specialist
M.Tech,AI & ML,8.84,"NLP, TensorFlow","Critical Thinking, Research",Introvert,12+ LPA,Deep Learning Specialization,I prefer working alone,Read/Write,Yes,Yes,Data Scientist
B.Des,Graphic Design,8.24,"Adobe Illustrator, Adobe Photoshop","Attention to Detail, Creativity",Introvert,Less than 4 LPA,No Certification,I prefer working alone,Kinesthetic,No,Yes,Graphic Designer
B.Com,Commerce,7.64,"Financial Modeling, SQL, Tableau","Analytical Skills, Attention to Detail",Ambivert,8-12 LPA,CFA,I prefer working alone,Visual,Maybe,No,Business Analyst
B.Tech,Computer Science,9.15,"Python, JavaScript, Git, SQL","Problem-Solving, Teamwork",Ambivert,8-12 LPA,No Certification,I prefer working alone,Kinesthetic,Yes,No,Software Developer
B.Tech,Computer Science,8.03,"Python, Java, SQL, Git","Teamwork, Problem-Solving",Ambivert,8-12 LPA,No Certification,I like a mix of both,Kinesthetic,Yes,No,Software Developer
M.Tech,Computer Science,8.81,"SQL, TensorFlow, Python","Problem-Solving, Critical Thinking",Ambivert,12+ LPA,Google Data Analytics,I prefer working alone,Visual,Yes,Yes,AI Specialist
M.Tech,AI & ML,9.21,"NLP, PyTorch, TensorFlow, Python","Research, Critical Thinking",Introvert,12+ LPA,TensorFlow Developer,I prefer working alone,Read/Write,Yes,Yes,AI Specialist
B.Com,Finance,8.18,"SQL, Financial Modeling","Analytical Skills, Attention to Detail",Extrovert,4-8 LPA,No Certification,I prefer working alone,Visual,Maybe,No,Financial Analyst
B.Des,Graphic Design,7.97,"Adobe Photoshop, Adobe Illustrator","Creativity, Attention to Detail",Ambivert,Less than 4 LPA,No Certification,I like a mix of both,Visual,No,No,UI/UX Designer
Diploma,Mechanical Engineering,8.85,"AutoCAD, SolidWorks, MATLAB","Teamwork, Problem-Solving",Ambivert,4-8 LPA,No Certification,I prefer working in a team,Kinesthetic,Maybe,Yes,Civil Engineer
B.Des,Human-Computer Interaction,7.78,"User Research, Sketch","Problem-Solving, Empathy",Ambivert,12+ LPA,Nielsen Norman Group UX Certification,I like a mix of both,Kinesthetic,Yes,No,UI/UX Designer
Diploma,Mechanical Engineering,8.82,"SolidWorks, MATLAB","Problem-Solving, Teamwork",Ambivert,4-8 LPA,No Certification,I prefer working in a team,Kinesthetic,Yes,Yes,Mechanical Engineer
B.A.,Graphic Design,7.76,"Figma, Adobe Photoshop","Attention to Detail, Creativity",Introvert,4-8 LPA,Adobe Certified Expert (ACE),I prefer working alone,Visual,No,Yes,Graphic Designer
B.Tech,Graphic Design,8.86,"Figma, Sketch","Empathy, Creativity",Ambivert,12+ LPA,Nielsen Norman Group UX Certification,I like a mix of both,Visual,No,No,UI/UX Designer
B.Tech,Computer Science,8.1,"JavaScript, Java","Problem-Solving, Teamwork",Introvert,12+ LPA,No Certification,I prefer working alone,Kinesthetic,Yes,No,Software Developer
B.Tech,Data Science,8.67,"Scikit-learn, SQL, R","Critical Thinking, Problem-Solving",Ambivert,8-12 LPA,Google Data Analytics,I prefer working alone,Read/Write,Yes,No,Data Scientist
B.Des,Fine Arts,8.4,"Figma, Adobe Illustrator, Adobe Photoshop","Creativity, Attention to Detail",Ambivert,4-8 LPA,No Certification,I prefer working alone,Kinesthetic,No,Yes,Graphic Designer
B.Des,Graphic Design,7.68,"Adobe Illustrator, Figma, Adobe Photoshop","Creativity, Attention to Detail",Ambivert,Less than 4 LPA,Adobe Certified Expert (ACE),I like a mix of both,Kinesthetic,No,Yes,Graphic Designer
M.Tech,AI & ML,9.03,"NLP, Computer Vision","Critical Thinking, Research",Introvert,12+ LPA,Deep Learning Specialization,I prefer working alone,Read/Write,Yes,Yes,AI Specialist
B.Des,Graphic Design,8.46,"Adobe Photoshop, Adobe Illustrator, Figma","Attention to Detail, Creativity",Ambivert,Less than 4 LPA,Adobe Certified Expert (ACE),I prefer working alone,Visual,No,No,Graphic Designer
M.Tech,Computer Science,9.13,"Python, PyTorch, Computer Vision, TensorFlow","Critical Thinking, Research",Introvert,12+ LPA,TensorFlow Developer,I prefer working alone,Read/Write,Yes,Yes,AI Specialist
B.A.,Graphic Design,8.41,"Figma, Adobe Photoshop","Attention to Detail, Creativity",Introvert,4-8 LPA,Adobe Certified Expert (ACE),I prefer working alone,Visual,No,Yes,Graphic Designer
MBA,Business Administration,7.78,"Social Media Management, SEO","Communication, Creativity",Extrovert,12+ LPA,HubSpot Content Marketing,I prefer working in a team,Auditory,Yes,No,Marketing Manager
B.Des,Graphic Design,8.18,"Sketch, User Research, Figma","Problem-Solving, Creativity",Ambivert,12+ LPA,No Certification,I like a mix of both,Visual,Yes,No,Graphic Designer
M.Tech,AI & ML,9.85,"TensorFlow, Computer Vision, Python","Critical Thinking, Research",Introvert,12+ LPA,Deep Learning Specialization,I prefer working alone,Read/Write,Yes,Yes,Data Scientist
B.Tech,Computer Science,9.69,"JavaScript, Java, SQL, Git, Python","Problem-Solving, Teamwork",Ambivert,8-12 LPA,No Certification,I prefer working alone,Kinesthetic,Yes,No,Software Developer
MBA,Commerce,8.85,"MS Excel, SQL, Tableau","Attention to Detail, Analytical Skills",Extrovert,4-8 LPA,CFA,I prefer working alone,Read/Write,Maybe,Yes,Financial Analyst
B.Tech,Computer Science,9.62,"JavaScript, SQL","Problem-Solving, Teamwork",Introvert,12+ LPA,Coursera - Python for Everybody,I like a mix of both,Visual,Maybe,No,Software Developer
B.Tech,Computer Science,9.43,"Python, JavaScript","Teamwork, Problem-Solving",Ambivert,8-12 LPA,Coursera - Python for Everybody,I prefer working alone,Kinesthetic,Yes,No,Software Developer
B.A.,Graphic Design,8.17,"Adobe Illustrator, Adobe Photoshop, Figma","Attention to Detail, Creativity",Ambivert,4-8 LPA,Adobe Certified Expert (ACE),I prefer working alone,Visual,No,No,Graphic Designer
B.Tech,Computer Science,9.75,"Git, JavaScript, Java, Python","Teamwork, Problem-Solving",Introvert,12+ LPA,No Certification,I like a mix of both,Kinesthetic,Yes,No,Software Developer
M.Tech,Data Science,8.97,"Scikit-learn, Python","Problem-Solving, Critical Thinking",Introvert,8-12 LPA,IBM Data Science,I prefer working alone,Read/Write,Yes,No,Data Scientist
B.Tech,Computer Science,8.54,"SQL, Git, JavaScript, Java","Teamwork, Problem-Solving",Introvert,8-12 LPA,Coursera - Python for Everybody,I prefer working alone,Visual,Maybe,No,Software Developer
M.Tech,AI & ML,8.99,"Python, TensorFlow, Computer Vision, NLP","Critical Thinking, Research",Introvert,12+ LPA,TensorFlow Developer,I prefer working alone,Read/Write,Yes,Yes,AI Specialist
M.Tech,AI & ML,9.75,"PyTorch, Computer Vision, Python, TensorFlow","Critical Thinking, Research",Introvert,12+ LPA,TensorFlow Developer,I prefer working alone,Read/Write,Yes,Yes,AI Specialist
M.Tech,AI & ML,8.91,"Computer Vision, Python, TensorFlow","Research, Critical Thinking",Introvert,12+ LPA,TensorFlow Developer,I prefer working alone,Read/Write,Yes,Yes,AI Specialist
BBA,Marketing,7.45,"Google Analytics, SEO, Social Media Management, Digital Marketing","Communication, Creativity",Extrovert,12+ LPA,Google Digital Marketing,I prefer working in a team,Visual,Maybe,No,Social Media Manager
BBA,Business Administration,7.25,"Social Media Management, Google Analytics","Leadership, Creativity",Extrovert,12+ LPA,HubSpot Content Marketing,I prefer working in a team,Visual,Maybe,No,Marketing Manager
M.Tech,AI & ML,9.93,"Python, NLP, Computer Vision, TensorFlow","Critical Thinking, Research",Introvert,12+ LPA,Deep Learning Specialization,I prefer working alone,Read/Write,Yes,Yes,AI Specialist
B.Tech,Computer Science,9.3,"R, TensorFlow, Scikit-learn, SQL","Critical Thinking, Problem-Solving",Ambivert,8-12 LPA,IBM Data Science,I prefer working alone,Read/Write,Yes,Yes,Data Scientist
BBA,Business Administration,8.64,"SEO, Google Analytics","Creativity, Communication",Extrovert,12+ LPA,Google Digital Marketing,I prefer working in a team,Auditory,Maybe,No,Marketing Manager
B.Tech,Mechanical Engineering,7.44,"MATLAB, AutoCAD, SolidWorks","Problem-Solving, Teamwork",Ambivert,4-8 LPA,No Certification,I prefer working in a team,Kinesthetic,Yes,Yes,Mechanical Engineer
B.Des,Fine Arts,7.54,"Figma, Adobe Photoshop, Adobe Illustrator","Attention to Detail, Creativity",Introvert,4-8 LPA,Adobe Certified Expert (ACE),I prefer working alone,Kinesthetic,No,No,Graphic Designer
B.Tech,Human-Computer Interaction,8.62,"Figma, Adobe XD, Sketch","Empathy, Creativity",Ambivert,12+ LPA,Nielsen Norman Group UX Certification,I like a mix of both,Kinesthetic,Yes,No,UI/UX Designer
B.Des,Graphic Design,8.99,"Adobe XD, Figma, User Research, Sketch","Problem-Solving, Empathy",Ambivert,8-12 LPA,No Certification,I like a mix of both,Kinesthetic,Yes,No,UI/UX Designer
M.Tech,Computer Science,9.15,"TensorFlow, PyTorch, Computer Vision, NLP, Python","Critical Thinking, Research",Introvert,12+ LPA,Deep Learning Specialization,I prefer working alone,Read/Write,Yes,Yes,Data Scientist
M.Tech,Computer Science,8.98,"PyTorch, Computer Vision, TensorFlow, NLP, Python","Critical Thinking, Research",Introvert,12+ LPA,Deep Learning Specialization,I prefer working alone,Read/Write,Yes,Yes,AI Specialist
B.Tech,Computer Science,8.76,"Scikit-learn, Python","Critical Thinking, Problem-Solving",Ambivert,8-12 LPA,IBM Data Science,I prefer working alone,Read/Write,Yes,Yes,AI Specialist
BBA,Marketing,7.73,"SEO, Google Analytics","Creativity, Leadership",Extrovert,12+ LPA,HubSpot Content Marketing,I prefer working in a team,Visual,Maybe,No,Marketing Manager
B.Tech,Mechanical Engineering,7.63,"SolidWorks, MATLAB","Teamwork, Problem-Solving",Ambivert,4-8 LPA,Certified SOLIDWORKS Professional,I prefer working in a team,Kinesthetic,Maybe,Yes,Mechanical Engineer
M.Tech,Computer Science,9.67,"PyTorch, Computer Vision, TensorFlow, NLP, Python","Critical Thinking, Research",Introvert,12+ LPA,Deep Learning Specialization,I prefer working alone,Read/Write,Yes,Yes,AI Specialist
B.Com,Finance,8.32,"Tableau, SQL, MS Excel","Attention to Detail, Analytical Skills",Extrovert,8-12 LPA,CFA,I prefer working alone,Read/Write,No,Yes,Financial Analyst
B.Des,Graphic Design,9.05,"User Research, Adobe XD, Sketch","Problem-Solving, Empathy",Ambivert,12+ LPA,Nielsen Norman Group UX Certification,I like a mix of both,Kinesthetic,Yes,No,Graphic Designer
MBA,Finance,9.12,"MS Excel, Financial Modeling, SQL","Attention to Detail, Analytical Skills",Extrovert,8-12 LPA,No Certification,I prefer working alone,Visual,Maybe,No,Financial Analyst
B.Tech,Computer Science,8.96,"R, Scikit-learn","Problem-Solving, Critical Thinking",Ambivert,12+ LPA,Google Data Analytics,I prefer working alone,Visual,Yes,Yes,Data Scientist
B.Tech,Computer Science,9.05,"SQL, Scikit-learn, TensorFlow","Problem-Solving, Critical Thinking",Ambivert,8-12 LPA,IBM Data Science,I prefer working alone,Visual,Yes,No,Data Scientist
M.Tech,Data Science,9.41,"R, Python","Critical Thinking, Problem-Solving",Introvert,8-12 LPA,IBM Data Science,I prefer working alone,Read/Write,Yes,Yes,Data Scientist
BBA,Marketing,8.28,"SEO, Social Media Management, Google Analytics","Communication, Leadership",Extrovert,12+ LPA,HubSpot Content Marketing,I prefer working in a team,Visual,Maybe,No,Marketing Manager
B.Tech,Computer Science,9.4,"Git, SQL, JavaScript, Python, Java","Teamwork, Problem-Solving",Ambivert,8-12 LPA,Coursera - Python for Everybody,I like a mix of both,Visual,Maybe,No,Software Developer
B.Tech,Computer Science,9.6,"JavaScript, Java, SQL, Git","Teamwork, Problem-Solving",Introvert,12+ LPA,No Certification,I prefer working alone,Kinesthetic,Yes,No,Data Scientist
B.Com,Commerce,8.19,"SQL, Tableau, MS Excel","Attention to Detail, Analytical Skills",Extrovert,4-8 LPA,No Certification,I prefer working alone,Read/Write,Maybe,Yes,Business Analyst
B.Tech,Data Science,8.68,"TensorFlow, Python, R, SQL, Scikit-learn","Problem-Solving, Critical Thinking",Introvert,8-12 LPA,Google Data Analytics,I prefer working alone,Read/Write,Yes,No,AI Specialist
MBA,Marketing,8.89,"Social Media Management, SEO","Creativity, Communication",Extrovert,12+ LPA,HubSpot Content Marketing,I prefer working in a team,Visual,Yes,No,Social Media Manager
M.Tech,Data Science,9.84,"TensorFlow, Scikit-learn, SQL, Python, R","Problem-Solving, Critical Thinking",Introvert,8-12 LPA,Google Data Analytics,I prefer working alone,Visual,Yes,No,Data Scientist
B.Tech,Data Science,8.65,"Scikit-learn, SQL, R, Python, TensorFlow","Critical Thinking, Problem-Solving",Ambivert,12+ LPA,Google Data Analytics,I prefer working alone,Read/Write,Yes,No,Data Scientist
M.Tech,Computer Science,9.58,"NLP, TensorFlow, PyTorch, Computer Vision, Python","Research, Critical Thinking",Introvert,12+ LPA,Deep Learning Specialization,I prefer working alone,Read/Write,Yes,Yes,AI Specialist
B.Tech,Data Science,9.39,"Scikit-learn, R, Python, SQL","Critical Thinking, Problem-Solving",Ambivert,12+ LPA,IBM Data Science,I prefer working alone,Visual,Yes,Yes,AI Specialist
Diploma,Mechanical Engineering,8.25,"MATLAB, AutoCAD","Problem-Solving, Teamwork",Ambivert,4-8 LPA,Certified SOLIDWORKS Professional,I prefer working in a team,Kinesthetic,Maybe,Yes,Civil Engineer
B.Tech,Computer Science,9.53,"Java, Git, Python","Teamwork, Problem-Solving",Introvert,8-12 LPA,No Certification,I like a mix of both,Kinesthetic,Maybe,No,Software Developer
Diploma,Mechanical Engineering,8.55,"MATLAB, AutoCAD","Teamwork, Problem-Solving",Ambivert,8-12 LPA,Certified SOLIDWORKS Professional,I prefer working in a team,Kinesthetic,Yes,Yes,Mechanical Engineer
MBA,Commerce,9.05,"MS Excel, Financial Modeling, SQL, Tableau","Attention to Detail, Analytical Skills",Extrovert,8-12 LPA,CFA,I prefer working alone,Read/Write,No,No,Financial Analyst
B.Tech,Computer Science,8.83,"SQL, JavaScript","Problem-Solving, Teamwork",Ambivert,8-12 LPA,No Certification,I prefer working alone,Kinesthetic,Yes,No,Data Scientist
B.Com,Finance,7.95,"Financial Modeling, MS Excel, Tableau, SQL","Attention to Detail, Analytical Skills",Ambivert,4-8 LPA,CFA,I prefer working alone,Read/Write,Maybe,No,Financial Analyst
BBA,Marketing,8.12,"Google Analytics, Digital Marketing, Social Media Management","Leadership, Communication",Extrovert,8-12 LPA,HubSpot Content Marketing,I prefer working in a team,Visual,Yes,No,Marketing Manager
MBA,Finance,7.97,"Tableau, Financial Modeling, MS Excel, SQL","Attention to Detail, Analytical Skills",Ambivert,8-12 LPA,CFA,I prefer working alone,Visual,Maybe,No,Business Analyst
MBA,Commerce,8.74,"SQL, Financial Modeling, MS Excel, Tableau","Attention to Detail, Analytical Skills",Ambivert,8-12 LPA,No Certification,I prefer working alone,Visual,Maybe,No,Financial Analyst
B.Tech,Human-Computer Interaction,8.62,"Adobe XD, Sketch, User Research, Figma","Creativity, Problem-Solving",Ambivert,12+ LPA,Nielsen Norman Group UX Certification,I like a mix of both,Kinesthetic,Yes,No,UI/UX Designer
B.Des,Graphic Design,6.58,"Adobe Photoshop, Figma, Adobe Illustrator","Creativity, Attention to Detail",Introvert,Less than 4 LPA,Adobe Certified Expert (ACE),I like a mix of both,Kinesthetic,No,No,Graphic Designer
B.Tech,Data Science,9.45,"TensorFlow, SQL, Python","Problem-Solving, Critical Thinking",Ambivert,8-12 LPA,Google Data Analytics,I prefer working alone,Read/Write,Yes,No,Data Scientist
MBA,Marketing,7.21,"Digital Marketing, Social Media Management","Creativity, Leadership",Extrovert,12+ LPA,HubSpot Content Marketing,I prefer working in a team,Visual,Yes,No,Marketing Manager
M.Tech,Computer Science,8.79,"TensorFlow, Scikit-learn, R, Python","Critical Thinking, Problem-Solving",Ambivert,12+ LPA,Google Data Analytics,I prefer working alone,Read/Write,Yes,No,Data Scientist
M.Tech,Computer Science,8.93,"TensorFlow, Computer Vision, Python","Critical Thinking, Research",Introvert,12+ LPA,TensorFlow Developer,I prefer working alone,Read/Write,Yes,Yes,AI Specialist
B.Tech,Data Science,9.65,"Scikit-learn, Python","Critical Thinking, Problem-Solving",Ambivert,8-12 LPA,IBM Data Science,I prefer working alone,Visual,Yes,Yes,Data Scientist
B.A.,Fine Arts,7.61,"Adobe Photoshop, Figma","Attention to Detail, Creativity",Introvert,Less than 4 LPA,Adobe Certified Expert (ACE),I like a mix of both,Visual,No,No,Graphic Designer
B.A.,Fine Arts,7.41,"Adobe Illustrator, Adobe Photoshop","Attention to Detail, Creativity",Ambivert,4-8 LPA,No Certification,I like a mix of both,Kinesthetic,No,No,Graphic Designer
B.Tech,Human-Computer Interaction,8.45,"Sketch, User Research, Figma","Problem-Solving, Empathy",Ambivert,8-12 LPA,No Certification,I like a mix of both,Kinesthetic,No,No,UI/UX Designer
B.Des,Human-Computer Interaction,8.03,"Sketch, User Research","Empathy, Creativity",Ambivert,8-12 LPA,Nielsen Norman Group UX Certification,I like a mix of both,Kinesthetic,Yes,No,UI/UX Designer
B.Tech,Computer Science,9.09,"Python, Git, JavaScript, SQL","Problem-Solving, Teamwork",Ambivert,12+ LPA,Coursera - Python for Everybody,I prefer working alone,Visual,Yes,No,Software Developer
B.Tech,Data Science,9.22,"R, Scikit-learn","Problem-Solving, Critical Thinking",Introvert,12+ LPA,Google Data Analytics,I prefer working alone,Visual,Yes,Yes,Data Scientist
B.Com,Commerce,9.09,"Tableau, Financial Modeling, MS Excel","Analytical Skills, Attention to Detail",Ambivert,4-8 LPA,No Certification,I prefer working alone,Visual,No,No,Financial Analyst
M.Tech,AI & ML,8.91,"Computer Vision, NLP, Python","Critical Thinking, Research",Introvert,12+ LPA,TensorFlow Developer,I prefer working alone,Read/Write,Yes,Yes,AI Specialist
B.Tech,Mechanical Engineering,7.08,"AutoCAD, SolidWorks","Problem-Solving, Teamwork",Ambivert,4-8 LPA,Certified SOLIDWORKS Professional,I prefer working in a team,Kinesthetic,Yes,Yes,Mechanical Engineer
B.Tech,Computer Science,8.65,"Python, Java, SQL, JavaScript, Git","Teamwork, Problem-Solving",Ambivert,8-12 LPA,Coursera - Python for Everybody,I prefer working alone,Visual,Maybe,No,Software Developer
M.Tech,Computer Science,8.86,"TensorFlow, Python, NLP","Critical Thinking, Research",Introvert,12+ LPA,Deep Learning Specialization,I prefer working alone,Read/Write,Yes,Yes,Data Scientist
B.Tech,Computer Science,9.2,"Python, Git, JavaScript","Problem-Solving, Teamwork",Introvert,8-12 LPA,No Certification,I like a mix of both,Kinesthetic,Maybe,No,Software Developer
B.Tech,Computer Science,9.53,"Java, JavaScript, Git","Teamwork, Problem-Solving",Ambivert,12+ LPA,Coursera - Python for Everybody,I prefer working alone,Kinesthetic,Maybe,No,Software Developer
B.Tech,Mechanical Engineering,8.41,"SolidWorks, AutoCAD","Problem-Solving, Teamwork",Ambivert,4-8 LPA,Certified SOLIDWORKS Professional,I prefer working in a team,Kinesthetic,Maybe,Yes,Mechanical Engineer
B.Tech,Computer Science,8.18,"Java, JavaScript, Python, SQL","Problem-Solving, Teamwork",Introvert,12+ LPA,Coursera - Python for Everybody,I like a mix of both,Kinesthetic,Yes,No,Software Developer
B.Com,Finance,8.46,"Financial Modeling, Tableau","Attention to Detail, Analytical Skills",Extrovert,8-12 LPA,No Certification,I prefer working alone,Read/Write,No,No,Financial Analyst
M.Tech,AI & ML,9.87,"NLP, Python","Research, Critical Thinking",Introvert,12+ LPA,TensorFlow Developer,I prefer working alone,Read/Write,Yes,Yes,Data Scientist
BBA,Marketing,8.27,"SEO, Digital Marketing, Google Analytics","Communication, Leadership",Extrovert,8-12 LPA,Google Digital Marketing,I prefer working in a team,Auditory,Maybe,No,Marketing Manager
BBA,Marketing,7.81,"Google Analytics, SEO, Social Media Management, Digital Marketing","Creativity, Communication",Extrovert,12+ LPA,HubSpot Content Marketing,I prefer working in a team,Auditory,Maybe,No,Marketing Manager
Diploma,Mechanical Engineering,7.66,"SolidWorks, AutoCAD","Problem-Solving, Teamwork",Ambivert,4-8 LPA,No Certification,I prefer working in a team,Kinesthetic,Yes,Yes,Mechanical Engineer
M.Tech,Computer Science,8.67,"Python, TensorFlow, Scikit-learn, R","Problem-Solving, Critical Thinking",Ambivert,8-12 LPA,IBM Data Science,I prefer working alone,Read/Write,Yes,Yes,Data Scientist
MBA,Commerce,8.75,"SQL, Tableau, MS Excel, Financial Modeling","Analytical Skills, Attention to Detail",Ambivert,8-12 LPA,No Certification,I prefer working alone,Read/Write,No,No,Business Analyst
M.Tech,Computer Science,8.57,"R, TensorFlow, SQL","Critical Thinking, Problem-Solving",Ambivert,8-12 LPA,Google Data Analytics,I prefer working alone,Read/Write,Yes,No,Data Scientist
B.Tech,Computer Science,9.42,"Python, Java, SQL, JavaScript, Git","Teamwork, Problem-Solving",Introvert,8-12 LPA,Coursera - Python for Everybody,I prefer working alone,Kinesthetic,Yes,No,Software Developer
B.Des,Human-Computer Interaction,8.99,"Adobe XD, User Research, Figma","Empathy, Problem-Solving",Ambivert,12+ LPA,Nielsen Norman Group UX Certification,I like a mix of both,Kinesthetic,Yes,No,UI/UX Designer
B.Tech,Graphic Design,8.61,"Adobe XD, Sketch","Problem-Solving, Empathy",Ambivert,8-12 LPA,Nielsen Norman Group UX Certification,I like a mix of both,Visual,Yes,No,UI/UX Designer
M.Tech,AI & ML,9.94,"Computer Vision, Python, TensorFlow","Critical Thinking, Research",Introvert,12+ LPA,Deep Learning Specialization,I prefer working alone,Read/Write,Yes,Yes,AI Specialist
MBA,Finance,8.38,"SQL, MS Excel","Analytical Skills, Attention to Detail",Extrovert,8-12 LPA,CFA,I prefer working alone,Visual,No,Yes,Financial Analyst
MBA,Marketing,8.79,"SEO, Google Analytics, Digital Marketing","Communication, Leadership",Extrovert,8-12 LPA,HubSpot Content Marketing,I prefer working in a team,Auditory,Maybe,No,Marketing Manager
M.Tech,Computer Science,8.92,"NLP, PyTorch, Python","Critical Thinking, Research",Introvert,12+ LPA,Deep Learning Specialization,I prefer working alone,Read/Write,Yes,Yes,AI Specialist
MBA,Business Administration,8.98,"SEO, Digital Marketing","Communication, Creativity",Extrovert,12+ LPA,HubSpot Content Marketing,I prefer working in a team,Visual,Maybe,No,Marketing Manager
M.Tech,Data Science,8.81,"Python, R, SQL","Critical Thinking, Problem-Solving",Ambivert,8-12 LPA,Google Data Analytics,I prefer working alone,Read/Write,Yes,No,Data Scientist
B.Des,Graphic Design,8.2,"Figma, Adobe Photoshop","Creativity, Attention to Detail",Ambivert,4-8 LPA,Adobe Certified Expert (ACE),I prefer working alone,Kinesthetic,No,No,UI/UX Designer
M.Tech,Computer Science,9.43,"Computer Vision, TensorFlow, Python, PyTorch, NLP","Critical Thinking, Research",Introvert,12+ LPA,TensorFlow Developer,I prefer working alone,Read/Write,Yes,Yes,AI Specialist
MBA,Business Administration,7.58,"Google Analytics, Social Media Management, SEO","Communication, Creativity",Extrovert,8-12 LPA,Google Digital Marketing,I prefer working in a team,Visual,Maybe,No,Social Media Manager
M.Tech,Computer Science,9.59,"Computer Vision, PyTorch, NLP, Python, TensorFlow","Research, Critical Thinking",Introvert,12+ LPA,Deep Learning Specialization,I prefer working alone,Read/Write,Yes,Yes,AI Specialist
MBA,Business Administration,7.24,"Google Analytics, Social Media Management, Digital Marketing","Leadership, Creativity",Extrovert,8-12 LPA,HubSpot Content Marketing,I prefer working in a team,Auditory,Maybe,No,Marketing Manager
B.Des,Fine Arts,8.15,"Adobe Photoshop, Figma","Attention to Detail, Creativity",Ambivert,Less than 4 LPA,Adobe Certified Expert (ACE),I prefer working alone,Visual,No,Yes,Graphic Designer
M.Tech,Data Science,8.74,"Python, TensorFlow, Scikit-learn, R","Problem-Solving, Critical Thinking",Ambivert,8-12 LPA,IBM Data Science,I prefer working alone,Visual,Yes,Yes,Data Scientist
B.Tech,Computer Science,9.37,"SQL, Java","Problem-Solving, Teamwork",Ambivert,8-12 LPA,No Certification,I like a mix of both,Kinesthetic,Maybe,No,Software Developer
MBA,Business Administration,8.41,"Google Analytics, Digital Marketing","Communication, Creativity",Extrovert,12+ LPA,HubSpot Content Marketing,I prefer working in a team,Auditory,Maybe,No,Marketing Manager
B.Tech,Human-Computer Interaction,8.79,"Adobe XD, Sketch","Problem-Solving, Creativity",Ambivert,12+ LPA,No Certification,I like a mix of both,Visual,No,No,UI/UX Designer
B.Tech,Mechanical Engineering,7.59,"SolidWorks, AutoCAD, MATLAB","Teamwork, Problem-Solving",Ambivert,8-12 LPA,Certified SOLIDWORKS Professional,I prefer working in a team,Kinesthetic,Yes,Yes,Mechanical Engineer
M.Tech,Data Science,8.52,"TensorFlow, Python, Scikit-learn, R, SQL","Problem-Solving, Critical Thinking",Ambivert,8-12 LPA,Google Data Analytics,I prefer working alone,Read/Write,Yes,Yes,Data Scientist
B.Tech,Computer Science,9.32,"SQL, Scikit-learn, TensorFlow, Python, R","Problem-Solving, Critical Thinking",Introvert,12+ LPA,IBM Data Science,I prefer working alone,Read/Write,Yes,No,Data Scientist
B.Des,Graphic Design,8.8,"Figma, Adobe Photoshop","Attention to Detail, Creativity",Ambivert,Less than 4 LPA,No Certification,I like a mix of both,Kinesthetic,No,Yes,Graphic Designer
B.Tech,Computer Science,9.63,"JavaScript, SQL, Python, Git","Teamwork, Problem-Solving",Ambivert,8-12 LPA,No Certification,I like a mix of both,Kinesthetic,Yes,No,Software Developer
B.Tech,Graphic Design,9.17,"User Research, Adobe XD, Figma","Problem-Solving, Creativity",Ambivert,12+ LPA,Nielsen Norman Group UX Certification,I like a mix of both,Kinesthetic,Yes,No,UI/UX Designer
B.Tech,Data Science,9.81,"Python, SQL, R","Problem-Solving, Critical Thinking",Introvert,8-12 LPA,Google Data Analytics,I prefer working alone,Read/Write,Yes,Yes,AI Specialist
B.Tech,Computer Science,9.45,"R, TensorFlow","Problem-Solving, Critical Thinking",Introvert,12+ LPA,Google Data Analytics,I prefer working alone,Visual,Yes,No,Data Scientist
B.Com,Commerce,9.2,"MS Excel, Financial Modeling, SQL, Tableau","Attention to Detail, Analytical Skills",Extrovert,8-12 LPA,No Certification,I prefer working alone,Read/Write,Maybe,Yes,Financial Analyst
B.Tech,Graphic Design,8.36,"User Research, Sketch, Figma","Empathy, Creativity",Ambivert,8-12 LPA,No Certification,I like a mix of both,Kinesthetic,Yes,No,UI/UX Designer
M.Tech,AI & ML,8.87,"PyTorch, Computer Vision, NLP","Research, Critical Thinking",Introvert,12+ LPA,Deep Learning Specialization,I prefer working alone,Read/Write,Yes,Yes,Data Scientist
B.Des,Human-Computer Interaction,8.78,"Sketch, Adobe XD, User Research","Creativity, Problem-Solving",Ambivert,8-12 LPA,Nielsen Norman Group UX Certification,I like a mix of both,Kinesthetic,Yes,No,UI/UX Designer
B.A.,Graphic Design,7.61,"Adobe Photoshop, Figma","Creativity, Attention to Detail",Ambivert,Less than 4 LPA,No Certification,I like a mix of both,Kinesthetic,No,Yes,Graphic Designer
MBA,Commerce,8.38,"Tableau, Financial Modeling, SQL, MS Excel","Attention to Detail, Analytical Skills",Extrovert,8-12 LPA,CFA,I prefer working alone,Read/Write,Maybe,Yes,Financial Analyst
B.Des,Fine Arts,7.1,"Figma, Adobe Illustrator, Adobe Photoshop","Creativity, Attention to Detail",Ambivert,4-8 LPA,Adobe Certified Expert (ACE),I like a mix of both,Visual,No,Yes,Graphic Designer
B.A.,Graphic Design,7.76,"Adobe Illustrator, Adobe Photoshop, Figma","Attention to Detail, Creativity",Ambivert,4-8 LPA,Adobe Certified Expert (ACE),I prefer working alone,Kinesthetic,No,Yes,Graphic Designer
B.Des,Graphic Design,7.94,"User Research, Sketch","Creativity, Problem-Solving",Ambivert,12+ LPA,Nielsen Norman Group UX Certification,I like a mix of both,Kinesthetic,No,No,UI/UX Designer
B.Tech,Mechanical Engineering,7.55,"MATLAB, SolidWorks, AutoCAD","Teamwork, Problem-Solving",Ambivert,8-12 LPA,Certified SOLIDWORKS Professional,I prefer working in a team,Kinesthetic,Yes,Yes,Civil Engineer
M.Tech,Computer Science,9.09,"NLP, Python, PyTorch, TensorFlow","Critical Thinking, Research",Introvert,12+ LPA,Deep Learning Specialization,I prefer working alone,Read/Write,Yes,Yes,AI Specialist
M.Tech,AI & ML,9.72,"NLP, Computer Vision","Research, Critical Thinking",Introvert,12+ LPA,Deep Learning Specialization,I prefer working alone,Read/Write,Yes,Yes,AI Specialist
M.Tech,Data Science,8.76,"SQL, Scikit-learn, TensorFlow","Critical Thinking, Problem-Solving",Introvert,8-12 LPA,Google Data Analytics,I prefer working alone,Read/Write,Yes,No,Data Scientist
Diploma,Mechanical Engineering,7.69,"MATLAB, SolidWorks, AutoCAD","Teamwork, Problem-Solving",Ambivert,8-12 LPA,No Certification,I prefer working in a team,Kinesthetic,Yes,Yes,Mechanical Engineer
MBA,Commerce,8.02,"Financial Modeling, MS Excel, SQL, Tableau","Analytical Skills, Attention to Detail",Extrovert,4-8 LPA,CFA,I prefer working alone,Visual,Maybe,No,Business Analyst
BBA,Marketing,8.7,"Google Analytics, Social Media Management, Digital Marketing","Creativity, Communication",Extrovert,8-12 LPA,Google Digital Marketing,I prefer working in a team,Auditory,Maybe,No,Marketing Manager
B.Com,Commerce,7.81,"MS Excel, Tableau, SQL, Financial Modeling","Attention to Detail, Analytical Skills",Ambivert,8-12 LPA,No Certification,I prefer working alone,Read/Write,No,Yes,Business Analyst
M.Tech,Computer Science,9.82,"Computer Vision, TensorFlow","Critical Thinking, Research",Introvert,12+ LPA,Deep Learning Specialization,I prefer working alone,Read/Write,Yes,Yes,AI Specialist
B.Tech,Computer Science,8.78,"JavaScript, Java, Git, SQL","Teamwork, Problem-Solving",Ambivert,8-12 LPA,Coursera - Python for Everybody,I prefer working alone,Visual,Yes,No,Software Developer
MBA,Business Administration,7.77,"Google Analytics, Social Media Management","Communication, Creativity",Extrovert,12+ LPA,HubSpot Content Marketing,I prefer working in a team,Visual,Yes,No,Marketing Manager
M.Tech,Computer Science,9.51,"Python, NLP, Computer Vision, TensorFlow","Research, Critical Thinking",Introvert,12+ LPA,TensorFlow Developer,I prefer working alone,Read/Write,Yes,Yes,AI Specialist
B.Tech,Computer Science,9.33,"Git, Python","Teamwork, Problem-Solving",Introvert,12+ LPA,No Certification,I prefer working alone,Kinesthetic,Maybe,No,Software Developer
B.Tech,Data Science,8.87,"TensorFlow, SQL","Problem-Solving, Critical Thinking",Ambivert,8-12 LPA,IBM Data Science,I prefer working alone,Read/Write,Yes,No,Data Scientist
B.Tech,Graphic Design,9.28,"Adobe XD, Figma, User Research","Problem-Solving, Creativity",Ambivert,12+ LPA,No Certification,I like a mix of both,Kinesthetic,Yes,No,Graphic Designer
B.Tech,Computer Science,8.46,"Git, JavaScript, Java","Problem-Solving, Teamwork",Ambivert,12+ LPA,No Certification,I like a mix of both,Visual,Yes,No,Software Developer
M.Tech,AI & ML,9.75,"NLP, TensorFlow, Python, Computer Vision","Research, Critical Thinking",Introvert,12+ LPA,TensorFlow Developer,I prefer working alone,Read/Write,Yes,Yes,AI Specialist
B.A.,Fine Arts,6.66,"Adobe Illustrator, Figma, Adobe Photoshop","Creativity, Attention to Detail",Introvert,4-8 LPA,No Certification,I like a mix of both,Visual,No,Yes,Graphic Designer
MBA,Marketing,7.0,"SEO, Social Media Management, Digital Marketing, Google Analytics","Creativity, Leadership",Extrovert,8-12 LPA,HubSpot Content Marketing,I prefer working in a team,Auditory,Maybe,No,Marketing Manager
M.Tech,Computer Science,9.4,"Python, PyTorch, NLP","Research, Critical Thinking",Introvert,12+ LPA,Deep Learning Specialization,I prefer working alone,Read/Write,Yes,Yes,AI Specialist
B.Tech,Mechanical Engineering,8.78,"MATLAB, SolidWorks","Problem-Solving, Teamwork",Ambivert,4-8 LPA,Certified SOLIDWORKS Professional,I prefer working in a team,Kinesthetic,Maybe,Yes,Mechanical Engineer
MBA,Business Administration,7.65,"Social Media Management, Google Analytics, SEO, Digital Marketing","Creativity, Communication",Extrovert,12+ LPA,HubSpot Content Marketing,I prefer working in a team,Auditory,Maybe,No,Marketing Manager
M.Tech,Computer Science,9.47,"NLP, Computer Vision, PyTorch, Python","Critical Thinking, Research",Introvert,12+ LPA,Deep Learning Specialization,I prefer working alone,Read/Write,Yes,Yes,AI Specialist
M.Tech,Computer Science,9.46,"NLP, Python, TensorFlow","Research, Critical Thinking",Introvert,12+ LPA,TensorFlow Developer,I prefer working alone,Read/Write,Yes,Yes,AI Specialist
M.Tech,AI & ML,9.33,"Computer Vision, NLP, Python","Critical Thinking, Research",Introvert,12+ LPA,Deep Learning Specialization,I prefer working alone,Read/Write,Yes,Yes,AI Specialist
B.Des,Graphic Design,8.06,"Figma, Adobe Photoshop","Attention to Detail, Creativity",Ambivert,Less than 4 LPA,Adobe Certified Expert (ACE),I prefer working alone,Kinesthetic,No,Yes,Graphic Designer
M.Tech,Data Science,8.59,"R, Python, TensorFlow","Problem-Solving, Critical Thinking",Ambivert,8-12 LPA,IBM Data Science,I prefer working alone,Read/Write,Yes,No,Data Scientist
B.Des,Human-Computer Interaction,7.71,"Figma, Adobe XD, User Research","Empathy, Creativity",Ambivert,8-12 LPA,Nielsen Norman Group UX Certification,I like a mix of both,Visual,Yes,No,UI/UX Designer
B.Tech,Computer Science,9.57,"SQL, Python, JavaScript, Git","Problem-Solving, Teamwork",Ambivert,12+ LPA,No Certification,I prefer working alone,Visual,Yes,No,Software Developer
B.Com,Finance,8.34,"Tableau, MS Excel, Financial Modeling","Analytical Skills, Attention to Detail",Extrovert,4-8 LPA,CFA,I prefer working alone,Visual,No,No,Financial Analyst
M.Tech,AI & ML,9.78,"TensorFlow, NLP, Python","Critical Thinking, Research",Introvert,12+ LPA,Deep Learning Specialization,I prefer working alone,Read/Write,Yes,Yes,AI Specialist
BBA,Business Administration,8.37,"Google Analytics, Digital Marketing","Leadership, Communication",Extrovert,8-12 LPA,HubSpot Content Marketing,I prefer working in a team,Auditory,Maybe,No,Marketing Manager
B.Com,Finance,8.35,"Tableau, Financial Modeling, MS Excel, SQL","Attention to Detail, Analytical Skills",Ambivert,8-12 LPA,CFA,I prefer working alone,Visual,Maybe,No,Financial Analyst
B.Tech,Computer Science,9.39,"SQL, JavaScript, Java, Python","Problem-Solving, Teamwork",Ambivert,8-12 LPA,No Certification,I like a mix of both,Visual,Yes,No,Software Developer
B.Tech,Mechanical Engineering,8.59,"AutoCAD, SolidWorks, MATLAB","Problem-Solving, Teamwork",Ambivert,4-8 LPA,No Certification,I prefer working in a team,Kinesthetic,Yes,Yes,Mechanical Engineer
B.Com,Finance,8.56,"Tableau, MS Excel","Analytical Skills, Attention to Detail",Ambivert,8-12 LPA,CFA,I prefer working alone,Visual,Maybe,Yes,Business Analyst
B.Tech,Mechanical Engineering,7.65,"SolidWorks, MATLAB, AutoCAD","Problem-Solving, Teamwork",Ambivert,4-8 LPA,No Certification,I prefer working in a team,Kinesthetic,Maybe,Yes,Mechanical Engineer
B.Com,Finance,8.91,"Tableau, Financial Modeling, MS Excel","Attention to Detail, Analytical Skills",Extrovert,4-8 LPA,No Certification,I prefer working alone,Visual,Maybe,Yes,Financial Analyst
B.Tech,Data Science,9.54,"TensorFlow, SQL, Python, R, Scikit-learn","Critical Thinking, Problem-Solving",Ambivert,12+ LPA,IBM Data Science,I prefer working alone,Read/Write,Yes,Yes,Data Scientist
B.Com,Finance,8.82,"Tableau, Financial Modeling, SQL","Attention to Detail, Analytical Skills",Extrovert,8-12 LPA,No Certification,I prefer working alone,Visual,No,No,Financial Analyst
B.A.,Fine Arts,8.58,"Adobe Illustrator, Adobe Photoshop, Figma","Attention to Detail, Creativity",Ambivert,Less than 4 LPA,Adobe Certified Expert (ACE),I prefer working alone,Visual,No,Yes,Graphic Designer
B.A.,Graphic Design,7.22,"Adobe Photoshop, Figma, Adobe Illustrator","Attention to Detail, Creativity",Introvert,Less than 4 LPA,Adobe Certified Expert (ACE),I prefer working alone,Visual,No,Yes,Graphic Designer
MBA,Business Administration,7.19,"Digital Marketing, Google Analytics","Creativity, Leadership",Extrovert,8-12 LPA,Google Digital Marketing,I prefer working in a team,Visual,Maybe,No,Marketing Manager
B.Com,Finance,9.1,"MS Excel, Financial Modeling, Tableau, SQL","Analytical Skills, Attention to Detail",Ambivert,8-12 LPA,CFA,I prefer working alone,Read/Write,No,Yes,Financial Analyst
MBA,Finance,8.75,"MS Excel, Financial Modeling, Tableau","Attention to Detail, Analytical Skills",Ambivert,4-8 LPA,CFA,I prefer working alone,Visual,Maybe,No,Financial Analyst
B.Tech,Mechanical Engineering,8.99,"AutoCAD, MATLAB, SolidWorks","Problem-Solving, Teamwork",Ambivert,4-8 LPA,Certified SOLIDWORKS Professional,I prefer working in a team,Kinesthetic,Maybe,Yes,Mechanical Engineer
B.Des,Graphic Design,8.29,"Adobe Photoshop, Adobe Illustrator, Figma","Creativity, Attention to Detail",Ambivert,Less than 4 LPA,Adobe Certified Expert (ACE),I like a mix of both,Kinesthetic,No,No,Graphic Designer
M.Tech,Data Science,8.73,"TensorFlow, Python","Critical Thinking, Problem-Solving",Introvert,8-12 LPA,IBM Data Science,I prefer working alone,Read/Write,Yes,No,Data Scientist
B.Tech,Data Science,8.85,"TensorFlow, R","Problem-Solving, Critical Thinking",Introvert,12+ LPA,IBM Data Science,I prefer working alone,Read/Write,Yes,Yes,Data Scientist
MBA,Finance,8.34,"SQL, MS Excel, Financial Modeling","Analytical Skills, Attention to Detail",Ambivert,4-8 LPA,No Certification,I prefer working alone,Read/Write,No,No,Financial Analyst
B.Tech,Data Science,8.95,"Python, SQL, TensorFlow","Problem-Solving, Critical Thinking",Introvert,12+ LPA,Google Data Analytics,I prefer working alone,Visual,Yes,Yes,Data Scientist
M.Tech,Computer Science,9.55,"Python, TensorFlow","Critical Thinking, Research",Introvert,12+ LPA,TensorFlow Developer,I prefer working alone,Read/Write,Yes,Yes,AI Specialist
BBA,Business Administration,7.68,"Google Analytics, Digital Marketing","Creativity, Leadership",Extrovert,8-12 LPA,HubSpot Content Marketing,I prefer working in a team,Visual,Maybe,No,Social Media Manager
B.Com,Finance,9.19,"Financial Modeling, MS Excel, SQL","Analytical Skills, Attention to Detail",Ambivert,8-12 LPA,CFA,I prefer working alone,Visual,No,Yes,Business Analyst
M.Tech,Computer Science,9.21,"TensorFlow, PyTorch, Computer Vision, Python","Research, Critical Thinking",Introvert,12+ LPA,TensorFlow Developer,I prefer working alone,Read/Write,Yes,Yes,AI Specialist
B.Tech,Mechanical Engineering,7.53,"AutoCAD, SolidWorks, MATLAB","Problem-Solving, Teamwork",Ambivert,4-8 LPA,No Certification,I prefer working in a team,Kinesthetic,Yes,Yes,Mechanical Engineer
B.Des,Graphic Design,7.48,"Adobe Illustrator, Figma","Creativity, Attention to Detail",Introvert,4-8 LPA,Adobe Certified Expert (ACE),I prefer working alone,Kinesthetic,No,Yes,Graphic Designer
B.Des,Fine Arts,6.96,"Adobe Illustrator, Figma, Adobe Photoshop","Attention to Detail, Creativity",Ambivert,Less than 4 LPA,Adobe Certified Expert (ACE),I prefer working alone,Visual,No,No,Graphic Designer
MBA,Commerce,8.17,"SQL, Financial Modeling, Tableau","Analytical Skills, Attention to Detail",Extrovert,4-8 LPA,No Certification,I prefer working alone,Visual,Maybe,No,Financial Analyst
BBA,Marketing,7.84,"Google Analytics, Social Media Management, Digital Marketing, SEO","Creativity, Leadership",Extrovert,12+ LPA,HubSpot Content Marketing,I prefer working in a team,Visual,Maybe,No,Marketing Manager
B.A.,Fine Arts,8.4,"Figma, Adobe Photoshop","Attention to Detail, Creativity",Introvert,Less than 4 LPA,No Certification,I like a mix of both,Kinesthetic,No,No,Graphic Designer
Diploma,Mechanical Engineering,7.62,"SolidWorks, AutoCAD, MATLAB","Problem-Solving, Teamwork",Ambivert,4-8 LPA,Certified SOLIDWORKS Professional,I prefer working in a team,Kinesthetic,Maybe,Yes,Mechanical Engineer
B.Tech,Graphic Design,8.94,"Sketch, Adobe XD, Figma","Empathy, Creativity",Ambivert,12+ LPA,No Certification,I like a mix of both,Visual,Yes,No,UI/UX Designer
M.Tech,Computer Science,9.94,"NLP, Computer Vision, PyTorch, TensorFlow, Python","Critical Thinking, Research",Introvert,12+ LPA,TensorFlow Developer,I prefer working alone,Read/Write,Yes,Yes,AI Specialist
MBA,Marketing,7.02,"Social Media Management, Google Analytics, Digital Marketing","Communication, Leadership",Extrovert,8-12 LPA,Google Digital Marketing,I prefer working in a team,Auditory,Yes,No,Social Media Manager
Diploma,Mechanical Engineering,7.38,"MATLAB, AutoCAD, SolidWorks","Problem-Solving, Teamwork",Ambivert,8-12 LPA,Certified SOLIDWORKS Professional,I prefer working in a team,Kinesthetic,Yes,Yes,Mechanical Engineer
B.Com,Finance,8.63,"SQL, Tableau, Financial Modeling","Attention to Detail, Analytical Skills",Extrovert,4-8 LPA,CFA,I prefer working alone,Visual,No,No,Business Analyst
B.Tech,Graphic Design,7.72,"Adobe XD, Figma, User Research, Sketch","Problem-Solving, Creativity",Ambivert,8-12 LPA,No Certification,I like a mix of both,Kinesthetic,No,No,UI/UX Designer
B.Tech,Graphic Design,8.76,"User Research, Figma, Adobe XD, Sketch","Empathy, Problem-Solving",Ambivert,12+ LPA,Nielsen Norman Group UX Certification,I like a mix of both,Kinesthetic,No,No,UI/UX Designer
MBA,Business Administration,8.26,"Social Media Management, SEO, Google Analytics, Digital Marketing","Leadership, Communication",Extrovert,8-12 LPA,HubSpot Content Marketing,I prefer working in a team,Visual,Maybe,No,Marketing Manager
B.Des,Fine Arts,6.78,"Figma, Adobe Illustrator, Adobe Photoshop","Attention to Detail, Creativity",Introvert,Less than 4 LPA,Adobe Certified Expert (ACE),I like a mix of both,Visual,No,Yes,Graphic Designer
B.Des,Graphic Design,8.54,"Sketch, Figma, Adobe XD","Empathy, Problem-Solving",Ambivert,12+ LPA,Nielsen Norman Group UX Certification,I like a mix of both,Visual,Yes,No,Graphic Designer
MBA,Business Administration,7.23,"SEO, Social Media Management, Google Analytics","Creativity, Communication",Extrovert,12+ LPA,HubSpot Content Marketing,I prefer working in a team,Visual,Yes,No,Marketing Manager
B.Des,Graphic Design,8.13,"Sketch, Adobe XD, Figma","Creativity, Problem-Solving",Ambivert,12+ LPA,No Certification,I like a mix of both,Kinesthetic,Yes,No,UI/UX Designer
B.Tech,Computer Science,9.74,"TensorFlow, SQL","Critical Thinking, Problem-Solving",Introvert,8-12 LPA,IBM Data Science,I prefer working alone,Visual,Yes,No,AI Specialist
BBA,Business Administration,8.07,"SEO, Social Media Management","Creativity, Communication",Extrovert,8-12 LPA,HubSpot Content Marketing,I prefer working in a team,Auditory,Maybe,No,Marketing Manager
B.Tech,Data Science,9.73,"SQL, Scikit-learn, TensorFlow, Python, R","Critical Thinking, Problem-Solving",Introvert,12+ LPA,Google Data Analytics,I prefer working alone,Visual,Yes,Yes,Data Scientist
B.Tech,Computer Science,8.58,"SQL, Git, JavaScript","Problem-Solving, Teamwork",Ambivert,8-12 LPA,No Certification,I like a mix of both,Visual,Maybe,No,Software Developer
B.Tech,Data Science,8.56,"SQL, R, Scikit-learn","Critical Thinking, Problem-Solving",Introvert,8-12 LPA,IBM Data Science,I prefer working alone,Read/Write,Yes,Yes,Data Scientist
BBA,Business Administration,8.03,"SEO, Social Media Management, Digital Marketing, Google Analytics","Communication, Leadership",Extrovert,12+ LPA,Google Digital Marketing,I prefer working in a team,Auditory,Maybe,No,Marketing Manager
MBA,Marketing,7.62,"SEO, Google Analytics, Digital Marketing, Social Media Management","Communication, Leadership",Extrovert,8-12 LPA,Google Digital Marketing,I prefer working in a team,Auditory,Yes,No,Marketing Manager
M.Tech,Computer Science,9.55,"Python, TensorFlow, Computer Vision, PyTorch","Critical Thinking, Research",Introvert,12+ LPA,Deep Learning Specialization,I prefer working alone,Read/Write,Yes,Yes,AI Specialist
B.Tech,Computer Science,9.06,"Python, SQL","Problem-Solving, Critical Thinking",Ambivert,8-12 LPA,Google Data Analytics,I prefer working alone,Read/Write,Yes,Yes,Data Scientist
B.Tech,Mechanical Engineering,8.14,"MATLAB, SolidWorks","Teamwork, Problem-Solving",Ambivert,4-8 LPA,No Certification,I prefer working in a team,Kinesthetic,Maybe,Yes,Civil Engineer
Diploma,Mechanical Engineering,7.69,"AutoCAD, MATLAB, SolidWorks","Problem-Solving, Teamwork",Ambivert,4-8 LPA,Certified SOLIDWORKS Professional,I prefer working in a team,Kinesthetic,Yes,Yes,Mechanical Engineer
B.Tech,Computer Science,9.28,"SQL, JavaScript","Problem-Solving, Teamwork",Ambivert,8-12 LPA,Coursera - Python for Everybody,I prefer working alone,Visual,Yes,No,Software Developer
B.Des,Graphic Design,8.47,"Adobe Photoshop, Adobe Illustrator, Figma","Attention to Detail, Creativity",Introvert,Less than 4 LPA,No Certification,I prefer working alone,Visual,No,No,Graphic Designer
B.Des,Graphic Design,8.06,"Adobe Photoshop, Figma","Attention to Detail, Creativity",Ambivert,Less than 4 LPA,No Certification,I like a mix of both,Visual,No,Yes,Graphic Designer
B.A.,Fine Arts,6.89,"Adobe Illustrator, Figma","Creativity, Attention to Detail",Ambivert,4-8 LPA,No Certification,I prefer working alone,Kinesthetic,No,Yes,Graphic Designer
M.Tech,Data Science,9.83,"TensorFlow, SQL, R, Scikit-learn, Python","Problem-Solving, Critical Thinking",Introvert,12+ LPA,IBM Data Science,I prefer working alone,Read/Write,Yes,Yes,Data Scientist
B.A.,Fine Arts,8.25,"Adobe Photoshop, Figma, Adobe Illustrator","Attention to Detail, Creativity",Introvert,4-8 LPA,No Certification,I like a mix of both,Kinesthetic,No,Yes,Graphic Designer
Diploma,Mechanical Engineering,7.72,"MATLAB, SolidWorks, AutoCAD","Teamwork, Problem-Solving",Ambivert,4-8 LPA,Certified SOLIDWORKS Professional,I prefer working in a team,Kinesthetic,Maybe,Yes,Mechanical Engineer
M.Tech,AI & ML,9.77,"PyTorch, TensorFlow, Python, Computer Vision","Research, Critical Thinking",Introvert,12+ LPA,Deep Learning Specialization,I prefer working alone,Read/Write,Yes,Yes,AI Specialist
B.Des,Graphic Design,8.53,"Figma, Adobe Photoshop","Creativity, Attention to Detail",Ambivert,Less than 4 LPA,No Certification,I like a mix of both,Visual,No,No,Graphic Designer
M.Tech,AI & ML,9.27,"Python, TensorFlow","Research, Critical Thinking",Introvert,12+ LPA,Deep Learning Specialization,I prefer working alone,Read/Write,Yes,Yes,AI Specialist
MBA,Marketing,8.53,"Google Analytics, Social Media Management, SEO","Creativity, Leadership",Extrovert,12+ LPA,HubSpot Content Marketing,I prefer working in a team,Auditory,Maybe,No,Social Media Manager
MBA,Business Administration,8.89,"SEO, Google Analytics, Social Media Management, Digital Marketing","Creativity, Communication",Extrovert,12+ LPA,Google Digital Marketing,I prefer working in a team,Auditory,Maybe,No,Marketing Manager
B.A.,Fine Arts,7.39,"Adobe Illustrator, Figma","Attention to Detail, Creativity",Introvert,Less than 4 LPA,Adobe Certified Expert (ACE),I like a mix of both,Kinesthetic,No,No,Graphic Designer
B.Tech,Computer Science,9.42,"Python, JavaScript","Problem-Solving, Teamwork",Ambivert,12+ LPA,No Certification,I prefer working alone,Kinesthetic,Yes,No,Software Developer
B.Tech,Computer Science,8.88,"Git, SQL","Problem-Solving, Teamwork",Ambivert,12+ LPA,Coursera - Python for Everybody,I prefer working alone,Kinesthetic,Maybe,No,Software Developer
B.Com,Finance,7.85,"MS Excel, Tableau, Financial Modeling, SQL","Analytical Skills, Attention to Detail",Ambivert,8-12 LPA,No Certification,I prefer working alone,Visual,Maybe,No,Financial Analyst
B.Tech,Mechanical Engineering,7.79,"AutoCAD, SolidWorks, MATLAB","Problem-Solving, Teamwork",Ambivert,4-8 LPA,Certified SOLIDWORKS Professional,I prefer working in a team,Kinesthetic,Yes,Yes,Mechanical Engineer
Diploma,Mechanical Engineering,8.63,"SolidWorks, AutoCAD","Problem-Solving, Teamwork",Ambivert,8-12 LPA,Certified SOLIDWORKS Professional,I prefer working in a team,Kinesthetic,Yes,Yes,Mechanical Engineer
B.A.,Graphic Design,7.03,"Adobe Illustrator, Adobe Photoshop, Figma","Creativity, Attention to Detail",Introvert,4-8 LPA,Adobe Certified Expert (ACE),I prefer working alone,Kinesthetic,No,No,Graphic Designer
BBA,Business Administration,8.68,"Digital Marketing, Google Analytics, SEO","Communication, Creativity",Extrovert,12+ LPA,HubSpot Content Marketing,I prefer working in a team,Visual,Yes,No,Marketing Manager
MBA,Business Administration,7.17,"SEO, Social Media Management, Google Analytics, Digital Marketing","Leadership, Creativity",Extrovert,12+ LPA,Google Digital Marketing,I prefer working in a team,Auditory,Maybe,No,Social Media Manager
B.Tech,Computer Science,9.73,"Python, R, TensorFlow","Problem-Solving, Critical Thinking",Ambivert,12+ LPA,IBM Data Science,I prefer working alone,Visual,Yes,Yes,Data Scientist
MBA,Marketing,7.93,"Digital Marketing, Social Media Management, SEO","Leadership, Communication",Extrovert,12+ LPA,Google Digital Marketing,I prefer working in a team,Auditory,Yes,No,Marketing Manager
B.Des,Human-Computer Interaction,7.82,"Adobe XD, User Research","Creativity, Problem-Solving",Ambivert,12+ LPA,No Certification,I like a mix of both,Kinesthetic,No,No,UI/UX Designer
M.Tech,AI & ML,9.34,"NLP, TensorFlow","Critical Thinking, Research",Introvert,12+ LPA,TensorFlow Developer,I prefer working alone,Read/Write,Yes,Yes,AI Specialist
BBA,Marketing,7.58,"Social Media Management, SEO, Google Analytics, Digital Marketing","Communication, Leadership",Extrovert,8-12 LPA,Google Digital Marketing,I prefer working in a team,Visual,Yes,No,Marketing Manager
M.Tech,Data Science,9.84,"TensorFlow, R","Problem-Solving, Critical Thinking",Introvert,12+ LPA,Google Data Analytics,I prefer working alone,Read/Write,Yes,No,AI Specialist
M.Tech,Computer Science,9.37,"Computer Vision, NLP, PyTorch, Python, TensorFlow","Critical Thinking, Research",Introvert,12+ LPA,TensorFlow Developer,I prefer working alone,Read/Write,Yes,Yes,Data Scientist
M.Tech,AI & ML,9.43,"NLP, Computer Vision, TensorFlow","Research, Critical Thinking",Introvert,12+ LPA,Deep Learning Specialization,I prefer working alone,Read/Write,Yes,Yes,Data Scientist
B.A.,Graphic Design,8.79,"Adobe Photoshop, Adobe Illustrator, Figma","Attention to Detail, Creativity",Introvert,4-8 LPA,Adobe Certified Expert (ACE),I prefer working alone,Kinesthetic,No,Yes,UI/UX Designer
MBA,Finance,8.63,"Financial Modeling, MS Excel, Tableau","Attention to Detail, Analytical Skills",Extrovert,4-8 LPA,CFA,I prefer working alone,Read/Write,Maybe,Yes,Financial Analyst
MBA,Finance,8.03,"SQL, Tableau, MS Excel, Financial Modeling","Analytical Skills, Attention to Detail",Ambivert,8-12 LPA,No Certification,I prefer working alone,Read/Write,No,Yes,Financial Analyst
B.Tech,Mechanical Engineering,7.86,"MATLAB, SolidWorks","Problem-Solving, Teamwork",Ambivert,8-12 LPA,No Certification,I prefer working in a team,Kinesthetic,Yes,Yes,Mechanical Engineer
B.Tech,Human-Computer Interaction,8.29,"Figma, User Research, Adobe XD, Sketch","Creativity, Empathy",Ambivert,8-12 LPA,Nielsen Norman Group UX Certification,I like a mix of both,Visual,Yes,No,UI/UX Designer
M.Tech,Computer Science,8.94,"TensorFlow, Python, Computer Vision, PyTorch, NLP","Research, Critical Thinking",Introvert,12+ LPA,Deep Learning Specialization,I prefer working alone,Read/Write,Yes,Yes,Data Scientist
B.Des,Graphic Design,6.76,"Adobe Illustrator, Adobe Photoshop","Attention to Detail, Creativity",Ambivert,Less than 4 LPA,No Certification,I prefer working alone,Visual,No,No,Graphic Designer
B.Tech,Human-Computer Interaction,8.74,"Sketch, User Research, Figma","Empathy, Problem-Solving",Ambivert,8-12 LPA,No Certification,I like a mix of both,Kinesthetic,Yes,No,UI/UX Designer
Diploma,Mechanical Engineering,8.76,"MATLAB, AutoCAD, SolidWorks","Problem-Solving, Teamwork",Ambivert,8-12 LPA,No Certification,I prefer working in a team,Kinesthetic,Maybe,Yes,Civil Engineer
B.Tech,Human-Computer Interaction,7.81,"User Research, Adobe XD","Problem-Solving, Empathy",Ambivert,12+ LPA,Nielsen Norman Group UX Certification,I like a mix of both,Kinesthetic,No,No,UI/UX Designer
B.A.,Graphic Design,7.1,"Adobe Photoshop, Figma, Adobe Illustrator","Creativity, Attention to Detail",Ambivert,Less than 4 LPA,No Certification,I prefer working alone,Kinesthetic,No,No,UI/UX Designer
M.Tech,Computer Science,9.82,"R, Scikit-learn, TensorFlow, SQL, Python","Critical Thinking, Problem-Solving",Introvert,8-12 LPA,Google Data Analytics,I prefer working alone,Read/Write,Yes,Yes,Data Scientist
MBA,Business Administration,8.97,"Digital Marketing, SEO","Communication, Creativity",Extrovert,8-12 LPA,HubSpot Content Marketing,I prefer working in a team,Auditory,Yes,No,Marketing Manager
B.Des,Fine Arts,6.61,"Adobe Illustrator, Adobe Photoshop, Figma","Attention to Detail, Creativity",Ambivert,Less than 4 LPA,Adobe Certified Expert (ACE),I like a mix of both,Visual,No,No,Graphic Designer
B.Tech,Computer Science,9.48,"SQL, Python, Java, Git, JavaScript","Problem-Solving, Teamwork",Ambivert,8-12 LPA,No Certification,I prefer working alone,Visual,Maybe,No,Software Developer
M.Tech,Data Science,9.84,"TensorFlow, R, Scikit-learn, SQL","Problem-Solving, Critical Thinking",Ambivert,8-12 LPA,IBM Data Science,I prefer working alone,Read/Write,Yes,Yes,Data Scientist
B.Des,Human-Computer Interaction,7.54,"Adobe XD, User Research, Sketch, Figma","Creativity, Empathy",Ambivert,8-12 LPA,No Certification,I like a mix of both,Kinesthetic,No,No,Graphic Designer
B.Com,Commerce,7.6,"MS Excel, SQL, Tableau, Financial Modeling","Attention to Detail, Analytical Skills",Ambivert,8-12 LPA,CFA,I prefer working alone,Visual,No,No,Financial Analyst
B.Tech,Human-Computer Interaction,8.67,"Sketch, Figma, Adobe XD","Problem-Solving, Creativity",Ambivert,8-12 LPA,Nielsen Norman Group UX Certification,I like a mix of both,Visual,Yes,No,UI/UX Designer
B.Com,Commerce,7.82,"MS Excel, Tableau","Analytical Skills, Attention to Detail",Ambivert,4-8 LPA,CFA,I prefer working alone,Read/Write,Maybe,No,Business Analyst
B.Tech,Computer Science,8.62,"Python, SQL, Git, Java, JavaScript","Problem-Solving, Teamwork",Ambivert,12+ LPA,No Certification,I like a mix of both,Kinesthetic,Maybe,No,Software Developer
M.Tech,Computer Science,9.77,"Python, Scikit-learn, TensorFlow, SQL, R","Critical Thinking, Problem-Solving",Ambivert,8-12 LPA,Google Data Analytics,I prefer working alone,Visual,Yes,Yes,Data Scientist
B.Des,Graphic Design,6.81,"Adobe Illustrator, Figma","Attention to Detail, Creativity",Ambivert,4-8 LPA,No Certification,I prefer working alone,Visual,No,No,Graphic Designer
BBA,Marketing,7.39,"SEO, Google Analytics, Digital Marketing","Leadership, Creativity",Extrovert,12+ LPA,Google Digital Marketing,I prefer working in a team,Visual,Maybe,No,Marketing Manager
B.A.,Fine Arts,7.1,"Figma, Adobe Photoshop","Attention to Detail, Creativity",Introvert,4-8 LPA,Adobe Certified Expert (ACE),I like a mix of both,Visual,No,No,Graphic Designer
B.Des,Graphic Design,7.63,"User Research, Sketch, Figma, Adobe XD","Creativity, Empathy",Ambivert,12+ LPA,No Certification,I like a mix of both,Visual,Yes,No,UI/UX Designer
B.Des,Fine Arts,7.32,"Figma, Adobe Illustrator","Creativity, Attention to Detail",Ambivert,Less than 4 LPA,Adobe Certified Expert (ACE),I like a mix of both,Kinesthetic,No,No,UI/UX Designer
BBA,Business Administration,8.56,"SEO, Digital Marketing, Social Media Management, Google Analytics","Creativity, Communication",Extrovert,12+ LPA,Google Digital Marketing,I prefer working in a team,Auditory,Yes,No,Social Media Manager
Diploma,Mechanical Engineering,7.06,"MATLAB, AutoCAD","Problem-Solving, Teamwork",Ambivert,8-12 LPA,No Certification,I prefer working in a team,Kinesthetic,Yes,Yes,Mechanical Engineer
M.Tech,Computer Science,8.82,"PyTorch, TensorFlow, Computer Vision","Critical Thinking, Research",Introvert,12+ LPA,TensorFlow Developer,I prefer working alone,Read/Write,Yes,Yes,AI Specialist
B.Tech,Computer Science,8.91,"Git, SQL, Python, JavaScript","Problem-Solving, Teamwork",Ambivert,12+ LPA,Coursera - Python for Everybody,I like a mix of both,Visual,Yes,No,Software Developer
M.Tech,AI & ML,9.18,"NLP, Computer Vision, TensorFlow, Python","Research, Critical Thinking",Introvert,12+ LPA,TensorFlow Developer,I prefer working alone,Read/Write,Yes,Yes,AI Specialist
M.Tech,AI & ML,9.71,"TensorFlow, Computer Vision, PyTorch","Research, Critical Thinking",Introvert,12+ LPA,Deep Learning Specialization,I prefer working alone,Read/Write,Yes,Yes,Data Scientist
BBA,Business Administration,7.81,"Google Analytics, SEO, Digital Marketing, Social Media Management","Leadership, Creativity",Extrovert,8-12 LPA,Google Digital Marketing,I prefer working in a team,Auditory,Maybe,No,Marketing Manager
Diploma,Mechanical Engineering,8.12,"MATLAB, SolidWorks","Teamwork, Problem-Solving",Ambivert,8-12 LPA,Certified SOLIDWORKS Professional,I prefer working in a team,Kinesthetic,Maybe,Yes,Mechanical Engineer
Diploma,Mechanical Engineering,7.44,"SolidWorks, MATLAB, AutoCAD","Teamwork, Problem-Solving",Ambivert,4-8 LPA,Certified SOLIDWORKS Professional,I prefer working in a team,Kinesthetic,Maybe,Yes,Mechanical Engineer
M.Tech,AI & ML,9.89,"Python, PyTorch, NLP, TensorFlow","Research, Critical Thinking",Introvert,12+ LPA,Deep Learning Specialization,I prefer working alone,Read/Write,Yes,Yes,AI Specialist
B.Tech,Graphic Design,8.38,"Adobe XD, Figma, Sketch, User Research","Problem-Solving, Creativity",Ambivert,8-12 LPA,No Certification,I like a mix of both,Kinesthetic,No,No,UI/UX Designer
M.Tech,Computer Science,9.89,"TensorFlow, Python, PyTorch, Computer Vision","Research, Critical Thinking",Introvert,12+ LPA,Deep Learning Specialization,I prefer working alone,Read/Write,Yes,Yes,AI Specialist
M.Tech,AI & ML,9.54,"Python, Computer Vision, NLP, PyTorch","Critical Thinking, Research",Introvert,12+ LPA,TensorFlow Developer,I prefer working alone,Read/Write,Yes,Yes,AI Specialist
MBA,Marketing,7.79,"SEO, Digital Marketing, Google Analytics","Creativity, Leadership",Extrovert,8-12 LPA,Google Digital Marketing,I prefer working in a team,Visual,Maybe,No,Marketing Manager
B.Tech,Computer Science,9.5,"JavaScript, Java, Git, SQL","Problem-Solving, Teamwork",Ambivert,8-12 LPA,No Certification,I like a mix of both,Kinesthetic,Maybe,No,Data Scientist
B.Tech,Computer Science,9.57,"JavaScript, Python, SQL, Git, Java","Problem-Solving, Teamwork",Ambivert,12+ LPA,Coursera - Python for Everybody,I like a mix of both,Visual,Yes,No,Data Scientist
M.Tech,Computer Science,9.82,"Python, NLP, TensorFlow","Critical Thinking, Research",Introvert,12+ LPA,Deep Learning Specialization,I prefer working alone,Read/Write,Yes,Yes,AI Specialist
B.Tech,Mechanical Engineering,8.89,"AutoCAD, MATLAB","Problem-Solving, Teamwork",Ambivert,8-12 LPA,No Certification,I prefer working in a team,Kinesthetic,Maybe,Yes,Mechanical Engineer
B.Tech,Computer Science,8.28,"Java, SQL","Problem-Solving, Teamwork",Introvert,12+ LPA,Coursera - Python for Everybody,I prefer working alone,Kinesthetic,Yes,No,Software Developer
Diploma,Mechanical Engineering,8.39,"MATLAB, SolidWorks, AutoCAD","Teamwork, Problem-Solving",Ambivert,4-8 LPA,No Certification,I prefer working in a team,Kinesthetic,Yes,Yes,Mechanical Engineer
M.Tech,Computer Science,8.92,"Python, PyTorch, Computer Vision, NLP","Critical Thinking, Research",Introvert,12+ LPA,Deep Learning Specialization,I prefer working alone,Read/Write,Yes,Yes,AI Specialist
Diploma,Mechanical Engineering,7.23,"MATLAB, SolidWorks","Teamwork, Problem-Solving",Ambivert,8-12 LPA,Certified SOLIDWORKS Professional,I prefer working in a team,Kinesthetic,Yes,Yes,Mechanical Engineer
B.Tech,Computer Science,8.51,"Java, Python, Git, SQL","Problem-Solving, Teamwork",Ambivert,12+ LPA,Coursera - Python for Everybody,I like a mix of both,Kinesthetic,Yes,No,Data Scientist
B.Com,Commerce,9.09,"MS Excel, SQL, Financial Modeling","Attention to Detail, Analytical Skills",Ambivert,8-12 LPA,CFA,I prefer working alone,Visual,No,Yes,Financial Analyst
M.Tech,AI & ML,9.84,"TensorFlow, NLP, Python, PyTorch","Critical Thinking, Research",Introvert,12+ LPA,Deep Learning Specialization,I prefer working alone,Read/Write,Yes,Yes,AI Specialist
M.Tech,AI & ML,9.69,"Python, Computer Vision, PyTorch, NLP, TensorFlow","Critical Thinking, Research",Introvert,12+ LPA,TensorFlow Developer,I prefer working alone,Read/Write,Yes,Yes,Data Scientist
B.Des,Human-Computer Interaction,8.46,"Adobe XD, Figma","Empathy, Problem-Solving",Ambivert,12+ LPA,No Certification,I like a mix of both,Kinesthetic,No,No,UI/UX Designer
B.Tech,Computer Science,8.83,"Scikit-learn, R, TensorFlow, Python","Problem-Solving, Critical Thinking",Ambivert,12+ LPA,IBM Data Science,I prefer working alone,Visual,Yes,Yes,Data Scientist
B.Tech,Computer Science,9.24,"SQL, Java, JavaScript, Python, Git","Problem-Solving, Teamwork",Ambivert,8-12 LPA,No Certification,I like a mix of both,Visual,Maybe,No,Software Developer
B.Tech,Mechanical Engineering,8.19,"SolidWorks, AutoCAD, MATLAB","Teamwork, Problem-Solving",Ambivert,4-8 LPA,Certified SOLIDWORKS Professional,I prefer working in a team,Kinesthetic,Yes,Yes,Mechanical Engineer
B.Tech,Mechanical Engineering,7.4,"MATLAB, SolidWorks","Problem-Solving, Teamwork",Ambivert,4-8 LPA,Certified SOLIDWORKS Professional,I prefer working in a team,Kinesthetic,Maybe,Yes,Civil Engineer
B.A.,Graphic Design,7.26,"Adobe Photoshop, Figma","Creativity, Attention to Detail",Introvert,4-8 LPA,Adobe Certified Expert (ACE),I like a mix of both,Visual,No,No,Graphic Designer
M.Tech,AI & ML,9.7,"Computer Vision, TensorFlow, Python, NLP","Research, Critical Thinking",Introvert,12+ LPA,Deep Learning Specialization,I prefer working alone,Read/Write,Yes,Yes,AI Specialist
M.Tech,Data Science,9.68,"TensorFlow, Python, Scikit-learn, R, SQL","Critical Thinking, Problem-Solving",Ambivert,12+ LPA,Google Data Analytics,I prefer working alone,Visual,Yes,Yes,Data Scientist
MBA,Marketing,8.8,"Digital Marketing, Social Media Management, SEO, Google Analytics","Communication, Creativity",Extrovert,8-12 LPA,Google Digital Marketing,I prefer working in a team,Auditory,Maybe,No,Marketing Manager
B.Tech,Mechanical Engineering,7.61,"SolidWorks, MATLAB","Problem-Solving, Teamwork",Ambivert,4-8 LPA,No Certification,I prefer working in a team,Kinesthetic,Maybe,Yes,Mechanical Engineer
B.Tech,Computer Science,9.39,"SQL, Java, JavaScript","Teamwork, Problem-Solving",Introvert,12+ LPA,No Certification,I like a mix of both,Visual,Yes,No,Software Developer
B.Tech,Computer Science,8.34,"Java, Python, SQL","Teamwork, Problem-Solving",Introvert,8-12 LPA,Coursera - Python for Everybody,I like a mix of both,Visual,Yes,No,Data Scientist
B.Com,Commerce,8.48,"MS Excel, Tableau","Analytical Skills, Attention to Detail",Extrovert,4-8 LPA,CFA,I prefer working alone,Read/Write,Maybe,Yes,Business Analyst
B.Des,Human-Computer Interaction,8.18,"Sketch, User Research, Figma, Adobe XD","Creativity, Empathy",Ambivert,12+ LPA,No Certification,I like a mix of both,Kinesthetic,No,No,UI/UX Designer
B.Tech,Mechanical Engineering,8.07,"AutoCAD, SolidWorks, MATLAB","Problem-Solving, Teamwork",Ambivert,8-12 LPA,No Certification,I prefer working in a team,Kinesthetic,Maybe,Yes,Civil Engineer
B.Tech,Computer Science,8.79,"SQL, Git","Problem-Solving, Teamwork",Ambivert,12+ LPA,No Certification,I like a mix of both,Visual,Maybe,No,Software Developer
B.Tech,Computer Science,9.26,"Python, JavaScript, Git, Java, SQL","Teamwork, Problem-Solving",Ambivert,8-12 LPA,No Certification,I like a mix of both,Kinesthetic,Maybe,No,Software Developer
MBA,Finance,8.77,"MS Excel, Financial Modeling, Tableau, SQL","Analytical Skills, Attention to Detail",Extrovert,4-8 LPA,No Certification,I prefer working alone,Visual,No,No,Financial Analyst
MBA,Marketing,7.08,"Google Analytics, Social Media Management, Digital Marketing","Communication, Creativity",Extrovert,12+ LPA,HubSpot Content Marketing,I prefer working in a team,Auditory,Maybe,No,Marketing Manager
B.Com,Finance,8.57,"Financial Modeling, SQL","Analytical Skills, Attention to Detail",Ambivert,8-12 LPA,No Certification,I prefer working alone,Read/Write,No,No,Financial Analyst
BBA,Business Administration,8.14,"Digital Marketing, Social Media Management, Google Analytics","Leadership, Communication",Extrovert,8-12 LPA,HubSpot Content Marketing,I prefer working in a team,Auditory,Yes,No,Marketing Manager
B.Des,Graphic Design,8.11,"Figma, User Research, Adobe XD, Sketch","Empathy, Creativity",Ambivert,12+ LPA,No Certification,I like a mix of both,Visual,No,No,UI/UX Designer
MBA,Business Administration,7.16,"Google Analytics, SEO","Creativity, Leadership",Extrovert,8-12 LPA,HubSpot Content Marketing,I prefer working in a team,Visual,Yes,No,Marketing Manager
MBA,Business Administration,7.17,"Social Media Management, Google Analytics, SEO, Digital Marketing","Communication, Creativity",Extrovert,8-12 LPA,Google Digital Marketing,I prefer working in a team,Visual,Yes,No,Marketing Manager
B.Tech,Mechanical Engineering,8.94,"AutoCAD, SolidWorks, MATLAB","Teamwork, Problem-Solving",Ambivert,4-8 LPA,No Certification,I prefer working in a team,Kinesthetic,Maybe,Yes,Mechanical Engineer
M.Tech,AI & ML,9.77,"NLP, Computer Vision, TensorFlow","Research, Critical Thinking",Introvert,12+ LPA,Deep Learning Specialization,I prefer working alone,Read/Write,Yes,Yes,AI Specialist
M.Tech,AI & ML,9.54,"TensorFlow, Computer Vision","Research, Critical Thinking",Introvert,12+ LPA,TensorFlow Developer,I prefer working alone,Read/Write,Yes,Yes,AI Specialist
BBA,Marketing,7.51,"Google Analytics, Digital Marketing, Social Media Management","Creativity, Communication",Extrovert,12+ LPA,HubSpot Content Marketing,I prefer working in a team,Auditory,Maybe,No,Marketing Manager
B.Des,Human-Computer Interaction,8.69,"User Research, Sketch, Adobe XD","Creativity, Problem-Solving",Ambivert,8-12 LPA,No Certification,I like a mix of both,Visual,Yes,No,UI/UX Designer
M.Tech,Computer Science,9.51,"TensorFlow, SQL, Scikit-learn, R, Python","Problem-Solving, Critical Thinking",Ambivert,8-12 LPA,IBM Data Science,I prefer working alone,Visual,Yes,No,Data Scientist
BBA,Marketing,7.46,"SEO, Google Analytics, Social Media Management, Digital Marketing","Leadership, Communication",Extrovert,8-12 LPA,Google Digital Marketing,I prefer working in a team,Auditory,Maybe,No,Social Media Manager
Diploma,Mechanical Engineering,7.08,"MATLAB, AutoCAD","Problem-Solving, Teamwork",Ambivert,4-8 LPA,Certified SOLIDWORKS Professional,I prefer working in a team,Kinesthetic,Yes,Yes,Mechanical Engineer
B.Tech,Human-Computer Interaction,8.59,"Figma, User Research, Sketch, Adobe XD","Creativity, Empathy",Ambivert,12+ LPA,Nielsen Norman Group UX Certification,I like a mix of both,Kinesthetic,No,No,UI/UX Designer
B.Tech,Computer Science,9.18,"SQL, JavaScript, Python, Java","Problem-Solving, Teamwork",Ambivert,12+ LPA,No Certification,I like a mix of both,Visual,Yes,No,Software Developer
M.Tech,Computer Science,9.47,"Scikit-learn, R, SQL, TensorFlow","Problem-Solving, Critical Thinking",Introvert,8-12 LPA,Google Data Analytics,I prefer working alone,Read/Write,Yes,No,Data Scientist
B.Des,Fine Arts,7.13,"Adobe Photoshop, Adobe Illustrator","Attention to Detail, Creativity",Ambivert,4-8 LPA,Adobe Certified Expert (ACE),I like a mix of both,Kinesthetic,No,Yes,Graphic Designer
MBA,Marketing,8.54,"Google Analytics, Digital Marketing, Social Media Management, SEO","Leadership, Creativity",Extrovert,12+ LPA,Google Digital Marketing,I prefer working in a team,Visual,Yes,No,Marketing Manager
B.Tech,Graphic Design,7.68,"Adobe XD, Sketch","Problem-Solving, Empathy",Ambivert,8-12 LPA,Nielsen Norman Group UX Certification,I like a mix of both,Visual,No,No,UI/UX Designer
Diploma,Mechanical Engineering,7.94,"SolidWorks, MATLAB, AutoCAD","Teamwork, Problem-Solving",Ambivert,4-8 LPA,No Certification,I prefer working in a team,Kinesthetic,Maybe,Yes,Mechanical Engineer
B.Tech,Graphic Design,8.52,"User Research, Adobe XD, Figma","Creativity, Problem-Solving",Ambivert,8-12 LPA,No Certification,I like a mix of both,Kinesthetic,Yes,No,UI/UX Designer
B.Tech,Computer Science,8.23,"SQL, Python, Git, Java, JavaScript","Teamwork, Problem-Solving",Ambivert,12+ LPA,No Certification,I like a mix of both,Kinesthetic,Maybe,No,Data Scientist
M.Tech,Computer Science,8.9,"TensorFlow, Scikit-learn","Critical Thinking, Problem-Solving",Introvert,8-12 LPA,Google Data Analytics,I prefer working alone,Read/Write,Yes,No,AI Specialist
B.Tech,Graphic Design,7.72,"Adobe XD, Sketch","Creativity, Problem-Solving",Ambivert,12+ LPA,Nielsen Norman Group UX Certification,I like a mix of both,Visual,Yes,No,UI/UX Designer
B.Com,Commerce,8.13,"Financial Modeling, Tableau","Analytical Skills, Attention to Detail",Extrovert,4-8 LPA,No Certification,I prefer working alone,Read/Write,Maybe,Yes,Financial Analyst
Diploma,Mechanical Engineering,8.38,"MATLAB, AutoCAD, SolidWorks","Teamwork, Problem-Solving",Ambivert,4-8 LPA,Certified SOLIDWORKS Professional,I prefer working in a team,Kinesthetic,Maybe,Yes,Mechanical Engineer
MBA,Marketing,7.32,"Google Analytics, Digital Marketing, SEO, Social Media Management","Communication, Creativity",Extrovert,12+ LPA,Google Digital Marketing,I prefer working in a team,Auditory,Maybe,No,Marketing Manager
B.Com,Finance,8.5,"MS Excel, Financial Modeling","Attention to Detail, Analytical Skills",Ambivert,4-8 LPA,No Certification,I prefer working alone,Visual,No,Yes,Financial Analyst
B.Des,Graphic Design,8.02,"Figma, Adobe Photoshop, Adobe Illustrator","Creativity, Attention to Detail",Ambivert,4-8 LPA,Adobe Certified Expert (ACE),I like a mix of both,Kinesthetic,No,Yes,Graphic Designer
B.Tech,Computer Science,8.3,"Python, SQL, JavaScript, Git, Java","Problem-Solving, Teamwork",Ambivert,12+ LPA,No Certification,I like a mix of both,Visual,Yes,No,Data Scientist
MBA,Marketing,7.37,"Google Analytics, Digital Marketing, Social Media Management, SEO","Communication, Creativity",Extrovert,12+ LPA,HubSpot Content Marketing,I prefer working in a team,Auditory,Maybe,No,Marketing Manager
B.Des,Graphic Design,8.13,"Adobe XD, Sketch, User Research","Empathy, Problem-Solving",Ambivert,12+ LPA,No Certification,I like a mix of both,Kinesthetic,Yes,No,UI/UX Designer
B.A.,Fine Arts,6.61,"Adobe Illustrator, Figma","Attention to Detail, Creativity",Ambivert,4-8 LPA,Adobe Certified Expert (ACE),I prefer working alone,Visual,No,No,Graphic Designer
B.Com,Finance,8.81,"Financial Modeling, Tableau, MS Excel","Attention to Detail, Analytical Skills",Extrovert,8-12 LPA,CFA,I prefer working alone,Visual,No,Yes,Financial Analyst
B.Des,Fine Arts,7.48,"Adobe Photoshop, Figma","Creativity, Attention to Detail",Introvert,4-8 LPA,No Certification,I like a mix of both,Visual,No,Yes,Graphic Designer
B.Tech,Human-Computer Interaction,8.82,"Figma, User Research, Sketch, Adobe XD","Problem-Solving, Empathy",Ambivert,12+ LPA,No Certification,I like a mix of both,Kinesthetic,Yes,No,UI/UX Designer
MBA,Marketing,7.81,"Digital Marketing, Social Media Management","Creativity, Leadership",Extrovert,8-12 LPA,Google Digital Marketing,I prefer working in a team,Visual,Maybe,No,Social Media Manager
B.Tech,Human-Computer Interaction,8.04,"Figma, Sketch, Adobe XD","Problem-Solving, Empathy",Ambivert,8-12 LPA,Nielsen Norman Group UX Certification,I like a mix of both,Kinesthetic,No,No,UI/UX Designer
B.Tech,Computer Science,9.27,"SQL, Java, Python, JavaScript","Teamwork, Problem-Solving",Ambivert,8-12 LPA,No Certification,I like a mix of both,Visual,Maybe,No,Software Developer
B.Tech,Computer Science,8.95,"SQL, TensorFlow, R, Scikit-learn","Critical Thinking, Problem-Solving",Introvert,12+ LPA,Google Data Analytics,I prefer working alone,Visual,Yes,Yes,Data Scientist
B.Tech,Graphic Design,9.14,"Figma, Adobe XD, Sketch, User Research","Problem-Solving, Empathy",Ambivert,12+ LPA,Nielsen Norman Group UX Certification,I like a mix of both,Visual,Yes,No,UI/UX Designer
BBA,Marketing,8.97,"Social Media Management, Digital Marketing, SEO, Google Analytics","Creativity, Communication",Extrovert,12+ LPA,HubSpot Content Marketing,I prefer working in a team,Visual,Maybe,No,Marketing Manager
Diploma,Mechanical Engineering,8.71,"MATLAB, SolidWorks, AutoCAD","Teamwork, Problem-Solving",Ambivert,8-12 LPA,No Certification,I prefer working in a team,Kinesthetic,Yes,Yes,Mechanical Engineer
Diploma,Mechanical Engineering,8.94,"SolidWorks, AutoCAD, MATLAB","Problem-Solving, Teamwork",Ambivert,4-8 LPA,No Certification,I prefer working in a team,Kinesthetic,Maybe,Yes,Mechanical Engineer
MBA,Commerce,7.99,"MS Excel, SQL, Tableau, Financial Modeling","Attention to Detail, Analytical Skills",Ambivert,8-12 LPA,CFA,I prefer working alone,Visual,No,No,Financial Analyst
M.Tech,Computer Science,9.09,"TensorFlow, Scikit-learn, SQL","Problem-Solving, Critical Thinking",Introvert,12+ LPA,Google Data Analytics,I prefer working alone,Read/Write,Yes,Yes,Data Scientist
B.Tech,Computer Science,9.34,"Python, SQL, TensorFlow, R, Scikit-learn","Problem-Solving, Critical Thinking",Introvert,12+ LPA,Google Data Analytics,I prefer working alone,Visual,Yes,Yes,Data Scientist
B.Tech,Mechanical Engineering,7.11,"MATLAB, SolidWorks","Teamwork, Problem-Solving",Ambivert,8-12 LPA,Certified SOLIDWORKS Professional,I prefer working in a team,Kinesthetic,Maybe,Yes,Mechanical Engineer
M.Tech,Computer Science,9.77,"NLP, PyTorch","Critical Thinking, Research",Introvert,12+ LPA,Deep Learning Specialization,I prefer working alone,Read/Write,Yes,Yes,AI Specialist
B.Tech,Mechanical Engineering,7.42,"SolidWorks, AutoCAD","Teamwork, Problem-Solving",Ambivert,4-8 LPA,Certified SOLIDWORKS Professional,I prefer working in a team,Kinesthetic,Yes,Yes,Civil Engineer
B.Des,Human-Computer Interaction,9.04,"User Research, Figma, Sketch, Adobe XD","Empathy, Creativity",Ambivert,8-12 LPA,No Certification,I like a mix of both,Kinesthetic,No,No,Graphic Designer
BBA,Marketing,8.66,"Google Analytics, SEO, Digital Marketing, Social Media Management","Creativity, Communication",Extrovert,12+ LPA,HubSpot Content Marketing,I prefer working in a team,Auditory,Maybe,No,Marketing Manager
B.Tech,Computer Science,8.21,"Git, JavaScript, SQL, Java","Teamwork, Problem-Solving",Introvert,12+ LPA,No Certification,I like a mix of both,Kinesthetic,Maybe,No,Software Developer
MBA,Commerce,8.3,"Tableau, Financial Modeling, MS Excel, SQL","Analytical Skills, Attention to Detail",Extrovert,8-12 LPA,CFA,I prefer working alone,Visual,No,No,Financial Analyst
B.Tech,Data Science,8.89,"R, SQL, Python, TensorFlow","Critical Thinking, Problem-Solving",Ambivert,8-12 LPA,Google Data Analytics,I prefer working alone,Visual,Yes,Yes,Data Scientist
M.Tech,Computer Science,9.2,"Computer Vision, Python, NLP","Critical Thinking, Research",Introvert,12+ LPA,TensorFlow Developer,I prefer working alone,Read/Write,Yes,Yes,AI Specialist
MBA,Business Administration,8.87,"Social Media Management, SEO, Digital Marketing, Google Analytics","Communication, Leadership",Extrovert,12+ LPA,Google Digital Marketing,I prefer working in a team,Visual,Yes,No,Marketing Manager
B.A.,Fine Arts,7.91,"Figma, Adobe Photoshop","Attention to Detail, Creativity",Ambivert,4-8 LPA,Adobe Certified Expert (ACE),I prefer working alone,Kinesthetic,No,Yes,Graphic Designer
M.Tech,Computer Science,8.98,"NLP, PyTorch, TensorFlow, Python","Research, Critical Thinking",Introvert,12+ LPA,Deep Learning Specialization,I prefer working alone,Read/Write,Yes,Yes,Data Scientist
B.Tech,Computer Science,9.89,"R, TensorFlow, SQL","Problem-Solving, Critical Thinking",Introvert,8-12 LPA,IBM Data Science,I prefer working alone,Read/Write,Yes,Yes,Data Scientist
M.Tech,Computer Science,8.94,"TensorFlow, Python, Computer Vision, NLP","Research, Critical Thinking",Introvert,12+ LPA,TensorFlow Developer,I prefer working alone,Read/Write,Yes,Yes,AI Specialist
MBA,Business Administration,8.56,"Digital Marketing, Social Media Management, SEO, Google Analytics","Leadership, Creativity",Extrovert,8-12 LPA,HubSpot Content Marketing,I prefer working in a team,Auditory,Maybe,No,Marketing Manager
B.Com,Commerce,8.64,"SQL, MS Excel, Tableau, Financial Modeling","Attention to Detail, Analytical Skills",Extrovert,4-8 LPA,CFA,I prefer working alone,Read/Write,Maybe,Yes,Financial Analyst
M.Tech,AI & ML,8.94,"Computer Vision, TensorFlow, PyTorch, NLP, Python","Critical Thinking, Research",Introvert,12+ LPA,Deep Learning Specialization,I prefer working alone,Read/Write,Yes,Yes,AI Specialist
M.Tech,Data Science,9.65,"Python, R","Problem-Solving, Critical Thinking",Introvert,8-12 LPA,Google Data Analytics,I prefer working alone,Visual,Yes,Yes,Data Scientist
B.Des,Human-Computer Interaction,9.23,"Adobe XD, Figma","Problem-Solving, Empathy",Ambivert,12+ LPA,No Certification,I like a mix of both,Kinesthetic,Yes,No,UI/UX Designer
B.Tech,Graphic Design,8.15,"Sketch, User Research, Figma, Adobe XD","Creativity, Problem-Solving",Ambivert,8-12 LPA,Nielsen Norman Group UX Certification,I like a mix of both,Visual,Yes,No,Graphic Designer
B.Tech,Computer Science,8.12,"Git, SQL, JavaScript","Problem-Solving, Teamwork",Introvert,8-12 LPA,Coursera - Python for Everybody,I prefer working alone,Visual,Maybe,No,Software Developer
B.Tech,Computer Science,8.26,"Python, SQL","Teamwork, Problem-Solving",Introvert,12+ LPA,Coursera - Python for Everybody,I prefer working alone,Visual,Yes,No,Software Developer
BBA,Marketing,8.62,"Digital Marketing, Social Media Management","Creativity, Leadership",Extrovert,12+ LPA,HubSpot Content Marketing,I prefer working in a team,Auditory,Yes,No,Social Media Manager
Diploma,Mechanical Engineering,7.14,"AutoCAD, SolidWorks, MATLAB","Problem-Solving, Teamwork",Ambivert,8-12 LPA,No Certification,I prefer working in a team,Kinesthetic,Yes,Yes,Mechanical Engineer
B.A.,Graphic Design,8.21,"Figma, Adobe Illustrator, Adobe Photoshop","Attention to Detail, Creativity",Ambivert,4-8 LPA,No Certification,I like a mix of both,Kinesthetic,No,No,Graphic Designer
B.Des,Human-Computer Interaction,8.88,"Figma, User Research, Adobe XD","Empathy, Problem-Solving",Ambivert,8-12 LPA,Nielsen Norman Group UX Certification,I like a mix of both,Kinesthetic,No,No,UI/UX Designer
B.Tech,Computer Science,8.71,"SQL, Git, Python","Problem-Solving, Teamwork",Ambivert,8-12 LPA,Coursera - Python for Everybody,I prefer working alone,Visual,Yes,No,Software Developer
B.A.,Graphic Design,8.33,"Adobe Photoshop, Adobe Illustrator","Creativity, Attention to Detail",Introvert,4-8 LPA,Adobe Certified Expert (ACE),I prefer working alone,Visual,No,Yes,Graphic Designer
B.Com,Commerce,8.36,"SQL, Financial Modeling, Tableau, MS Excel","Attention to Detail, Analytical Skills",Extrovert,8-12 LPA,No Certification,I prefer working alone,Read/Write,No,No,Financial Analyst
B.Des,Fine Arts,8.7,"Adobe Illustrator, Figma","Creativity, Attention to Detail",Ambivert,Less than 4 LPA,No Certification,I like a mix of both,Visual,No,Yes,Graphic Designer
B.Tech,Data Science,9.04,"R, Python, Scikit-learn","Critical Thinking, Problem-Solving",Introvert,8-12 LPA,IBM Data Science,I prefer working alone,Visual,Yes,No,AI Specialist
B.Des,Graphic Design,6.57,"Figma, Adobe Illustrator","Attention to Detail, Creativity",Introvert,4-8 LPA,Adobe Certified Expert (ACE),I like a mix of both,Visual,No,No,UI/UX Designer
MBA,Business Administration,8.02,"Social Media Management, SEO, Digital Marketing, Google Analytics","Creativity, Communication",Extrovert,12+ LPA,Google Digital Marketing,I prefer working in a team,Visual,Yes,No,Marketing Manager
M.Tech,AI & ML,9.34,"Computer Vision, Python, TensorFlow","Critical Thinking, Research",Introvert,12+ LPA,TensorFlow Developer,I prefer working alone,Read/Write,Yes,Yes,AI Specialist
B.Tech,Computer Science,8.02,"Python, Java, JavaScript, Git","Teamwork, Problem-Solving",Ambivert,8-12 LPA,No Certification,I like a mix of both,Visual,Yes,No,Software Developer
MBA,Marketing,8.72,"Digital Marketing, SEO","Leadership, Creativity",Extrovert,12+ LPA,Google Digital Marketing,I prefer working in a team,Visual,Yes,No,Marketing Manager
B.Com,Finance,7.9,"SQL, Tableau, MS Excel, Financial Modeling","Analytical Skills, Attention to Detail",Extrovert,4-8 LPA,CFA,I prefer working alone,Read/Write,No,Yes,Financial Analyst
MBA,Marketing,8.31,"SEO, Digital Marketing, Google Analytics, Social Media Management","Leadership, Creativity",Extrovert,8-12 LPA,HubSpot Content Marketing,I prefer working in a team,Visual,Maybe,No,Marketing Manager
B.Tech,Graphic Design,8.0,"Adobe XD, Sketch, Figma","Problem-Solving, Empathy",Ambivert,12+ LPA,No Certification,I like a mix of both,Kinesthetic,No,No,UI/UX Designer
B.Com,Commerce,8.61,"Financial Modeling, Tableau, SQL","Attention to Detail, Analytical Skills",Extrovert,4-8 LPA,CFA,I prefer working alone,Visual,Maybe,No,Financial Analyst
B.Des,Fine Arts,6.67,"Figma, Adobe Photoshop, Adobe Illustrator","Creativity, Attention to Detail",Ambivert,Less than 4 LPA,Adobe Certified Expert (ACE),I like a mix of both,Visual,No,No,Graphic Designer
B.Com,Finance,8.8,"Tableau, Financial Modeling, SQL","Analytical Skills, Attention to Detail",Extrovert,8-12 LPA,No Certification,I prefer working alone,Read/Write,No,No,Financial Analyst
B.Tech,Mechanical Engineering,7.09,"AutoCAD, SolidWorks","Problem-Solving, Teamwork",Ambivert,8-12 LPA,No Certification,I prefer working in a team,Kinesthetic,Yes,Yes,Mechanical Engineer
B.A.,Graphic Design,6.66,"Adobe Illustrator, Adobe Photoshop, Figma","Attention to Detail, Creativity",Introvert,4-8 LPA,Adobe Certified Expert (ACE),I prefer working alone,Visual,No,Yes,Graphic Designer
B.Des,Human-Computer Interaction,8.53,"User Research, Figma, Adobe XD, Sketch","Problem-Solving, Empathy",Ambivert,8-12 LPA,No Certification,I like a mix of both,Kinesthetic,Yes,No,UI/UX Designer
B.A.,Fine Arts,8.34,"Figma, Adobe Illustrator","Attention to Detail, Creativity",Ambivert,4-8 LPA,No Certification,I like a mix of both,Kinesthetic,No,No,UI/UX Designer
M.Tech,Computer Science,9.0,"TensorFlow, Computer Vision, Python, PyTorch","Critical Thinking, Research",Introvert,12+ LPA,TensorFlow Developer,I prefer working alone,Read/Write,Yes,Yes,AI Specialist
B.Tech,Computer Science,8.92,"JavaScript, Python, Git","Problem-Solving, Teamwork",Introvert,12+ LPA,No Certification,I like a mix of both,Kinesthetic,Yes,No,Software Developer
B.Des,Graphic Design,8.57,"User Research, Figma","Problem-Solving, Creativity",Ambivert,12+ LPA,Nielsen Norman Group UX Certification,I like a mix of both,Visual,No,No,Graphic Designer
B.Tech,Computer Science,8.65,"Scikit-learn, R, TensorFlow, Python","Problem-Solving, Critical Thinking",Ambivert,12+ LPA,IBM Data Science,I prefer working alone,Visual,Yes,No,AI Specialist
B.Des,Graphic Design,8.26,"Adobe Illustrator, Figma, Adobe Photoshop","Attention to Detail, Creativity",Ambivert,4-8 LPA,Adobe Certified Expert (ACE),I like a mix of both,Kinesthetic,No,Yes,Graphic Designer
B.Des,Graphic Design,6.82,"Figma, Adobe Illustrator, Adobe Photoshop","Creativity, Attention to Detail",Ambivert,4-8 LPA,Adobe Certified Expert (ACE),I prefer working alone,Visual,No,Yes,Graphic Designer
MBA,Business Administration,7.64,"SEO, Digital Marketing, Social Media Management","Creativity, Communication",Extrovert,12+ LPA,HubSpot Content Marketing,I prefer working in a team,Auditory,Maybe,No,Marketing Manager
BBA,Business Administration,7.18,"Digital Marketing, SEO","Leadership, Creativity",Extrovert,12+ LPA,Google Digital Marketing,I prefer working in a team,Auditory,Yes,No,Social Media Manager
B.A.,Fine Arts,7.06,"Figma, Adobe Photoshop","Creativity, Attention to Detail",Introvert,Less than 4 LPA,Adobe Certified Expert (ACE),I like a mix of both,Visual,No,Yes,Graphic Designer
MBA,Business Administration,7.63,"SEO, Social Media Management, Google Analytics, Digital Marketing","Communication, Creativity",Extrovert,12+ LPA,Google Digital Marketing,I prefer working in a team,Visual,Maybe,No,Marketing Manager
B.Tech,Mechanical Engineering,7.7,"AutoCAD, MATLAB","Problem-Solving, Teamwork",Ambivert,8-12 LPA,No Certification,I prefer working in a team,Kinesthetic,Maybe,Yes,Mechanical Engineer
Diploma,Mechanical Engineering,7.47,"SolidWorks, AutoCAD, MATLAB","Problem-Solving, Teamwork",Ambivert,8-12 LPA,No Certification,I prefer working in a team,Kinesthetic,Yes,Yes,Mechanical Engineer
B.Tech,Data Science,9.42,"R, Scikit-learn, TensorFlow, Python, SQL","Critical Thinking, Problem-Solving",Introvert,8-12 LPA,Google Data Analytics,I prefer working alone,Visual,Yes,Yes,Data Scientist
M.Tech,Computer Science,9.47,"Python, SQL, Scikit-learn, R","Critical Thinking, Problem-Solving",Ambivert,12+ LPA,IBM Data Science,I prefer working alone,Read/Write,Yes,No,AI Specialist
B.Tech,Computer Science,8.2,"Java, JavaScript, Git, Python, SQL","Teamwork, Problem-Solving",Introvert,12+ LPA,Coursera - Python for Everybody,I prefer working alone,Visual,Maybe,No,Software Developer
MBA,Marketing,7.78,"Digital Marketing, Social Media Management, Google Analytics","Leadership, Creativity",Extrovert,12+ LPA,HubSpot Content Marketing,I prefer working in a team,Visual,Yes,No,Marketing Manager
M.Tech,AI & ML,9.29,"TensorFlow, Python, PyTorch, Computer Vision, NLP","Critical Thinking, Research",Introvert,12+ LPA,TensorFlow Developer,I prefer working alone,Read/Write,Yes,Yes,AI Specialist
MBA,Business Administration,7.4,"Social Media Management, SEO, Digital Marketing","Creativity, Leadership",Extrovert,8-12 LPA,Google Digital Marketing,I prefer working in a team,Visual,Maybe,No,Marketing Manager
B.Tech,Computer Science,8.52,"Python, TensorFlow, R","Critical Thinking, Problem-Solving",Ambivert,12+ LPA,IBM Data Science,I prefer working alone,Visual,Yes,Yes,Data Scientist
M.Tech,AI & ML,9.23,"TensorFlow, NLP, Python, PyTorch, Computer Vision","Research, Critical Thinking",Introvert,12+ LPA,Deep Learning Specialization,I prefer working alone,Read/Write,Yes,Yes,AI Specialist
BBA,Marketing,7.08,"Digital Marketing, Social Media Management","Creativity, Leadership",Extrovert,8-12 LPA,Google Digital Marketing,I prefer working in a team,Visual,Yes,No,Social Media Manager
M.Tech,AI & ML,9.02,"PyTorch, Python, NLP, TensorFlow, Computer Vision","Research, Critical Thinking",Introvert,12+ LPA,TensorFlow Developer,I prefer working alone,Read/Write,Yes,Yes,AI Specialist
Diploma,Mechanical Engineering,8.85,"MATLAB, AutoCAD","Teamwork, Problem-Solving",Ambivert,4-8 LPA,Certified SOLIDWORKS Professional,I prefer working in a team,Kinesthetic,Maybe,Yes,Mechanical Engineer
B.A.,Fine Arts,8.45,"Adobe Illustrator, Figma, Adobe Photoshop","Attention to Detail, Creativity",Introvert,4-8 LPA,No Certification,I like a mix of both,Visual,No,Yes,Graphic Designer
MBA,Business Administration,7.95,"Digital Marketing, SEO","Creativity, Communication",Extrovert,12+ LPA,HubSpot Content Marketing,I prefer working in a team,Auditory,Maybe,No,Marketing Manager
B.Tech,Human-Computer Interaction,7.69,"Adobe XD, User Research, Figma, Sketch","Creativity, Problem-Solving",Ambivert,8-12 LPA,Nielsen Norman Group UX Certification,I like a mix of both,Kinesthetic,No,No,Graphic Designer
BBA,Marketing,7.55,"SEO, Digital Marketing, Google Analytics, Social Media Management","Creativity, Leadership",Extrovert,8-12 LPA,HubSpot Content Marketing,I prefer working in a team,Auditory,Yes,No,Marketing Manager
B.Tech,Computer Science,8.13,"Python, JavaScript","Problem-Solving, Teamwork",Introvert,8-12 LPA,Coursera - Python for Everybody,I like a mix of both,Visual,Yes,No,Software Developer
B.Tech,Data Science,9.38,"Scikit-learn, TensorFlow, Python, R, SQL","Problem-Solving, Critical Thinking",Ambivert,8-12 LPA,Google Data Analytics,I prefer working alone,Visual,Yes,Yes,Data Scientist
M.Tech,Data Science,9.31,"SQL, TensorFlow, Python, Scikit-learn","Problem-Solving, Critical Thinking",Ambivert,8-12 LPA,IBM Data Science,I prefer working alone,Visual,Yes,Yes,Data Scientist
MBA,Business Administration,8.35,"Google Analytics, Digital Marketing, SEO, Social Media Management","Creativity, Leadership",Extrovert,8-12 LPA,HubSpot Content Marketing,I prefer working in a team,Visual,Maybe,No,Marketing Manager
M.Tech,Computer Science,9.54,"Python, Computer Vision, TensorFlow","Research, Critical Thinking",Introvert,12+ LPA,TensorFlow Developer,I prefer working alone,Read/Write,Yes,Yes,AI Specialist
M.Tech,Data Science,9.21,"Scikit-learn, TensorFlow","Critical Thinking, Problem-Solving",Introvert,8-12 LPA,IBM Data Science,I prefer working alone,Visual,Yes,No,AI Specialist
B.Tech,Computer Science,8.16,"Java, Git, Python","Problem-Solving, Teamwork",Ambivert,12+ LPA,Coursera - Python for Everybody,I like a mix of both,Visual,Yes,No,Software Developer
B.Tech,Computer Science,8.5,"Git, JavaScript, Python, SQL","Problem-Solving, Teamwork",Ambivert,12+ LPA,No Certification,I like a mix of both,Visual,Maybe,No,Software Developer
B.Tech,Human-Computer Interaction,8.67,"Figma, Sketch, Adobe XD","Empathy, Creativity",Ambivert,12+ LPA,No Certification,I like a mix of both,Visual,No,No,Graphic Designer
Diploma,Mechanical Engineering,8.85,"AutoCAD, MATLAB, SolidWorks","Problem-Solving, Teamwork",Ambivert,8-12 LPA,No Certification,I prefer working in a team,Kinesthetic,Yes,Yes,Mechanical Engineer
B.Tech,Data Science,8.96,"TensorFlow, R, Scikit-learn","Critical Thinking, Problem-Solving",Ambivert,12+ LPA,Google Data Analytics,I prefer working alone,Read/Write,Yes,Yes,Data Scientist
B.Com,Commerce,8.17,"MS Excel, Financial Modeling, Tableau","Analytical Skills, Attention to Detail",Extrovert,8-12 LPA,No Certification,I prefer working alone,Read/Write,Maybe,Yes,Financial Analyst
B.Tech,Computer Science,8.33,"Python, SQL","Teamwork, Problem-Solving",Introvert,12+ LPA,No Certification,I prefer working alone,Kinesthetic,Maybe,No,Software Developer
MBA,Finance,8.81,"MS Excel, Tableau, SQL","Analytical Skills, Attention to Detail",Extrovert,4-8 LPA,No Certification,I prefer working alone,Visual,No,Yes,Financial Analyst
B.A.,Fine Arts,6.92,"Adobe Illustrator, Figma","Creativity, Attention to Detail",Ambivert,Less than 4 LPA,No Certification,I prefer working alone,Kinesthetic,No,No,Graphic Designer
MBA,Business Administration,7.6,"Digital Marketing, Google Analytics","Creativity, Communication",Extrovert,12+ LPA,Google Digital Marketing,I prefer working in a team,Auditory,Yes,No,Marketing Manager
B.Tech,Graphic Design,8.11,"Adobe XD, User Research, Figma, Sketch","Creativity, Problem-Solving",Ambivert,8-12 LPA,No Certification,I like a mix of both,Kinesthetic,No,No,UI/UX Designer
M.Tech,Data Science,9.6,"TensorFlow, Python","Critical Thinking, Problem-Solving",Ambivert,8-12 LPA,IBM Data Science,I prefer working alone,Visual,Yes,No,Data Scientist
B.Tech,Mechanical Engineering,8.91,"MATLAB, SolidWorks","Problem-Solving, Teamwork",Ambivert,8-12 LPA,No Certification,I prefer working in a team,Kinesthetic,Yes,Yes,Mechanical Engineer
B.Des,Graphic Design,8.24,"Figma, Adobe Illustrator, Adobe Photoshop","Attention to Detail, Creativity",Ambivert,4-8 LPA,Adobe Certified Expert (ACE),I like a mix of both,Kinesthetic,No,Yes,UI/UX Designer
B.A.,Graphic Design,7.06,"Adobe Photoshop, Figma, Adobe Illustrator","Attention to Detail, Creativity",Ambivert,4-8 LPA,No Certification,I like a mix of both,Visual,No,No,Graphic Designer
B.Com,Commerce,8.45,"MS Excel, Financial Modeling","Attention to Detail, Analytical Skills",Ambivert,4-8 LPA,No Certification,I prefer working alone,Visual,Maybe,Yes,Financial Analyst
BBA,Business Administration,7.21,"SEO, Digital Marketing, Google Analytics","Creativity, Communication",Extrovert,12+ LPA,HubSpot Content Marketing,I prefer working in a team,Auditory,Yes,No,Marketing Manager
B.Tech,Computer Science,8.55,"SQL, Java, JavaScript, Python, Git","Teamwork, Problem-Solving",Ambivert,8-12 LPA,No Certification,I prefer working alone,Visual,Maybe,No,Software Developer
B.Com,Finance,8.4,"Financial Modeling, MS Excel, Tableau","Analytical Skills, Attention to Detail",Ambivert,4-8 LPA,No Certification,I prefer working alone,Visual,Maybe,Yes,Financial Analyst
B.Tech,Mechanical Engineering,7.35,"AutoCAD, SolidWorks, MATLAB","Problem-Solving, Teamwork",Ambivert,4-8 LPA,No Certification,I prefer working in a team,Kinesthetic,Maybe,Yes,Mechanical Engineer
B.A.,Fine Arts,8.52,"Adobe Illustrator, Figma","Creativity, Attention to Detail",Ambivert,Less than 4 LPA,Adobe Certified Expert (ACE),I prefer working alone,Kinesthetic,No,No,Graphic Designer
B.Tech,Graphic Design,9.0,"Adobe XD, User Research","Problem-Solving, Creativity",Ambivert,12+ LPA,Nielsen Norman Group UX Certification,I like a mix of both,Visual,No,No,Graphic Designer
B.Des,Fine Arts,7.17,"Figma, Adobe Illustrator, Adobe Photoshop","Attention to Detail, Creativity",Ambivert,Less than 4 LPA,No Certification,I like a mix of both,Visual,No,No,Graphic Designer
B.Tech,Computer Science,8.76,"JavaScript, Python, Java","Problem-Solving, Teamwork",Introvert,12+ LPA,Coursera - Python for Everybody,I prefer working alone,Kinesthetic,Yes,No,Software Developer
MBA,Business Administration,8.57,"Digital Marketing, SEO","Leadership, Creativity",Extrovert,8-12 LPA,Google Digital Marketing,I prefer working in a team,Auditory,Yes,No,Marketing Manager
M.Tech,Data Science,9.58,"TensorFlow, SQL, Scikit-learn, R","Problem-Solving, Critical Thinking",Introvert,8-12 LPA,Google Data Analytics,I prefer working alone,Visual,Yes,No,Data Scientist
B.Tech,Computer Science,8.77,"SQL, Java","Teamwork, Problem-Solving",Introvert,8-12 LPA,No Certification,I prefer working alone,Kinesthetic,Maybe,No,Software Developer
M.Tech,Computer Science,9.91,"Computer Vision, PyTorch, NLP, Python","Research, Critical Thinking",Introvert,12+ LPA,TensorFlow Developer,I prefer working alone,Read/Write,Yes,Yes,AI Specialist
B.Des,Human-Computer Interaction,8.07,"User Research, Sketch, Adobe XD","Problem-Solving, Empathy",Ambivert,8-12 LPA,Nielsen Norman Group UX Certification,I like a mix of both,Visual,Yes,No,UI/UX Designer
B.Des,Graphic Design,8.48,"Sketch, Figma","Empathy, Creativity",Ambivert,8-12 LPA,No Certification,I like a mix of both,Visual,Yes,No,UI/UX Designer
MBA,Commerce,8.04,"MS Excel, Tableau, Financial Modeling","Analytical Skills, Attention to Detail",Extrovert,4-8 LPA,CFA,I prefer working alone,Visual,Maybe,No,Financial Analyst
MBA,Commerce,7.74,"SQL, Financial Modeling, MS Excel, Tableau","Analytical Skills, Attention to Detail",Ambivert,4-8 LPA,No Certification,I prefer working alone,Read/Write,Maybe,Yes,Financial Analyst
B.Tech,Data Science,9.67,"R, TensorFlow","Critical Thinking, Problem-Solving",Introvert,12+ LPA,IBM Data Science,I prefer working alone,Read/Write,Yes,No,Data Scientist
B.Des,Fine Arts,6.96,"Adobe Illustrator, Adobe Photoshop, Figma","Creativity, Attention to Detail",Introvert,4-8 LPA,No Certification,I like a mix of both,Visual,No,Yes,Graphic Designer
B.Tech,Mechanical Engineering,8.49,"AutoCAD, MATLAB, SolidWorks","Teamwork, Problem-Solving",Ambivert,8-12 LPA,No Certification,I prefer working in a team,Kinesthetic,Maybe,Yes,Mechanical Engineer
B.Tech,Data Science,9.81,"Scikit-learn, R, TensorFlow, SQL, Python","Critical Thinking, Problem-Solving",Introvert,12+ LPA,IBM Data Science,I prefer working alone,Visual,Yes,No,Data Scientist
BBA,Marketing,7.86,"Digital Marketing, SEO, Social Media Management","Creativity, Leadership",Extrovert,8-12 LPA,HubSpot Content Marketing,I prefer working in a team,Auditory,Maybe,No,Social Media Manager
BBA,Business Administration,7.01,"Social Media Management, Digital Marketing","Leadership, Communication",Extrovert,8-12 LPA,HubSpot Content Marketing,I prefer working in a team,Visual,Yes,No,Marketing Manager
B.Des,Human-Computer Interaction,8.98,"Adobe XD, Figma","Problem-Solving, Empathy",Ambivert,8-12 LPA,Nielsen Norman Group UX Certification,I like a mix of both,Kinesthetic,No,No,UI/UX Designer
B.Des,Fine Arts,8.02,"Figma, Adobe Photoshop, Adobe Illustrator","Creativity, Attention to Detail",Ambivert,4-8 LPA,Adobe Certified Expert (ACE),I like a mix of both,Kinesthetic,No,Yes,Graphic Designer
B.Tech,Computer Science,8.83,"Scikit-learn, R","Critical Thinking, Problem-Solving",Introvert,8-12 LPA,IBM Data Science,I prefer working alone,Read/Write,Yes,No,Data Scientist
MBA,Commerce,8.72,"MS Excel, SQL, Financial Modeling, Tableau","Attention to Detail, Analytical Skills",Ambivert,4-8 LPA,CFA,I prefer working alone,Visual,Maybe,No,Financial Analyst
MBA,Finance,7.77,"Tableau, Financial Modeling, SQL","Analytical Skills, Attention to Detail",Extrovert,8-12 LPA,CFA,I prefer working alone,Read/Write,Maybe,Yes,Financial Analyst
M.Tech,AI & ML,9.64,"NLP, Python, PyTorch, TensorFlow, Computer Vision","Critical Thinking, Research",Introvert,12+ LPA,Deep Learning Specialization,I prefer working alone,Read/Write,Yes,Yes,AI Specialist
M.Tech,AI & ML,8.88,"TensorFlow, PyTorch","Research, Critical Thinking",Introvert,12+ LPA,Deep Learning Specialization,I prefer working alone,Read/Write,Yes,Yes,Data Scientist
B.Des,Fine Arts,6.68,"Adobe Illustrator, Adobe Photoshop, Figma","Attention to Detail, Creativity",Introvert,Less than 4 LPA,Adobe Certified Expert (ACE),I like a mix of both,Visual,No,Yes,Graphic Designer
B.Tech,Computer Science,9.54,"Scikit-learn, SQL, R","Critical Thinking, Problem-Solving",Ambivert,8-12 LPA,IBM Data Science,I prefer working alone,Read/Write,Yes,No,Data Scientist
B.A.,Fine Arts,7.35,"Adobe Illustrator, Adobe Photoshop, Figma","Attention to Detail, Creativity",Ambivert,4-8 LPA,No Certification,I prefer working alone,Visual,No,No,Graphic Designer
B.Com,Finance,9.17,"Financial Modeling, Tableau","Analytical Skills, Attention to Detail",Extrovert,4-8 LPA,CFA,I prefer working alone,Visual,Maybe,Yes,Financial Analyst
M.Tech,Data Science,8.97,"R, Scikit-learn, TensorFlow, Python","Critical Thinking, Problem-Solving",Ambivert,8-12 LPA,IBM Data Science,I prefer working alone,Visual,Yes,Yes,Data Scientist
MBA,Commerce,8.62,"Financial Modeling, MS Excel","Analytical Skills, Attention to Detail",Ambivert,4-8 LPA,CFA,I prefer working alone,Visual,No,No,Financial Analyst
B.Tech,Computer Science,9.37,"Java, Python","Teamwork, Problem-Solving",Ambivert,8-12 LPA,Coursera - Python for Everybody,I prefer working alone,Visual,Maybe,No,Software Developer
B.A.,Fine Arts,6.86,"Figma, Adobe Photoshop, Adobe Illustrator","Creativity, Attention to Detail",Ambivert,Less than 4 LPA,Adobe Certified Expert (ACE),I like a mix of both,Visual,No,No,Graphic Designer
B.A.,Graphic Design,7.14,"Adobe Photoshop, Figma, Adobe Illustrator","Attention to Detail, Creativity",Ambivert,Less than 4 LPA,No Certification,I like a mix of both,Visual,No,Yes,Graphic Designer
M.Tech,Data Science,9.63,"Python, TensorFlow, R","Problem-Solving, Critical Thinking",Ambivert,12+ LPA,Google Data Analytics,I prefer working alone,Visual,Yes,No,Data Scientist
B.Des,Graphic Design,8.72,"Adobe Photoshop, Figma","Creativity, Attention to Detail",Introvert,4-8 LPA,Adobe Certified Expert (ACE),I like a mix of both,Visual,No,No,UI/UX Designer
B.Tech,Mechanical Engineering,8.44,"MATLAB, AutoCAD","Teamwork, Problem-Solving",Ambivert,4-8 LPA,Certified SOLIDWORKS Professional,I prefer working in a team,Kinesthetic,Maybe,Yes,Mechanical Engineer
M.Tech,AI & ML,9.41,"Computer Vision, Python, TensorFlow, NLP, PyTorch","Research, Critical Thinking",Introvert,12+ LPA,TensorFlow Developer,I prefer working alone,Read/Write,Yes,Yes,AI Specialist
B.A.,Fine Arts,8.14,"Figma, Adobe Photoshop, Adobe Illustrator","Creativity, Attention to Detail",Ambivert,Less than 4 LPA,No Certification,I prefer working alone,Visual,No,Yes,UI/UX Designer
B.Tech,Graphic Design,8.91,"Sketch, Adobe XD","Empathy, Creativity",Ambivert,12+ LPA,Nielsen Norman Group UX Certification,I like a mix of both,Visual,No,No,UI/UX Designer
B.A.,Graphic Design,8.76,"Adobe Illustrator, Adobe Photoshop, Figma","Creativity, Attention to Detail",Ambivert,Less than 4 LPA,Adobe Certified Expert (ACE),I like a mix of both,Visual,No,No,Graphic Designer
B.Tech,Computer Science,9.44,"SQL, Git, JavaScript, Python","Problem-Solving, Teamwork",Ambivert,12+ LPA,No Certification,I prefer working alone,Kinesthetic,Maybe,No,Software Developer
B.Des,Fine Arts,7.86,"Figma, Adobe Illustrator, Adobe Photoshop","Creativity, Attention to Detail",Ambivert,Less than 4 LPA,Adobe Certified Expert (ACE),I like a mix of both,Visual,No,Yes,Graphic Designer
B.Tech,Computer Science,9.68,"Java, Git","Teamwork, Problem-Solving",Ambivert,8-12 LPA,No Certification,I like a mix of both,Visual,Yes,No,Software Developer
B.Tech,Graphic Design,7.84,"User Research, Sketch, Figma, Adobe XD","Empathy, Creativity",Ambivert,8-12 LPA,No Certification,I like a mix of both,Visual,Yes,No,UI/UX Designer
B.Tech,Mechanical Engineering,7.79,"MATLAB, AutoCAD, SolidWorks","Teamwork, Problem-Solving",Ambivert,4-8 LPA,No Certification,I prefer working in a team,Kinesthetic,Yes,Yes,Mechanical Engineer
MBA,Finance,7.67,"MS Excel, Financial Modeling, SQL","Attention to Detail, Analytical Skills",Ambivert,8-12 LPA,No Certification,I prefer working alone,Visual,No,Yes,Financial Analyst
B.Tech,Computer Science,9.69,"R, Python, SQL, Scikit-learn","Problem-Solving, Critical Thinking",Introvert,12+ LPA,Google Data Analytics,I prefer working alone,Read/Write,Yes,Yes,Data Scientist
M.Tech,Data Science,9.82,"Scikit-learn, TensorFlow, SQL","Problem-Solving, Critical Thinking",Introvert,8-12 LPA,Google Data Analytics,I prefer working alone,Read/Write,Yes,No,Data Scientist
B.Des,Graphic Design,7.9,"Adobe Illustrator, Adobe Photoshop","Creativity, Attention to Detail",Introvert,Less than 4 LPA,Adobe Certified Expert (ACE),I prefer working alone,Visual,No,No,UI/UX Designer
B.Tech,Data Science,8.97,"TensorFlow, Scikit-learn, SQL","Critical Thinking, Problem-Solving",Introvert,8-12 LPA,Google Data Analytics,I prefer working alone,Visual,Yes,Yes,Data Scientist
M.Tech,Computer Science,9.51,"TensorFlow, Python","Research, Critical Thinking",Introvert,12+ LPA,TensorFlow Developer,I prefer working alone,Read/Write,Yes,Yes,AI Specialist
B.Com,Finance,9.12,"Tableau, SQL","Analytical Skills, Attention to Detail",Extrovert,4-8 LPA,CFA,I prefer working alone,Read/Write,Maybe,No,Financial Analyst
B.Tech,Human-Computer Interaction,9.29,"User Research, Figma","Empathy, Problem-Solving",Ambivert,8-12 LPA,No Certification,I like a mix of both,Kinesthetic,No,No,Graphic Designer
B.Com,Finance,7.57,"Tableau, Financial Modeling","Analytical Skills, Attention to Detail",Extrovert,8-12 LPA,No Certification,I prefer working alone,Read/Write,No,Yes,Business Analyst
B.Tech,Data Science,9.43,"SQL, Scikit-learn, TensorFlow, R","Critical Thinking, Problem-Solving",Introvert,8-12 LPA,IBM Data Science,I prefer working alone,Read/Write,Yes,No,Data Scientist
Diploma,Mechanical Engineering,8.84,"AutoCAD, SolidWorks","Teamwork, Problem-Solving",Ambivert,4-8 LPA,Certified SOLIDWORKS Professional,I prefer working in a team,Kinesthetic,Maybe,Yes,Civil Engineer
B.Des,Human-Computer Interaction,8.13,"User Research, Figma, Sketch","Empathy, Problem-Solving",Ambivert,12+ LPA,No Certification,I like a mix of both,Kinesthetic,No,No,UI/UX Designer
B.Des,Graphic Design,8.81,"Figma, Adobe Illustrator","Attention to Detail, Creativity",Introvert,4-8 LPA,No Certification,I like a mix of both,Visual,No,Yes,Graphic Designer
B.Tech,Mechanical Engineering,7.63,"SolidWorks, AutoCAD","Teamwork, Problem-Solving",Ambivert,8-12 LPA,Certified SOLIDWORKS Professional,I prefer working in a team,Kinesthetic,Maybe,Yes,Mechanical Engineer
M.Tech,Computer Science,9.41,"PyTorch, TensorFlow, NLP","Critical Thinking, Research",Introvert,12+ LPA,TensorFlow Developer,I prefer working alone,Read/Write,Yes,Yes,AI Specialist
B.Tech,Computer Science,8.74,"SQL, Java","Problem-Solving, Teamwork",Ambivert,8-12 LPA,Coursera - Python for Everybody,I like a mix of both,Kinesthetic,Yes,No,Data Scientist
B.Tech,Mechanical Engineering,7.07,"SolidWorks, MATLAB, AutoCAD","Problem-Solving, Teamwork",Ambivert,4-8 LPA,No Certification,I prefer working in a team,Kinesthetic,Maybe,Yes,Mechanical Engineer
B.A.,Graphic Design,7.08,"Figma, Adobe Illustrator","Creativity, Attention to Detail",Introvert,4-8 LPA,No Certification,I like a mix of both,Kinesthetic,No,Yes,Graphic Designer
B.Tech,Graphic Design,7.98,"Figma, User Research, Adobe XD","Problem-Solving, Creativity",Ambivert,8-12 LPA,Nielsen Norman Group UX Certification,I like a mix of both,Visual,Yes,No,UI/UX Designer
B.A.,Graphic Design,7.07,"Adobe Illustrator, Adobe Photoshop, Figma","Creativity, Attention to Detail",Ambivert,Less than 4 LPA,Adobe Certified Expert (ACE),I like a mix of both,Kinesthetic,No,Yes,Graphic Designer
B.Tech,Mechanical Engineering,7.94,"SolidWorks, MATLAB, AutoCAD","Teamwork, Problem-Solving",Ambivert,8-12 LPA,Certified SOLIDWORKS Professional,I prefer working in a team,Kinesthetic,Maybe,Yes,Civil Engineer
B.Com,Commerce,8.13,"Financial Modeling, SQL","Attention to Detail, Analytical Skills",Ambivert,4-8 LPA,No Certification,I prefer working alone,Visual,Maybe,No,Financial Analyst
BBA,Business Administration,8.03,"SEO, Digital Marketing","Communication, Leadership",Extrovert,8-12 LPA,HubSpot Content Marketing,I prefer working in a team,Visual,Yes,No,Marketing Manager
M.Tech,Data Science,9.47,"TensorFlow, Python, Scikit-learn","Critical Thinking, Problem-Solving",Ambivert,8-12 LPA,Google Data Analytics,I prefer working alone,Read/Write,Yes,Yes,Data Scientist
BBA,Marketing,7.79,"Google Analytics, Digital Marketing, SEO","Creativity, Leadership",Extrovert,12+ LPA,HubSpot Content Marketing,I prefer working in a team,Auditory,Maybe,No,Marketing Manager
B.Tech,Data Science,8.75,"Scikit-learn, TensorFlow, Python","Critical Thinking, Problem-Solving",Ambivert,8-12 LPA,IBM Data Science,I prefer working alone,Read/Write,Yes,Yes,Data Scientist
B.A.,Graphic Design,6.82,"Adobe Photoshop, Figma","Attention to Detail, Creativity",Introvert,Less than 4 LPA,No Certification,I prefer working alone,Visual,No,No,Graphic Designer
M.Tech,Computer Science,9.31,"NLP, TensorFlow, Python, PyTorch","Research, Critical Thinking",Introvert,12+ LPA,Deep Learning Specialization,I prefer working alone,Read/Write,Yes,Yes,AI Specialist
M.Tech,Computer Science,9.31,"NLP, PyTorch, Computer Vision","Research, Critical Thinking",Introvert,12+ LPA,TensorFlow Developer,I prefer working alone,Read/Write,Yes,Yes,AI Specialist
B.Tech,Computer Science,9.63,"JavaScript, Java, Git","Problem-Solving, Teamwork",Introvert,12+ LPA,Coursera - Python for Everybody,I prefer working alone,Visual,Maybe,No,Data Scientist
BBA,Business Administration,7.4,"SEO, Google Analytics, Social Media Management","Communication, Leadership",Extrovert,12+ LPA,Google Digital Marketing,I prefer working in a team,Visual,Maybe,No,Marketing Manager
B.Com,Finance,7.58,"SQL, MS Excel, Tableau, Financial Modeling","Analytical Skills, Attention to Detail",Ambivert,8-12 LPA,No Certification,I prefer working alone,Visual,Maybe,No,Financial Analyst
BBA,Marketing,7.35,"SEO, Social Media Management, Digital Marketing, Google Analytics","Communication, Creativity",Extrovert,12+ LPA,HubSpot Content Marketing,I prefer working in a team,Visual,Maybe,No,Marketing Manager
MBA,Marketing,8.09,"Social Media Management, Digital Marketing, SEO","Communication, Leadership",Extrovert,8-12 LPA,Google Digital Marketing,I prefer working in a team,Visual,Maybe,No,Marketing Manager
B.Des,Graphic Design,8.13,"Adobe Photoshop, Adobe Illustrator","Creativity, Attention to Detail",Ambivert,4-8 LPA,No Certification,I like a mix of both,Kinesthetic,No,Yes,Graphic Designer
Diploma,Mechanical Engineering,7.62,"MATLAB, AutoCAD","Teamwork, Problem-Solving",Ambivert,8-12 LPA,Certified SOLIDWORKS Professional,I prefer working in a team,Kinesthetic,Yes,Yes,Mechanical Engineer
B.Com,Commerce,8.44,"SQL, Financial Modeling","Attention to Detail, Analytical Skills",Ambivert,8-12 LPA,CFA,I prefer working alone,Visual,Maybe,Yes,Financial Analyst
M.Tech,Computer Science,9.92,"Python, Computer Vision, PyTorch, NLP, TensorFlow","Critical Thinking, Research",Introvert,12+ LPA,TensorFlow Developer,I prefer working alone,Read/Write,Yes,Yes,Data Scientist
M.Tech,Computer Science,8.97,"PyTorch, Python, Computer Vision","Research, Critical Thinking",Introvert,12+ LPA,TensorFlow Developer,I prefer working alone,Read/Write,Yes,Yes,AI Specialist
Diploma,Mechanical Engineering,7.1,"SolidWorks, AutoCAD, MATLAB","Problem-Solving, Teamwork",Ambivert,8-12 LPA,No Certification,I prefer working in a team,Kinesthetic,Maybe,Yes,Mechanical Engineer
MBA,Marketing,7.69,"Social Media Management, Google Analytics, Digital Marketing, SEO","Creativity, Communication",Extrovert,12+ LPA,HubSpot Content Marketing,I prefer working in a team,Auditory,Maybe,No,Marketing Manager
Diploma,Mechanical Engineering,7.26,"SolidWorks, MATLAB","Problem-Solving, Teamwork",Ambivert,4-8 LPA,Certified SOLIDWORKS Professional,I prefer working in a team,Kinesthetic,Maybe,Yes,Mechanical Engineer
B.Tech,Computer Science,9.59,"Python, JavaScript","Teamwork, Problem-Solving",Ambivert,12+ LPA,No Certification,I prefer working alone,Visual,Maybe,No,Software Developer
BBA,Marketing,8.09,"Google Analytics, SEO","Leadership, Creativity",Extrovert,12+ LPA,Google Digital Marketing,I prefer working in a team,Auditory,Maybe,No,Marketing Manager
B.Tech,Mechanical Engineering,7.88,"AutoCAD, SolidWorks, MATLAB","Problem-Solving, Teamwork",Ambivert,4-8 LPA,No Certification,I prefer working in a team,Kinesthetic,Yes,Yes,Mechanical Engineer
B.Tech,Computer Science,8.09,"JavaScript, SQL, Java, Python","Problem-Solving, Teamwork",Introvert,8-12 LPA,Coursera - Python for Everybody,I like a mix of both,Kinesthetic,Yes,No,Data Scientist
B.Tech,Graphic Design,7.94,"Sketch, User Research, Adobe XD","Creativity, Empathy",Ambivert,8-12 LPA,Nielsen Norman Group UX Certification,I like a mix of both,Visual,Yes,No,UI/UX Designer
B.Tech,Graphic Design,9.25,"User Research, Sketch, Figma, Adobe XD","Creativity, Problem-Solving",Ambivert,8-12 LPA,No Certification,I like a mix of both,Visual,Yes,No,UI/UX Designer
M.Tech,AI & ML,9.81,"NLP, Computer Vision, Python, TensorFlow","Critical Thinking, Research",Introvert,12+ LPA,Deep Learning Specialization,I prefer working alone,Read/Write,Yes,Yes,AI Specialist
B.Tech,Computer Science,8.77,"Java, Python","Teamwork, Problem-Solving",Ambivert,8-12 LPA,Coursera - Python for Everybody,I like a mix of both,Kinesthetic,Yes,No,Software Developer
B.Des,Fine Arts,8.18,"Adobe Illustrator, Figma","Creativity, Attention to Detail",Ambivert,Less than 4 LPA,No Certification,I prefer working alone,Visual,No,Yes,Graphic Designer
MBA,Marketing,7.33,"Google Analytics, Digital Marketing, Social Media Management","Leadership, Creativity",Extrovert,8-12 LPA,HubSpot Content Marketing,I prefer working in a team,Auditory,Maybe,No,Marketing Manager
B.Des,Human-Computer Interaction,7.99,"Sketch, Figma, User Research","Creativity, Problem-Solving",Ambivert,12+ LPA,No Certification,I like a mix of both,Kinesthetic,Yes,No,Graphic Designer
MBA,Business Administration,8.0,"SEO, Digital Marketing, Google Analytics, Social Media Management","Leadership, Creativity",Extrovert,8-12 LPA,HubSpot Content Marketing,I prefer working in a team,Visual,Maybe,No,Marketing Manager
B.Tech,Computer Science,8.59,"JavaScript, Java, Git, Python, SQL","Problem-Solving, Teamwork",Introvert,12+ LPA,No Certification,I like a mix of both,Kinesthetic,Maybe,No,Software Developer
B.Tech,Computer Science,8.67,"SQL, Python, JavaScript","Teamwork, Problem-Solving",Ambivert,8-12 LPA,Coursera - Python for Everybody,I like a mix of both,Kinesthetic,Maybe,No,Software Developer
MBA,Commerce,8.01,"MS Excel, Financial Modeling","Analytical Skills, Attention to Detail",Ambivert,4-8 LPA,CFA,I prefer working alone,Read/Write,Maybe,Yes,Financial Analyst
M.Tech,Computer Science,9.59,"NLP, PyTorch, Python, TensorFlow","Research, Critical Thinking",Introvert,12+ LPA,Deep Learning Specialization,I prefer working alone,Read/Write,Yes,Yes,Data Scientist
MBA,Marketing,8.54,"Google Analytics, Social Media Management, SEO","Communication, Creativity",Extrovert,12+ LPA,HubSpot Content Marketing,I prefer working in a team,Visual,Yes,No,Marketing Manager
B.A.,Graphic Design,8.81,"Adobe Photoshop, Adobe Illustrator, Figma","Attention to Detail, Creativity",Ambivert,Less than 4 LPA,Adobe Certified Expert (ACE),I prefer working alone,Visual,No,No,Graphic Designer
B.Tech,Mechanical Engineering,7.23,"MATLAB, SolidWorks","Teamwork, Problem-Solving",Ambivert,4-8 LPA,No Certification,I prefer working in a team,Kinesthetic,Yes,Yes,Mechanical Engineer
MBA,Business Administration,8.38,"Digital Marketing, Google Analytics","Communication, Creativity",Extrovert,8-12 LPA,Google Digital Marketing,I prefer working in a team,Auditory,Yes,No,Marketing Manager
B.Des,Human-Computer Interaction,7.87,"User Research, Adobe XD, Sketch","Problem-Solving, Creativity",Ambivert,12+ LPA,No Certification,I like a mix of both,Kinesthetic,Yes,No,UI/UX Designer
BBA,Business Administration,8.38,"Social Media Management, Digital Marketing, Google Analytics, SEO","Communication, Creativity",Extrovert,8-12 LPA,Google Digital Marketing,I prefer working in a team,Visual,Yes,No,Marketing Manager
B.A.,Graphic Design,8.67,"Adobe Illustrator, Figma","Creativity, Attention to Detail",Introvert,Less than 4 LPA,No Certification,I like a mix of both,Kinesthetic,No,No,UI/UX Designer
MBA,Commerce,7.99,"Financial Modeling, SQL","Attention to Detail, Analytical Skills",Ambivert,8-12 LPA,No Certification,I prefer working alone,Visual,No,Yes,Business Analyst
M.Tech,Computer Science,9.15,"Python, Computer Vision, NLP, PyTorch","Research, Critical Thinking",Introvert,12+ LPA,Deep Learning Specialization,I prefer working alone,Read/Write,Yes,Yes,AI Specialist
M.Tech,AI & ML,9.16,"TensorFlow, Computer Vision, NLP, Python","Research, Critical Thinking",Introvert,12+ LPA,TensorFlow Developer,I prefer working alone,Read/Write,Yes,Yes,AI Specialist
M.Tech,Computer Science,8.86,"Scikit-learn, R, TensorFlow, Python","Critical Thinking, Problem-Solving",Introvert,8-12 LPA,Google Data Analytics,I prefer working alone,Read/Write,Yes,Yes,Data Scientist
M.Tech,Computer Science,8.99,"TensorFlow, Python, NLP, Computer Vision","Research, Critical Thinking",Introvert,12+ LPA,TensorFlow Developer,I prefer working alone,Read/Write,Yes,Yes,Data Scientist
M.Tech,Computer Science,9.12,"NLP, Computer Vision, PyTorch, Python","Research, Critical Thinking",Introvert,12+ LPA,TensorFlow Developer,I prefer working alone,Read/Write,Yes,Yes,AI Specialist
B.Des,Graphic Design,7.07,"Figma, Adobe Illustrator","Attention to Detail, Creativity",Introvert,Less than 4 LPA,No Certification,I like a mix of both,Kinesthetic,No,No,Graphic Designer
B.Des,Graphic Design,8.45,"Adobe Illustrator, Adobe Photoshop","Creativity, Attention to Detail",Introvert,Less than 4 LPA,No Certification,I like a mix of both,Visual,No,No,UI/UX Designer
M.Tech,AI & ML,9.41,"Computer Vision, TensorFlow, PyTorch, NLP, Python","Critical Thinking, Research",Introvert,12+ LPA,TensorFlow Developer,I prefer working alone,Read/Write,Yes,Yes,AI Specialist
M.Tech,Data Science,9.39,"SQL, R, Scikit-learn, Python, TensorFlow","Critical Thinking, Problem-Solving",Ambivert,8-12 LPA,Google Data Analytics,I prefer working alone,Read/Write,Yes,No,Data Scientist
MBA,Finance,8.73,"Financial Modeling, MS Excel, SQL","Attention to Detail, Analytical Skills",Ambivert,8-12 LPA,CFA,I prefer working alone,Visual,Maybe,Yes,Business Analyst
B.Tech,Computer Science,9.87,"TensorFlow, Scikit-learn, SQL, R","Critical Thinking, Problem-Solving",Introvert,12+ LPA,IBM Data Science,I prefer working alone,Read/Write,Yes,No,Data Scientist
MBA,Finance,8.07,"Financial Modeling, Tableau, MS Excel, SQL","Attention to Detail, Analytical Skills",Ambivert,8-12 LPA,No Certification,I prefer working alone,Read/Write,Maybe,No,Financial Analyst
BBA,Marketing,8.02,"Google Analytics, Social Media Management, Digital Marketing, SEO","Communication, Creativity",Extrovert,8-12 LPA,Google Digital Marketing,I prefer working in a team,Auditory,Maybe,No,Marketing Manager
B.Tech,Mechanical Engineering,7.78,"AutoCAD, MATLAB","Teamwork, Problem-Solving",Ambivert,4-8 LPA,No Certification,I prefer working in a team,Kinesthetic,Maybe,Yes,Mechanical Engineer
B.A.,Graphic Design,8.3,"Adobe Photoshop, Figma, Adobe Illustrator","Attention to Detail, Creativity",Ambivert,4-8 LPA,Adobe Certified Expert (ACE),I like a mix of both,Kinesthetic,No,No,Graphic Designer
B.Des,Fine Arts,8.31,"Adobe Illustrator, Figma, Adobe Photoshop","Creativity, Attention to Detail",Ambivert,Less than 4 LPA,Adobe Certified Expert (ACE),I prefer working alone,Kinesthetic,No,Yes,Graphic Designer
M.Tech,Computer Science,8.57,"TensorFlow, Scikit-learn, Python","Problem-Solving, Critical Thinking",Ambivert,8-12 LPA,IBM Data Science,I prefer working alone,Visual,Yes,No,Data Scientist
B.Com,Commerce,9.09,"SQL, Tableau","Attention to Detail, Analytical Skills",Ambivert,8-12 LPA,CFA,I prefer working alone,Read/Write,No,Yes,Financial Analyst
Diploma,Mechanical Engineering,7.42,"SolidWorks, AutoCAD, MATLAB","Problem-Solving, Teamwork",Ambivert,4-8 LPA,Certified SOLIDWORKS Professional,I prefer working in a team,Kinesthetic,Yes,Yes,Mechanical Engineer
M.Tech,AI & ML,9.91,"Python, Computer Vision, PyTorch, NLP","Research, Critical Thinking",Introvert,12+ LPA,TensorFlow Developer,I prefer working alone,Read/Write,Yes,Yes,AI Specialist
B.Des,Fine Arts,6.74,"Figma, Adobe Photoshop, Adobe Illustrator","Attention to Detail, Creativity",Introvert,Less than 4 LPA,Adobe Certified Expert (ACE),I like a mix of both,Kinesthetic,No,Yes,UI/UX Designer
MBA,Finance,8.0,"Financial Modeling, SQL","Analytical Skills, Attention to Detail",Extrovert,4-8 LPA,CFA,I prefer working alone,Read/Write,No,No,Financial Analyst
B.Des,Human-Computer Interaction,8.84,"Figma, User Research","Problem-Solving, Empathy",Ambivert,12+ LPA,No Certification,I like a mix of both,Kinesthetic,Yes,No,UI/UX Designer
B.Des,Human-Computer Interaction,9.01,"Figma, User Research, Adobe XD","Empathy, Problem-Solving",Ambivert,12+ LPA,Nielsen Norman Group UX Certification,I like a mix of both,Visual,No,No,UI/UX Designer
B.Com,Commerce,8.32,"Financial Modeling, Tableau","Analytical Skills, Attention to Detail",Ambivert,4-8 LPA,No Certification,I prefer working alone,Read/Write,Maybe,Yes,Financial Analyst
M.Tech,AI & ML,9.1,"TensorFlow, Python, Computer Vision, PyTorch, NLP","Critical Thinking, Research",Introvert,12+ LPA,Deep Learning Specialization,I prefer working alone,Read/Write,Yes,Yes,AI Specialist
B.Tech,Data Science,9.78,"SQL, Python, Scikit-learn","Critical Thinking, Problem-Solving",Introvert,8-12 LPA,IBM Data Science,I prefer working alone,Visual,Yes,Yes,Data Scientist
Diploma,Mechanical Engineering,7.77,"AutoCAD, MATLAB","Teamwork, Problem-Solving",Ambivert,4-8 LPA,Certified SOLIDWORKS Professional,I prefer working in a team,Kinesthetic,Maybe,Yes,Mechanical Engineer
M.Tech,AI & ML,9.39,"PyTorch, TensorFlow, Python, NLP","Research, Critical Thinking",Introvert,12+ LPA,TensorFlow Developer,I prefer working alone,Read/Write,Yes,Yes,AI Specialist
BBA,Business Administration,7.14,"Social Media Management, Digital Marketing, SEO, Google Analytics","Leadership, Communication",Extrovert,12+ LPA,Google Digital Marketing,I prefer working in a team,Auditory,Maybe,No,Marketing Manager
M.Tech,Data Science,9.2,"R, Python","Critical Thinking, Problem-Solving",Introvert,8-12 LPA,IBM Data Science,I prefer working alone,Read/Write,Yes,No,Data Scientist
B.Com,Commerce,8.42,"MS Excel, Tableau, SQL","Attention to Detail, Analytical Skills",Extrovert,4-8 LPA,CFA,I prefer working alone,Visual,Maybe,Yes,Financial Analyst
BBA,Business Administration,7.55,"Google Analytics, SEO","Creativity, Communication",Extrovert,8-12 LPA,HubSpot Content Marketing,I prefer working in a team,Visual,Yes,No,Marketing Manager
B.Tech,Computer Science,8.71,"Python, SQL, Git, Java, JavaScript","Problem-Solving, Teamwork",Introvert,8-12 LPA,Coursera - Python for Everybody,I like a mix of both,Kinesthetic,Yes,No,Software Developer
B.Tech,Computer Science,8.12,"Python, JavaScript, SQL, Git, Java","Problem-Solving, Teamwork",Introvert,8-12 LPA,Coursera - Python for Everybody,I like a mix of both,Visual,Maybe,No,Software Developer
B.Tech,Mechanical Engineering,8.63,"MATLAB, SolidWorks","Teamwork, Problem-Solving",Ambivert,8-12 LPA,No Certification,I prefer working in a team,Kinesthetic,Maybe,Yes,Mechanical Engineer
B.Tech,Computer Science,8.58,"Python, JavaScript, Java","Teamwork, Problem-Solving",Introvert,12+ LPA,No Certification,I prefer working alone,Kinesthetic,Maybe,No,Software Developer
B.Tech,Graphic Design,8.17,"Sketch, Figma, User Research, Adobe XD","Creativity, Problem-Solving",Ambivert,8-12 LPA,No Certification,I like a mix of both,Visual,No,No,UI/UX Designer
MBA,Finance,9.11,"MS Excel, Tableau","Attention to Detail, Analytical Skills",Ambivert,8-12 LPA,No Certification,I prefer working alone,Visual,No,Yes,Financial Analyst
B.Tech,Human-Computer Interaction,8.08,"Figma, Adobe XD, User Research, Sketch","Creativity, Problem-Solving",Ambivert,12+ LPA,Nielsen Norman Group UX Certification,I like a mix of both,Visual,No,No,UI/UX Designer
BBA,Business Administration,7.57,"Google Analytics, Digital Marketing, Social Media Management","Leadership, Communication",Extrovert,8-12 LPA,HubSpot Content Marketing,I prefer working in a team,Auditory,Maybe,No,Marketing Manager
B.Tech,Computer Science,8.34,"Python, Git, Java, JavaScript, SQL","Problem-Solving, Teamwork",Introvert,8-12 LPA,No Certification,I prefer working alone,Kinesthetic,Maybe,No,Software Developer
B.Des,Fine Arts,7.27,"Figma, Adobe Illustrator","Creativity, Attention to Detail",Introvert,4-8 LPA,No Certification,I like a mix of both,Visual,No,Yes,Graphic Designer
B.Com,Finance,9.08,"Financial Modeling, Tableau, MS Excel","Attention to Detail, Analytical Skills",Extrovert,8-12 LPA,No Certification,I prefer working alone,Visual,No,Yes,Business Analyst
M.Tech,Computer Science,9.15,"Python, Scikit-learn, R, TensorFlow, SQL","Critical Thinking, Problem-Solving",Ambivert,8-12 LPA,IBM Data Science,I prefer working alone,Read/Write,Yes,Yes,AI Specialist
B.Des,Fine Arts,8.64,"Adobe Illustrator, Figma","Creativity, Attention to Detail",Introvert,Less than 4 LPA,No Certification,I prefer working alone,Kinesthetic,No,Yes,UI/UX Designer
MBA,Commerce,7.75,"Tableau, Financial Modeling, MS Excel","Attention to Detail, Analytical Skills",Ambivert,4-8 LPA,No Certification,I prefer working alone,Visual,Maybe,Yes,Business Analyst
BBA,Business Administration,7.37,"Social Media Management, Digital Marketing, Google Analytics, SEO","Communication, Leadership",Extrovert,8-12 LPA,Google Digital Marketing,I prefer working in a team,Visual,Maybe,No,Marketing Manager
B.Com,Commerce,7.66,"MS Excel, Tableau, SQL","Attention to Detail, Analytical Skills",Ambivert,4-8 LPA,No Certification,I prefer working alone,Read/Write,No,No,Financial Analyst
B.Tech,Computer Science,9.38,"Git, Java, JavaScript, SQL","Problem-Solving, Teamwork",Introvert,8-12 LPA,No Certification,I like a mix of both,Visual,Maybe,No,Software Developer
B.A.,Graphic Design,8.05,"Figma, Adobe Illustrator, Adobe Photoshop","Attention to Detail, Creativity",Introvert,Less than 4 LPA,No Certification,I prefer working alone,Kinesthetic,No,No,Graphic Designer
B.Tech,Mechanical Engineering,8.71,"AutoCAD, MATLAB","Teamwork, Problem-Solving",Ambivert,8-12 LPA,No Certification,I prefer working in a team,Kinesthetic,Maybe,Yes,Civil Engineer
B.Tech,Computer Science,9.02,"JavaScript, Git, Java","Teamwork, Problem-Solving",Introvert,8-12 LPA,No Certification,I like a mix of both,Kinesthetic,Maybe,No,Software Developer
M.Tech,Computer Science,9.75,"Python, TensorFlow, Computer Vision, NLP","Research, Critical Thinking",Introvert,12+ LPA,Deep Learning Specialization,I prefer working alone,Read/Write,Yes,Yes,AI Specialist
B.Tech,Computer Science,9.01,"Python, Git, SQL, JavaScript, Java","Teamwork, Problem-Solving",Ambivert,12+ LPA,Coursera - Python for Everybody,I prefer working alone,Visual,Yes,No,Software Developer
Diploma,Mechanical Engineering,8.68,"MATLAB, SolidWorks, AutoCAD","Problem-Solving, Teamwork",Ambivert,4-8 LPA,No Certification,I prefer working in a team,Kinesthetic,Maybe,Yes,Mechanical Engineer
M.Tech,Computer Science,8.99,"Python, Computer Vision","Critical Thinking, Research",Introvert,12+ LPA,TensorFlow Developer,I prefer working alone,Read/Write,Yes,Yes,AI Specialist
M.Tech,Computer Science,9.66,"Computer Vision, Python, NLP, PyTorch, TensorFlow","Critical Thinking, Research",Introvert,12+ LPA,Deep Learning Specialization,I prefer working alone,Read/Write,Yes,Yes,AI Specialist
B.Tech,Human-Computer Interaction,8.09,"User Research, Adobe XD","Creativity, Problem-Solving",Ambivert,12+ LPA,Nielsen Norman Group UX Certification,I like a mix of both,Kinesthetic,No,No,UI/UX Designer
B.Tech,Graphic Design,7.55,"Figma, Sketch","Empathy, Creativity",Ambivert,12+ LPA,Nielsen Norman Group UX Certification,I like a mix of both,Visual,No,No,UI/UX Designer
B.Tech,Computer Science,8.74,"Git, Python","Problem-Solving, Teamwork",Introvert,12+ LPA,Coursera - Python for Everybody,I prefer working alone,Kinesthetic,Yes,No,Software Developer
M.Tech,Computer Science,9.08,"Python, PyTorch","Research, Critical Thinking",Introvert,12+ LPA,Deep Learning Specialization,I prefer working alone,Read/Write,Yes,Yes,AI Specialist
MBA,Marketing,7.51,"Google Analytics, Digital Marketing, Social Media Management","Creativity, Leadership",Extrovert,8-12 LPA,Google Digital Marketing,I prefer working in a team,Visual,Yes,No,Social Media Manager
MBA,Finance,7.52,"Tableau, Financial Modeling","Attention to Detail, Analytical Skills",Extrovert,8-12 LPA,CFA,I prefer working alone,Visual,Maybe,No,Financial Analyst
B.Tech,Mechanical Engineering,8.98,"AutoCAD, SolidWorks","Problem-Solving, Teamwork",Ambivert,8-12 LPA,No Certification,I prefer working in a team,Kinesthetic,Maybe,Yes,Civil Engineer
M.Tech,Computer Science,9.23,"Python, SQL, TensorFlow, R, Scikit-learn","Critical Thinking, Problem-Solving",Introvert,8-12 LPA,IBM Data Science,I prefer working alone,Visual,Yes,No,Data Scientist
B.Com,Commerce,8.96,"Tableau, MS Excel, Financial Modeling, SQL","Analytical Skills, Attention to Detail",Extrovert,4-8 LPA,No Certification,I prefer working alone,Visual,No,No,Financial Analyst
B.A.,Graphic Design,7.9,"Figma, Adobe Photoshop, Adobe Illustrator","Attention to Detail, Creativity",Introvert,Less than 4 LPA,Adobe Certified Expert (ACE),I prefer working alone,Visual,No,No,Graphic Designer
M.Tech,Computer Science,9.95,"NLP, TensorFlow, Python","Research, Critical Thinking",Introvert,12+ LPA,Deep Learning Specialization,I prefer working alone,Read/Write,Yes,Yes,AI Specialist
B.Des,Graphic Design,8.38,"Adobe Photoshop, Adobe Illustrator","Creativity, Attention to Detail",Ambivert,4-8 LPA,No Certification,I prefer working alone,Visual,No,No,Graphic Designer
B.Tech,Computer Science,9.62,"Scikit-learn, TensorFlow, Python, R, SQL","Critical Thinking, Problem-Solving",Ambivert,12+ LPA,Google Data Analytics,I prefer working alone,Read/Write,Yes,No,Data Scientist
B.Tech,Computer Science,8.3,"Java, SQL, Git, JavaScript","Problem-Solving, Teamwork",Introvert,8-12 LPA,No Certification,I like a mix of both,Kinesthetic,Yes,No,Software Developer
MBA,Commerce,8.99,"Tableau, MS Excel, SQL, Financial Modeling","Attention to Detail, Analytical Skills",Ambivert,8-12 LPA,CFA,I prefer working alone,Read/Write,No,No,Financial Analyst
B.Com,Finance,8.63,"MS Excel, SQL, Financial Modeling, Tableau","Attention to Detail, Analytical Skills",Extrovert,8-12 LPA,CFA,I prefer working alone,Visual,Maybe,No,Financial Analyst
B.A.,Graphic Design,7.68,"Adobe Photoshop, Figma","Creativity, Attention to Detail",Ambivert,4-8 LPA,No Certification,I prefer working alone,Kinesthetic,No,No,Graphic Designer
B.Tech,Computer Science,9.65,"SQL, Git","Problem-Solving, Teamwork",Introvert,12+ LPA,No Certification,I like a mix of both,Kinesthetic,Yes,No,Software Developer
B.Des,Graphic Design,8.79,"Adobe Illustrator, Figma","Attention to Detail, Creativity",Introvert,Less than 4 LPA,Adobe Certified Expert (ACE),I prefer working alone,Kinesthetic,No,Yes,Graphic Designer
B.Tech,Mechanical Engineering,8.74,"MATLAB, AutoCAD","Problem-Solving, Teamwork",Ambivert,8-12 LPA,Certified SOLIDWORKS Professional,I prefer working in a team,Kinesthetic,Maybe,Yes,Mechanical Engineer
M.Tech,Data Science,8.59,"SQL, R, Python","Problem-Solving, Critical Thinking",Ambivert,8-12 LPA,IBM Data Science,I prefer working alone,Visual,Yes,No,Data Scientist
B.Tech,Graphic Design,8.67,"Sketch, Figma","Creativity, Problem-Solving",Ambivert,12+ LPA,No Certification,I like a mix of both,Visual,Yes,No,UI/UX Designer
BBA,Marketing,8.15,"Digital Marketing, Social Media Management, Google Analytics","Communication, Leadership",Extrovert,12+ LPA,Google Digital Marketing,I prefer working in a team,Visual,Yes,No,Marketing Manager
B.Com,Commerce,8.76,"SQL, MS Excel, Financial Modeling","Analytical Skills, Attention to Detail",Ambivert,4-8 LPA,No Certification,I prefer working alone,Read/Write,No,Yes,Financial Analyst
B.Des,Graphic Design,7.91,"Adobe XD, Sketch","Problem-Solving, Empathy",Ambivert,8-12 LPA,Nielsen Norman Group UX Certification,I like a mix of both,Visual,No,No,UI/UX Designer
B.Des,Human-Computer Interaction,8.73,"Figma, Adobe XD, Sketch, User Research","Problem-Solving, Empathy",Ambivert,12+ LPA,No Certification,I like a mix of both,Kinesthetic,No,No,UI/UX Designer
B.Tech,Computer Science,8.61,"Git, Java, Python, SQL","Problem-Solving, Teamwork",Ambivert,8-12 LPA,No Certification,I prefer working alone,Kinesthetic,Yes,No,Software Developer
M.Tech,Computer Science,9.86,"TensorFlow, NLP, Computer Vision, PyTorch","Research, Critical Thinking",Introvert,12+ LPA,TensorFlow Developer,I prefer working alone,Read/Write,Yes,Yes,AI Specialist
MBA,Marketing,7.08,"Google Analytics, Digital Marketing, SEO","Creativity, Communication",Extrovert,12+ LPA,HubSpot Content Marketing,I prefer working in a team,Visual,Yes,No,Marketing Manager
B.Des,Fine Arts,7.98,"Figma, Adobe Illustrator","Attention to Detail, Creativity",Introvert,Less than 4 LPA,Adobe Certified Expert (ACE),I prefer working alone,Visual,No,Yes,Graphic Designer
M.Tech,AI & ML,9.48,"Python, PyTorch, TensorFlow, Computer Vision","Critical Thinking, Research",Introvert,12+ LPA,TensorFlow Developer,I prefer working alone,Read/Write,Yes,Yes,AI Specialist
M.Tech,Computer Science,9.02,"TensorFlow, Computer Vision","Critical Thinking, Research",Introvert,12+ LPA,TensorFlow Developer,I prefer working alone,Read/Write,Yes,Yes,AI Specialist
B.Tech,Computer Science,9.11,"Scikit-learn, TensorFlow","Problem-Solving, Critical Thinking",Ambivert,12+ LPA,Google Data Analytics,I prefer working alone,Visual,Yes,No,Data Scientist
Diploma,Mechanical Engineering,8.46,"MATLAB, SolidWorks","Teamwork, Problem-Solving",Ambivert,4-8 LPA,No Certification,I prefer working in a team,Kinesthetic,Yes,Yes,Mechanical Engineer
MBA,Marketing,8.12,"SEO, Digital Marketing, Google Analytics, Social Media Management","Leadership, Creativity",Extrovert,12+ LPA,HubSpot Content Marketing,I prefer working in a team,Auditory,Yes,No,Marketing Manager
M.Tech,AI & ML,9.29,"Python, Computer Vision, PyTorch, NLP","Critical Thinking, Research",Introvert,12+ LPA,Deep Learning Specialization,I prefer working alone,Read/Write,Yes,Yes,AI Specialist
MBA,Commerce,9.16,"Tableau, SQL, MS Excel, Financial Modeling","Attention to Detail, Analytical Skills",Ambivert,8-12 LPA,CFA,I prefer working alone,Read/Write,No,Yes,Financial Analyst
B.Tech,Data Science,9.08,"Python, SQL, R, Scikit-learn, TensorFlow","Problem-Solving, Critical Thinking",Introvert,12+ LPA,Google Data Analytics,I prefer working alone,Visual,Yes,No,AI Specialist
B.Tech,Computer Science,8.24,"JavaScript, SQL, Git, Java","Problem-Solving, Teamwork",Ambivert,8-12 LPA,Coursera - Python for Everybody,I like a mix of both,Visual,Maybe,No,Data Scientist
B.A.,Fine Arts,8.2,"Adobe Illustrator, Adobe Photoshop","Attention to Detail, Creativity",Ambivert,Less than 4 LPA,Adobe Certified Expert (ACE),I prefer working alone,Kinesthetic,No,Yes,Graphic Designer
B.Des,Graphic Design,8.63,"User Research, Sketch, Adobe XD, Figma","Creativity, Empathy",Ambivert,12+ LPA,No Certification,I like a mix of both,Kinesthetic,Yes,No,Graphic Designer
BBA,Business Administration,7.19,"Google Analytics, Digital Marketing, Social Media Management","Leadership, Communication",Extrovert,8-12 LPA,HubSpot Content Marketing,I prefer working in a team,Auditory,Yes,No,Marketing Manager
B.Tech,Data Science,9.36,"R, TensorFlow, Scikit-learn, SQL","Problem-Solving, Critical Thinking",Ambivert,12+ LPA,Google Data Analytics,I prefer working alone,Visual,Yes,Yes,Data Scientist
MBA,Finance,8.56,"Tableau, SQL","Analytical Skills, Attention to Detail",Ambivert,8-12 LPA,No Certification,I prefer working alone,Read/Write,Maybe,Yes,Financial Analyst
B.A.,Graphic Design,8.01,"Adobe Illustrator, Figma, Adobe Photoshop","Creativity, Attention to Detail",Ambivert,4-8 LPA,Adobe Certified Expert (ACE),I like a mix of both,Kinesthetic,No,No,Graphic Designer
M.Tech,AI & ML,9.1,"Python, TensorFlow, NLP, Computer Vision","Critical Thinking, Research",Introvert,12+ LPA,Deep Learning Specialization,I prefer working alone,Read/Write,Yes,Yes,AI Specialist
MBA,Commerce,8.94,"Financial Modeling, MS Excel, SQL","Analytical Skills, Attention to Detail",Extrovert,8-12 LPA,No Certification,I prefer working alone,Read/Write,No,No,Financial Analyst
M.Tech,Computer Science,9.59,"Computer Vision, NLP, TensorFlow","Critical Thinking, Research",Introvert,12+ LPA,TensorFlow Developer,I prefer working alone,Read/Write,Yes,Yes,AI Specialist
B.Tech,Mechanical Engineering,7.41,"MATLAB, AutoCAD, SolidWorks","Problem-Solving, Teamwork",Ambivert,4-8 LPA,No Certification,I prefer working in a team,Kinesthetic,Yes,Yes,Mechanical Engineer
B.Tech,Computer Science,8.02,"Java, SQL, Python","Problem-Solving, Teamwork",Introvert,8-12 LPA,Coursera - Python for Everybody,I prefer working alone,Kinesthetic,Yes,No,Data Scientist
M.Tech,Computer Science,9.29,"TensorFlow, NLP, PyTorch, Computer Vision","Research, Critical Thinking",Introvert,12+ LPA,TensorFlow Developer,I prefer working alone,Read/Write,Yes,Yes,AI Specialist
B.Tech,Computer Science,8.03,"Python, Java, Git, JavaScript","Teamwork, Problem-Solving",Introvert,8-12 LPA,Coursera - Python for Everybody,I like a mix of both,Visual,Yes,No,Data Scientist
B.Tech,Computer Science,9.37,"SQL, JavaScript, Java, Python, Git","Problem-Solving, Teamwork",Introvert,8-12 LPA,Coursera - Python for Everybody,I prefer working alone,Kinesthetic,Yes,No,Data Scientist
B.Com,Commerce,8.02,"SQL, Financial Modeling","Attention to Detail, Analytical Skills",Extrovert,8-12 LPA,CFA,I prefer working alone,Read/Write,Maybe,Yes,Financial Analyst
B.Tech,Mechanical Engineering,8.22,"MATLAB, AutoCAD","Teamwork, Problem-Solving",Ambivert,8-12 LPA,Certified SOLIDWORKS Professional,I prefer working in a team,Kinesthetic,Maybe,Yes,Civil Engineer
M.Tech,Computer Science,9.83,"Python, Computer Vision, TensorFlow, PyTorch, NLP","Critical Thinking, Research",Introvert,12+ LPA,Deep Learning Specialization,I prefer working alone,Read/Write,Yes,Yes,AI Specialist
Diploma,Mechanical Engineering,7.25,"MATLAB, SolidWorks, AutoCAD","Teamwork, Problem-Solving",Ambivert,4-8 LPA,No Certification,I prefer working in a team,Kinesthetic,Yes,Yes,Civil Engineer
B.Tech,Data Science,9.04,"TensorFlow, SQL, R, Python","Problem-Solving, Critical Thinking",Introvert,12+ LPA,IBM Data Science,I prefer working alone,Read/Write,Yes,No,Data Scientist
B.Tech,Graphic Design,9.15,"User Research, Adobe XD, Sketch, Figma","Problem-Solving, Empathy",Ambivert,12+ LPA,No Certification,I like a mix of both,Kinesthetic,No,No,UI/UX Designer
B.Tech,Graphic Design,8.97,"User Research, Sketch","Creativity, Empathy",Ambivert,12+ LPA,Nielsen Norman Group UX Certification,I like a mix of both,Kinesthetic,No,No,Graphic Designer
MBA,Marketing,8.34,"Social Media Management, Google Analytics, SEO","Communication, Leadership",Extrovert,12+ LPA,HubSpot Content Marketing,I prefer working in a team,Visual,Maybe,No,Marketing Manager
MBA,Finance,8.43,"Tableau, SQL","Attention to Detail, Analytical Skills",Extrovert,4-8 LPA,No Certification,I prefer working alone,Visual,No,Yes,Financial Analyst
B.Tech,Computer Science,9.79,"Scikit-learn, Python, TensorFlow, R, SQL","Problem-Solving, Critical Thinking",Ambivert,8-12 LPA,IBM Data Science,I prefer working alone,Visual,Yes,Yes,Data Scientist
B.Tech,Data Science,9.24,"R, Scikit-learn, TensorFlow, Python","Problem-Solving, Critical Thinking",Introvert,8-12 LPA,Google Data Analytics,I prefer working alone,Read/Write,Yes,Yes,Data Scientist
M.Tech,Computer Science,9.84,"Python, TensorFlow, PyTorch","Research, Critical Thinking",Introvert,12+ LPA,Deep Learning Specialization,I prefer working alone,Read/Write,Yes,Yes,Data Scientist
M.Tech,Computer Science,9.39,"SQL, TensorFlow, Scikit-learn, R","Critical Thinking, Problem-Solving",Ambivert,8-12 LPA,IBM Data Science,I prefer working alone,Read/Write,Yes,Yes,Data Scientist
B.Tech,Graphic Design,7.81,"Figma, Adobe XD","Empathy, Creativity",Ambivert,12+ LPA,Nielsen Norman Group UX Certification,I like a mix of both,Kinesthetic,Yes,No,UI/UX Designer
BBA,Marketing,8.45,"Social Media Management, Digital Marketing, Google Analytics","Communication, Creativity",Extrovert,12+ LPA,Google Digital Marketing,I prefer working in a team,Auditory,Yes,No,Marketing Manager
M.Tech,Computer Science,8.82,"Computer Vision, PyTorch, NLP","Research, Critical Thinking",Introvert,12+ LPA,Deep Learning Specialization,I prefer working alone,Read/Write,Yes,Yes,AI Specialist
Diploma,Mechanical Engineering,7.43,"MATLAB, SolidWorks, AutoCAD","Teamwork, Problem-Solving",Ambivert,8-12 LPA,Certified SOLIDWORKS Professional,I prefer working in a team,Kinesthetic,Yes,Yes,Mechanical Engineer
B.Tech,Mechanical Engineering,8.16,"MATLAB, AutoCAD","Teamwork, Problem-Solving",Ambivert,8-12 LPA,Certified SOLIDWORKS Professional,I prefer working in a team,Kinesthetic,Yes,Yes,Mechanical Engineer
B.A.,Graphic Design,8.5,"Figma, Adobe Photoshop","Attention to Detail, Creativity",Ambivert,Less than 4 LPA,No Certification,I prefer working alone,Visual,No,Yes,Graphic Designer
B.Tech,Computer Science,9.29,"Python, SQL, TensorFlow, R, Scikit-learn","Problem-Solving, Critical Thinking",Ambivert,12+ LPA,Google Data Analytics,I prefer working alone,Visual,Yes,Yes,AI Specialist
B.Tech,Mechanical Engineering,7.71,"AutoCAD, MATLAB, SolidWorks","Problem-Solving, Teamwork",Ambivert,4-8 LPA,No Certification,I prefer working in a team,Kinesthetic,Maybe,Yes,Mechanical Engineer
M.Tech,Computer Science,9.51,"Computer Vision, TensorFlow","Research, Critical Thinking",Introvert,12+ LPA,Deep Learning Specialization,I prefer working alone,Read/Write,Yes,Yes,AI Specialist
Diploma,Mechanical Engineering,8.56,"MATLAB, SolidWorks","Problem-Solving, Teamwork",Ambivert,8-12 LPA,No Certification,I prefer working in a team,Kinesthetic,Yes,Yes,Civil Engineer
B.Des,Graphic Design,8.09,"Figma, Adobe Photoshop","Creativity, Attention to Detail",Ambivert,4-8 LPA,No Certification,I prefer working alone,Visual,No,Yes,Graphic Designer
M.Tech,Computer Science,8.97,"Python, Computer Vision, PyTorch, NLP","Critical Thinking, Research",Introvert,12+ LPA,TensorFlow Developer,I prefer working alone,Read/Write,Yes,Yes,AI Specialist
M.Tech,Computer Science,9.64,"SQL, Scikit-learn, R, TensorFlow","Problem-Solving, Critical Thinking",Introvert,8-12 LPA,Google Data Analytics,I prefer working alone,Visual,Yes,No,AI Specialist
B.Tech,Mechanical Engineering,8.14,"AutoCAD, SolidWorks","Teamwork, Problem-Solving",Ambivert,8-12 LPA,Certified SOLIDWORKS Professional,I prefer working in a team,Kinesthetic,Maybe,Yes,Mechanical Engineer
B.Des,Graphic Design,9.21,"Adobe XD, User Research, Sketch","Problem-Solving, Empathy",Ambivert,8-12 LPA,No Certification,I like a mix of both,Visual,Yes,No,UI/UX Designer
B.Des,Human-Computer Interaction,9.29,"Figma, Adobe XD, Sketch","Creativity, Problem-Solving",Ambivert,12+ LPA,Nielsen Norman Group UX Certification,I like a mix of both,Visual,Yes,No,UI/UX Designer
M.Tech,AI & ML,8.94,"Python, Computer Vision","Research, Critical Thinking",Introvert,12+ LPA,TensorFlow Developer,I prefer working alone,Read/Write,Yes,Yes,AI Specialist
B.Tech,Mechanical Engineering,7.92,"MATLAB, AutoCAD, SolidWorks","Problem-Solving, Teamwork",Ambivert,4-8 LPA,No Certification,I prefer working in a team,Kinesthetic,Maybe,Yes,Mechanical Engineer
B.Tech,Mechanical Engineering,8.25,"MATLAB, AutoCAD, SolidWorks","Teamwork, Problem-Solving",Ambivert,4-8 LPA,No Certification,I prefer working in a team,Kinesthetic,Maybe,Yes,Mechanical Engineer
B.Tech,Mechanical Engineering,7.8,"SolidWorks, MATLAB, AutoCAD","Teamwork, Problem-Solving",Ambivert,4-8 LPA,Certified SOLIDWORKS Professional,I prefer working in a team,Kinesthetic,Maybe,Yes,Mechanical Engineer
B.Tech,Graphic Design,7.76,"User Research, Figma, Adobe XD, Sketch","Problem-Solving, Empathy",Ambivert,8-12 LPA,Nielsen Norman Group UX Certification,I like a mix of both,Kinesthetic,No,No,Graphic Designer
BBA,Business Administration,7.03,"Digital Marketing, Social Media Management, SEO, Google Analytics","Leadership, Communication",Extrovert,12+ LPA,HubSpot Content Marketing,I prefer working in a team,Visual,Yes,No,Marketing Manager
B.Com,Finance,8.01,"Tableau, Financial Modeling, MS Excel","Analytical Skills, Attention to Detail",Extrovert,8-12 LPA,No Certification,I prefer working alone,Visual,Maybe,No,Financial Analyst
B.Tech,Computer Science,9.33,"Git, JavaScript, Java","Problem-Solving, Teamwork",Ambivert,8-12 LPA,No Certification,I prefer working alone,Visual,Yes,No,Software Developer
MBA,Marketing,8.54,"Digital Marketing, Google Analytics, Social Media Management, SEO","Communication, Leadership",Extrovert,8-12 LPA,HubSpot Content Marketing,I prefer working in a team,Visual,Maybe,No,Marketing Manager
B.A.,Graphic Design,8.75,"Figma, Adobe Illustrator","Attention to Detail, Creativity",Ambivert,4-8 LPA,No Certification,I like a mix of both,Visual,No,Yes,Graphic Designer
B.Tech,Computer Science,9.24,"JavaScript, Python","Teamwork, Problem-Solving",Introvert,8-12 LPA,Coursera - Python for Everybody,I prefer working alone,Visual,Yes,No,Software Developer
Diploma,Mechanical Engineering,8.47,"SolidWorks, AutoCAD","Problem-Solving, Teamwork",Ambivert,4-8 LPA,No Certification,I prefer working in a team,Kinesthetic,Yes,Yes,Mechanical Engineer
B.Des,Fine Arts,7.54,"Adobe Photoshop, Adobe Illustrator","Creativity, Attention to Detail",Introvert,Less than 4 LPA,No Certification,I like a mix of both,Kinesthetic,No,No,UI/UX Designer
MBA,Commerce,8.59,"Tableau, MS Excel","Attention to Detail, Analytical Skills",Ambivert,4-8 LPA,CFA,I prefer working alone,Read/Write,Maybe,No,Business Analyst
B.Tech,Computer Science,8.97,"JavaScript, Git, Python, Java, SQL","Teamwork, Problem-Solving",Ambivert,12+ LPA,Coursera - Python for Everybody,I like a mix of both,Kinesthetic,Yes,No,Software Developer
B.Com,Finance,7.67,"Tableau, SQL","Analytical Skills, Attention to Detail",Ambivert,4-8 LPA,No Certification,I prefer working alone,Visual,No,No,Business Analyst
M.Tech,Computer Science,9.45,"TensorFlow, Computer Vision","Critical Thinking, Research",Introvert,12+ LPA,Deep Learning Specialization,I prefer working alone,Read/Write,Yes,Yes,Data Scientist
MBA,Business Administration,8.92,"Social Media Management, Google Analytics","Communication, Creativity",Extrovert,12+ LPA,Google Digital Marketing,I prefer working in a team,Visual,Maybe,No,Social Media Manager
B.Des,Graphic Design,6.81,"Adobe Illustrator, Adobe Photoshop","Creativity, Attention to Detail",Introvert,Less than 4 LPA,Adobe Certified Expert (ACE),I like a mix of both,Visual,No,No,Graphic Designer
B.Tech,Computer Science,9.63,"Git, Java, Python, SQL","Problem-Solving, Teamwork",Ambivert,12+ LPA,Coursera - Python for Everybody,I like a mix of both,Visual,Maybe,No,Data Scientist
M.Tech,Computer Science,9.94,"Computer Vision, PyTorch, Python, TensorFlow, NLP","Research, Critical Thinking",Introvert,12+ LPA,Deep Learning Specialization,I prefer working alone,Read/Write,Yes,Yes,AI Specialist
Diploma,Mechanical Engineering,8.58,"AutoCAD, SolidWorks","Problem-Solving, Teamwork",Ambivert,4-8 LPA,No Certification,I prefer working in a team,Kinesthetic,Yes,Yes,Mechanical Engineer
B.Tech,Data Science,9.2,"SQL, Python","Problem-Solving, Critical Thinking",Ambivert,12+ LPA,IBM Data Science,I prefer working alone,Visual,Yes,Yes,Data Scientist
BBA,Business Administration,8.94,"Google Analytics, Social Media Management","Leadership, Communication",Extrovert,8-12 LPA,Google Digital Marketing,I prefer working in a team,Auditory,Yes,No,Marketing Manager
M.Tech,Computer Science,9.46,"Python, TensorFlow, NLP, PyTorch, Computer Vision","Research, Critical Thinking",Introvert,12+ LPA,Deep Learning Specialization,I prefer working alone,Read/Write,Yes,Yes,Data Scientist
B.Com,Commerce,7.7,"Tableau, MS Excel","Analytical Skills, Attention to Detail",Extrovert,8-12 LPA,CFA,I prefer working alone,Visual,Maybe,No,Financial Analyst
M.Tech,Computer Science,8.57,"Scikit-learn, TensorFlow, Python, SQL, R","Critical Thinking, Problem-Solving",Introvert,8-12 LPA,IBM Data Science,I prefer working alone,Read/Write,Yes,No,Data Scientist
MBA,Finance,8.76,"MS Excel, Tableau","Analytical Skills, Attention to Detail",Ambivert,8-12 LPA,CFA,I prefer working alone,Visual,No,Yes,Financial Analyst
B.Tech,Computer Science,8.76,"Python, TensorFlow, R, SQL, Scikit-learn","Problem-Solving, Critical Thinking",Introvert,8-12 LPA,IBM Data Science,I prefer working alone,Visual,Yes,Yes,AI Specialist
MBA,Commerce,8.83,"Financial Modeling, SQL, MS Excel","Analytical Skills, Attention to Detail",Extrovert,4-8 LPA,No Certification,I prefer working alone,Visual,No,No,Financial Analyst
B.Tech,Mechanical Engineering,7.82,"SolidWorks, MATLAB","Problem-Solving, Teamwork",Ambivert,4-8 LPA,Certified SOLIDWORKS Professional,I prefer working in a team,Kinesthetic,Yes,Yes,Mechanical Engineer
Diploma,Mechanical Engineering,7.29,"AutoCAD, SolidWorks, MATLAB","Teamwork, Problem-Solving",Ambivert,8-12 LPA,No Certification,I prefer working in a team,Kinesthetic,Yes,Yes,Mechanical Engineer
B.Tech,Computer Science,9.5,"Git, Python, Java","Problem-Solving, Teamwork",Introvert,8-12 LPA,Coursera - Python for Everybody,I prefer working alone,Kinesthetic,Maybe,No,Software Developer
M.Tech,AI & ML,9.58,"PyTorch, NLP, Python, Computer Vision","Research, Critical Thinking",Introvert,12+ LPA,TensorFlow Developer,I prefer working alone,Read/Write,Yes,Yes,Data Scientist
Diploma,Mechanical Engineering,8.85,"AutoCAD, MATLAB","Teamwork, Problem-Solving",Ambivert,4-8 LPA,No Certification,I prefer working in a team,Kinesthetic,Maybe,Yes,Mechanical Engineer
Diploma,Mechanical Engineering,8.21,"MATLAB, AutoCAD, SolidWorks","Teamwork, Problem-Solving",Ambivert,8-12 LPA,No Certification,I prefer working in a team,Kinesthetic,Maybe,Yes,Mechanical Engineer
M.Tech,AI & ML,9.92,"Python, TensorFlow","Critical Thinking, Research",Introvert,12+ LPA,TensorFlow Developer,I prefer working alone,Read/Write,Yes,Yes,AI Specialist
B.Des,Graphic Design,6.62,"Figma, Adobe Photoshop, Adobe Illustrator","Attention to Detail, Creativity",Ambivert,Less than 4 LPA,No Certification,I like a mix of both,Visual,No,Yes,UI/UX Designer
Diploma,Mechanical Engineering,8.11,"AutoCAD, MATLAB","Problem-Solving, Teamwork",Ambivert,4-8 LPA,No Certification,I prefer working in a team,Kinesthetic,Maybe,Yes,Mechanical Engineer
B.Com,Commerce,7.7,"Financial Modeling, MS Excel, SQL","Analytical Skills, Attention to Detail",Extrovert,4-8 LPA,CFA,I prefer working alone,Read/Write,No,No,Financial Analyst
B.Tech,Graphic Design,8.52,"Sketch, Adobe XD, User Research","Creativity, Empathy",Ambivert,12+ LPA,Nielsen Norman Group UX Certification,I like a mix of both,Kinesthetic,No,No,UI/UX Designer
B.Tech,Computer Science,8.89,"Python, TensorFlow, Scikit-learn, SQL","Problem-Solving, Critical Thinking",Ambivert,12+ LPA,IBM Data Science,I prefer working alone,Visual,Yes,Yes,Data Scientist
M.Tech,AI & ML,9.47,"Computer Vision, NLP, PyTorch","Research, Critical Thinking",Introvert,12+ LPA,TensorFlow Developer,I prefer working alone,Read/Write,Yes,Yes,AI Specialist
B.A.,Fine Arts,7.29,"Figma, Adobe Illustrator","Creativity, Attention to Detail",Introvert,4-8 LPA,No Certification,I like a mix of both,Kinesthetic,No,No,Graphic Designer
B.Tech,Computer Science,8.77,"JavaScript, Java, Python, Git, SQL","Teamwork, Problem-Solving",Ambivert,12+ LPA,Coursera - Python for Everybody,I prefer working alone,Kinesthetic,Yes,No,Software Developer
M.Tech,Computer Science,9.03,"Scikit-learn, SQL, Python, R","Critical Thinking, Problem-Solving",Introvert,12+ LPA,IBM Data Science,I prefer working alone,Read/Write,Yes,Yes,Data Scientist
MBA,Finance,8.3,"SQL, Financial Modeling, Tableau","Analytical Skills, Attention to Detail",Ambivert,4-8 LPA,CFA,I prefer working alone,Read/Write,Maybe,No,Financial Analyst
B.Tech,Computer Science,8.28,"JavaScript, Java, Git, Python","Teamwork, Problem-Solving",Ambivert,12+ LPA,No Certification,I prefer working alone,Visual,Yes,No,Software Developer
BBA,Marketing,7.6,"SEO, Google Analytics, Social Media Management","Communication, Leadership",Extrovert,8-12 LPA,Google Digital Marketing,I prefer working in a team,Auditory,Maybe,No,Marketing Manager
B.Com,Finance,8.26,"Tableau, Financial Modeling","Analytical Skills, Attention to Detail",Ambivert,4-8 LPA,CFA,I prefer working alone,Read/Write,No,Yes,Financial Analyst
M.Tech,Computer Science,9.63,"PyTorch, NLP","Critical Thinking, Research",Introvert,12+ LPA,Deep Learning Specialization,I prefer working alone,Read/Write,Yes,Yes,AI Specialist
MBA,Marketing,7.89,"Google Analytics, Digital Marketing, SEO","Creativity, Leadership",Extrovert,12+ LPA,HubSpot Content Marketing,I prefer working in a team,Auditory,Yes,No,Marketing Manager
MBA,Finance,8.48,"SQL, Financial Modeling, MS Excel","Attention to Detail, Analytical Skills",Ambivert,4-8 LPA,No Certification,I prefer working alone,Read/Write,Maybe,No,Business Analyst
B.A.,Fine Arts,7.58,"Figma, Adobe Illustrator, Adobe Photoshop","Attention to Detail, Creativity",Ambivert,Less than 4 LPA,Adobe Certified Expert (ACE),I prefer working alone,Kinesthetic,No,No,Graphic Designer
B.A.,Fine Arts,8.89,"Figma, Adobe Photoshop, Adobe Illustrator","Attention to Detail, Creativity",Introvert,Less than 4 LPA,No Certification,I prefer working alone,Kinesthetic,No,No,Graphic Designer
B.Des,Human-Computer Interaction,8.28,"Figma, Adobe XD, User Research","Creativity, Problem-Solving",Ambivert,8-12 LPA,No Certification,I like a mix of both,Kinesthetic,Yes,No,UI/UX Designer
B.Tech,Mechanical Engineering,8.66,"MATLAB, SolidWorks","Teamwork, Problem-Solving",Ambivert,4-8 LPA,Certified SOLIDWORKS Professional,I prefer working in a team,Kinesthetic,Maybe,Yes,Civil Engineer
B.Tech,Data Science,9.67,"Scikit-learn, Python, TensorFlow, R, SQL","Problem-Solving, Critical Thinking",Introvert,12+ LPA,Google Data Analytics,I prefer working alone,Visual,Yes,Yes,Data Scientist
M.Tech,AI & ML,8.88,"TensorFlow, Python, NLP, PyTorch","Research, Critical Thinking",Introvert,12+ LPA,TensorFlow Developer,I prefer working alone,Read/Write,Yes,Yes,Data Scientist
B.Tech,Data Science,9.37,"SQL, Scikit-learn, R, TensorFlow, Python","Problem-Solving, Critical Thinking",Introvert,12+ LPA,Google Data Analytics,I prefer working alone,Visual,Yes,No,Data Scientist
B.Des,Human-Computer Interaction,9.12,"Figma, Adobe XD, User Research","Creativity, Empathy",Ambivert,12+ LPA,Nielsen Norman Group UX Certification,I like a mix of both,Visual,Yes,No,UI/UX Designer
B.Tech,Data Science,9.81,"SQL, TensorFlow, Scikit-learn, R","Problem-Solving, Critical Thinking",Ambivert,12+ LPA,IBM Data Science,I prefer working alone,Visual,Yes,Yes,Data Scientist
B.Com,Finance,8.63,"Tableau, MS Excel, SQL","Analytical Skills, Attention to Detail",Ambivert,4-8 LPA,No Certification,I prefer working alone,Read/Write,No,No,Financial Analyst
M.Tech,Data Science,9.41,"SQL, Scikit-learn, R, TensorFlow","Critical Thinking, Problem-Solving",Ambivert,12+ LPA,IBM Data Science,I prefer working alone,Read/Write,Yes,No,AI Specialist
M.Tech,Computer Science,8.8,"Python, NLP, TensorFlow, Computer Vision, PyTorch","Critical Thinking, Research",Introvert,12+ LPA,Deep Learning Specialization,I prefer working alone,Read/Write,Yes,Yes,AI Specialist
B.Des,Human-Computer Interaction,8.35,"Figma, User Research, Sketch","Empathy, Problem-Solving",Ambivert,12+ LPA,No Certification,I like a mix of both,Kinesthetic,No,No,UI/UX Designer
B.A.,Graphic Design,7.49,"Adobe Illustrator, Figma","Creativity, Attention to Detail",Ambivert,Less than 4 LPA,No Certification,I like a mix of both,Visual,No,No,Graphic Designer
B.Tech,Data Science,9.46,"Scikit-learn, TensorFlow, SQL, R, Python","Critical Thinking, Problem-Solving",Introvert,12+ LPA,Google Data Analytics,I prefer working alone,Visual,Yes,No,Data Scientist
M.Tech,Computer Science,9.0,"Python, SQL","Critical Thinking, Problem-Solving",Introvert,8-12 LPA,Google Data Analytics,I prefer working alone,Read/Write,Yes,Yes,Data Scientist
B.Des,Fine Arts,6.78,"Adobe Illustrator, Adobe Photoshop, Figma","Creativity, Attention to Detail",Introvert,4-8 LPA,Adobe Certified Expert (ACE),I prefer working alone,Kinesthetic,No,Yes,Graphic Designer
B.Des,Human-Computer Interaction,9.19,"Sketch, User Research, Adobe XD, Figma","Empathy, Problem-Solving",Ambivert,12+ LPA,Nielsen Norman Group UX Certification,I like a mix of both,Visual,No,No,UI/UX Designer
B.Des,Fine Arts,7.46,"Adobe Illustrator, Figma","Creativity, Attention to Detail",Introvert,Less than 4 LPA,Adobe Certified Expert (ACE),I like a mix of both,Visual,No,No,Graphic Designer
Diploma,Mechanical Engineering,7.08,"AutoCAD, SolidWorks, MATLAB","Problem-Solving, Teamwork",Ambivert,8-12 LPA,Certified SOLIDWORKS Professional,I prefer working in a team,Kinesthetic,Yes,Yes,Mechanical Engineer
B.Tech,Computer Science,9.4,"Python, TensorFlow, SQL, R, Scikit-learn","Problem-Solving, Critical Thinking",Ambivert,12+ LPA,Google Data Analytics,I prefer working alone,Visual,Yes,No,Data Scientist
B.Tech,Human-Computer Interaction,7.54,"Sketch, User Research, Figma","Problem-Solving, Creativity",Ambivert,8-12 LPA,Nielsen Norman Group UX Certification,I like a mix of both,Kinesthetic,Yes,No,UI/UX Designer
B.Com,Finance,8.77,"Tableau, Financial Modeling, SQL","Analytical Skills, Attention to Detail",Extrovert,4-8 LPA,No Certification,I prefer working alone,Read/Write,No,No,Financial Analyst
B.Des,Human-Computer Interaction,7.75,"Adobe XD, Sketch, User Research, Figma","Problem-Solving, Creativity",Ambivert,8-12 LPA,No Certification,I like a mix of both,Kinesthetic,Yes,No,UI/UX Designer
Diploma,Mechanical Engineering,8.46,"SolidWorks, MATLAB","Teamwork, Problem-Solving",Ambivert,8-12 LPA,Certified SOLIDWORKS Professional,I prefer working in a team,Kinesthetic,Yes,Yes,Mechanical Engineer
B.Tech,Computer Science,8.14,"Java, SQL, Python, JavaScript, Git","Problem-Solving, Teamwork",Ambivert,8-12 LPA,Coursera - Python for Everybody,I prefer working alone,Kinesthetic,Maybe,No,Software Developer
B.Tech,Human-Computer Interaction,7.53,"Adobe XD, User Research, Sketch, Figma","Creativity, Problem-Solving",Ambivert,8-12 LPA,No Certification,I like a mix of both,Kinesthetic,Yes,No,UI/UX Designer
Diploma,Mechanical Engineering,8.22,"MATLAB, SolidWorks","Teamwork, Problem-Solving",Ambivert,4-8 LPA,No Certification,I prefer working in a team,Kinesthetic,Maybe,Yes,Mechanical Engineer
Diploma,Mechanical Engineering,7.1,"SolidWorks, MATLAB, AutoCAD","Problem-Solving, Teamwork",Ambivert,8-12 LPA,No Certification,I prefer working in a team,Kinesthetic,Maybe,Yes,Civil Engineer
B.A.,Fine Arts,7.22,"Adobe Photoshop, Figma, Adobe Illustrator","Creativity, Attention to Detail",Introvert,4-8 LPA,No Certification,I like a mix of both,Visual,No,No,Graphic Designer
B.Tech,Mechanical Engineering,7.65,"SolidWorks, AutoCAD, MATLAB","Teamwork, Problem-Solving",Ambivert,8-12 LPA,Certified SOLIDWORKS Professional,I prefer working in a team,Kinesthetic,Yes,Yes,Mechanical Engineer
M.Tech,Computer Science,8.88,"TensorFlow, Computer Vision","Research, Critical Thinking",Introvert,12+ LPA,Deep Learning Specialization,I prefer working alone,Read/Write,Yes,Yes,Data Scientist
M.Tech,Computer Science,9.69,"R, SQL, Scikit-learn, TensorFlow","Problem-Solving, Critical Thinking",Introvert,12+ LPA,IBM Data Science,I prefer working alone,Visual,Yes,No,Data Scientist
M.Tech,Computer Science,8.96,"NLP, Python, PyTorch, TensorFlow","Critical Thinking, Research",Introvert,12+ LPA,Deep Learning Specialization,I prefer working alone,Read/Write,Yes,Yes,AI Specialist
B.Tech,Graphic Design,7.76,"User Research, Figma, Sketch","Creativity, Empathy",Ambivert,8-12 LPA,Nielsen Norman Group UX Certification,I like a mix of both,Visual,No,No,UI/UX Designer
B.Tech,Computer Science,9.74,"Java, JavaScript, Git","Teamwork, Problem-Solving",Introvert,8-12 LPA,No Certification,I like a mix of both,Kinesthetic,Maybe,No,Software Developer
M.Tech,Data Science,8.83,"SQL, TensorFlow, Python, R, Scikit-learn","Critical Thinking, Problem-Solving",Ambivert,8-12 LPA,Google Data Analytics,I prefer working alone,Read/Write,Yes,Yes,Data Scientist
BBA,Business Administration,7.53,"Social Media Management, Digital Marketing, Google Analytics, SEO","Creativity, Leadership",Extrovert,12+ LPA,Google Digital Marketing,I prefer working in a team,Auditory,Maybe,No,Marketing Manager
B.Tech,Computer Science,8.61,"Java, Python, SQL, JavaScript, Git","Teamwork, Problem-Solving",Ambivert,12+ LPA,No Certification,I like a mix of both,Kinesthetic,Maybe,No,Software Developer
MBA,Commerce,7.57,"Financial Modeling, Tableau, MS Excel","Attention to Detail, Analytical Skills",Extrovert,4-8 LPA,No Certification,I prefer working alone,Visual,No,Yes,Financial Analyst
M.Tech,AI & ML,9.53,"TensorFlow, Python, NLP, PyTorch","Critical Thinking, Research",Introvert,12+ LPA,TensorFlow Developer,I prefer working alone,Read/Write,Yes,Yes,Data Scientist
B.Tech,Computer Science,9.81,"R, TensorFlow, Python, Scikit-learn","Problem-Solving, Critical Thinking",Introvert,12+ LPA,Google Data Analytics,I prefer working alone,Read/Write,Yes,No,AI Specialist
B.Des,Human-Computer Interaction,7.85,"Sketch, Adobe XD, User Research, Figma","Empathy, Creativity",Ambivert,8-12 LPA,Nielsen Norman Group UX Certification,I like a mix of both,Kinesthetic,Yes,No,UI/UX Designer
B.Tech,Computer Science,8.6,"Python, SQL, Java","Problem-Solving, Teamwork",Introvert,12+ LPA,No Certification,I prefer working alone,Visual,Yes,No,Software Developer
B.Des,Graphic Design,8.45,"Adobe Illustrator, Adobe Photoshop, Figma","Attention to Detail, Creativity",Introvert,4-8 LPA,No Certification,I like a mix of both,Visual,No,No,Graphic Designer
Diploma,Mechanical Engineering,7.92,"MATLAB, AutoCAD, SolidWorks","Teamwork, Problem-Solving",Ambivert,4-8 LPA,Certified SOLIDWORKS Professional,I prefer working in a team,Kinesthetic,Yes,Yes,Mechanical Engineer
M.Tech,Computer Science,9.01,"Scikit-learn, R","Problem-Solving, Critical Thinking",Ambivert,12+ LPA,Google Data Analytics,I prefer working alone,Read/Write,Yes,No,AI Specialist
B.Tech,Mechanical Engineering,8.55,"SolidWorks, MATLAB, AutoCAD","Teamwork, Problem-Solving",Ambivert,8-12 LPA,No Certification,I prefer working in a team,Kinesthetic,Yes,Yes,Civil Engineer
B.Tech,Data Science,8.5,"Python, SQL, Scikit-learn, TensorFlow","Critical Thinking, Problem-Solving",Introvert,8-12 LPA,IBM Data Science,I prefer working alone,Visual,Yes,No,Data Scientist
B.Tech,Computer Science,9.47,"JavaScript, SQL, Java, Python","Teamwork, Problem-Solving",Introvert,8-12 LPA,No Certification,I like a mix of both,Kinesthetic,Yes,No,Software Developer
M.Tech,Computer Science,9.15,"Computer Vision, NLP, PyTorch, TensorFlow","Research, Critical Thinking",Introvert,12+ LPA,TensorFlow Developer,I prefer working alone,Read/Write,Yes,Yes,Data Scientist
M.Tech,Computer Science,8.9,"Python, TensorFlow","Critical Thinking, Problem-Solving",Introvert,12+ LPA,Google Data Analytics,I prefer working alone,Read/Write,Yes,No,Data Scientist
B.Tech,Computer Science,9.24,"JavaScript, Python, Java, SQL","Problem-Solving, Teamwork",Ambivert,12+ LPA,Coursera - Python for Everybody,I prefer working alone,Visual,Maybe,No,Data Scientist
B.Tech,Computer Science,9.58,"SQL, R, Scikit-learn","Problem-Solving, Critical Thinking",Introvert,12+ LPA,Google Data Analytics,I prefer working alone,Read/Write,Yes,Yes,AI Specialist
B.A.,Graphic Design,8.8,"Adobe Illustrator, Figma, Adobe Photoshop","Attention to Detail, Creativity",Introvert,4-8 LPA,No Certification,I prefer working alone,Kinesthetic,No,No,UI/UX Designer
M.Tech,Computer Science,9.21,"PyTorch, TensorFlow, NLP, Python, Computer Vision","Research, Critical Thinking",Introvert,12+ LPA,Deep Learning Specialization,I prefer working alone,Read/Write,Yes,Yes,AI Specialist
B.Com,Finance,8.73,"Tableau, MS Excel, SQL, Financial Modeling","Attention to Detail, Analytical Skills",Extrovert,4-8 LPA,CFA,I prefer working alone,Read/Write,No,No,Business Analyst
B.Tech,Data Science,8.75,"TensorFlow, SQL","Critical Thinking, Problem-Solving",Introvert,8-12 LPA,Google Data Analytics,I prefer working alone,Visual,Yes,Yes,Data Scientist
M.Tech,AI & ML,9.35,"TensorFlow, Computer Vision","Critical Thinking, Research",Introvert,12+ LPA,Deep Learning Specialization,I prefer working alone,Read/Write,Yes,Yes,AI Specialist
B.Des,Graphic Design,7.87,"Figma, Adobe Photoshop","Creativity, Attention to Detail",Introvert,Less than 4 LPA,No Certification,I like a mix of both,Kinesthetic,No,No,Graphic Designer
B.Tech,Mechanical Engineering,7.92,"AutoCAD, SolidWorks","Teamwork, Problem-Solving",Ambivert,4-8 LPA,Certified SOLIDWORKS Professional,I prefer working in a team,Kinesthetic,Yes,Yes,Mechanical Engineer
B.Des,Graphic Design,7.12,"Adobe Illustrator, Adobe Photoshop, Figma","Attention to Detail, Creativity",Introvert,4-8 LPA,Adobe Certified Expert (ACE),I prefer working alone,Kinesthetic,No,No,Graphic Designer
B.Tech,Computer Science,9.04,"Python, TensorFlow, Scikit-learn, SQL, R","Problem-Solving, Critical Thinking",Ambivert,8-12 LPA,IBM Data Science,I prefer working alone,Visual,Yes,Yes,Data Scientist
B.Des,Graphic Design,7.22,"Adobe Photoshop, Adobe Illustrator","Attention to Detail, Creativity",Introvert,Less than 4 LPA,No Certification,I prefer working alone,Visual,No,No,Graphic Designer
BBA,Business Administration,7.53,"Social Media Management, Digital Marketing","Leadership, Creativity",Extrovert,12+ LPA,Google Digital Marketing,I prefer working in a team,Auditory,Yes,No,Marketing Manager
B.A.,Graphic Design,7.99,"Adobe Photoshop, Adobe Illustrator","Attention to Detail, Creativity",Introvert,Less than 4 LPA,Adobe Certified Expert (ACE),I prefer working alone,Visual,No,No,Graphic Designer
B.Tech,Computer Science,9.27,"SQL, Git, Java, JavaScript","Problem-Solving, Teamwork",Ambivert,12+ LPA,Coursera - Python for Everybody,I prefer working alone,Kinesthetic,Yes,No,Data Scientist
MBA,Marketing,7.31,"Google Analytics, Social Media Management, Digital Marketing, SEO","Communication, Leadership",Extrovert,8-12 LPA,HubSpot Content Marketing,I prefer working in a team,Auditory,Maybe,No,Marketing Manager
M.Tech,Computer Science,8.51,"SQL, Python","Critical Thinking, Problem-Solving",Ambivert,8-12 LPA,Google Data Analytics,I prefer working alone,Read/Write,Yes,No,Data Scientist
B.Des,Fine Arts,8.37,"Adobe Photoshop, Figma","Attention to Detail, Creativity",Introvert,4-8 LPA,Adobe Certified Expert (ACE),I prefer working alone,Kinesthetic,No,No,Graphic Designer
B.Tech,Graphic Design,7.58,"Sketch, Figma, Adobe XD, User Research","Empathy, Creativity",Ambivert,12+ LPA,Nielsen Norman Group UX Certification,I like a mix of both,Kinesthetic,No,No,UI/UX Designer
B.Tech,Graphic Design,9.17,"Sketch, User Research","Empathy, Creativity",Ambivert,12+ LPA,No Certification,I like a mix of both,Visual,No,No,Graphic Designer
B.Des,Fine Arts,6.97,"Adobe Photoshop, Adobe Illustrator","Attention to Detail, Creativity",Ambivert,4-8 LPA,No Certification,I like a mix of both,Visual,No,Yes,Graphic Designer
B.Tech,Mechanical Engineering,7.49,"MATLAB, SolidWorks, AutoCAD","Teamwork, Problem-Solving",Ambivert,8-12 LPA,No Certification,I prefer working in a team,Kinesthetic,Yes,Yes,Mechanical Engineer
MBA,Commerce,8.29,"Financial Modeling, MS Excel","Analytical Skills, Attention to Detail",Ambivert,8-12 LPA,No Certification,I prefer working alone,Read/Write,Maybe,No,Financial Analyst
B.Des,Graphic Design,7.58,"User Research, Figma, Sketch","Empathy, Creativity",Ambivert,8-12 LPA,Nielsen Norman Group UX Certification,I like a mix of both,Visual,Yes,No,UI/UX Designer
M.Tech,AI & ML,9.3,"Computer Vision, Python, NLP, PyTorch","Research, Critical Thinking",Introvert,12+ LPA,Deep Learning Specialization,I prefer working alone,Read/Write,Yes,Yes,Data Scientist
M.Tech,Computer Science,8.77,"R, Scikit-learn, Python, TensorFlow, SQL","Critical Thinking, Problem-Solving",Introvert,8-12 LPA,IBM Data Science,I prefer working alone,Visual,Yes,Yes,Data Scientist
M.Tech,Computer Science,9.92,"PyTorch, TensorFlow, Python, NLP","Research, Critical Thinking",Introvert,12+ LPA,Deep Learning Specialization,I prefer working alone,Read/Write,Yes,Yes,AI Specialist
MBA,Commerce,8.76,"Tableau, Financial Modeling, MS Excel","Analytical Skills, Attention to Detail",Extrovert,8-12 LPA,No Certification,I prefer working alone,Read/Write,Maybe,Yes,Business Analyst
B.Com,Commerce,8.67,"Financial Modeling, SQL, Tableau","Attention to Detail, Analytical Skills",Ambivert,4-8 LPA,No Certification,I prefer working alone,Visual,No,Yes,Financial Analyst
B.Tech,Computer Science,8.75,"SQL, Java, Python, Git","Problem-Solving, Teamwork",Ambivert,12+ LPA,No Certification,I prefer working alone,Kinesthetic,Maybe,No,Software Developer
B.Tech,Mechanical Engineering,8.24,"AutoCAD, MATLAB, SolidWorks","Teamwork, Problem-Solving",Ambivert,4-8 LPA,Certified SOLIDWORKS Professional,I prefer working in a team,Kinesthetic,Maybe,Yes,Mechanical Engineer
B.Com,Finance,7.63,"MS Excel, SQL, Tableau, Financial Modeling","Analytical Skills, Attention to Detail",Ambivert,4-8 LPA,CFA,I prefer working alone,Visual,Maybe,No,Financial Analyst
MBA,Commerce,7.58,"Tableau, Financial Modeling, SQL","Attention to Detail, Analytical Skills",Extrovert,8-12 LPA,CFA,I prefer working alone,Read/Write,Maybe,Yes,Financial Analyst
BBA,Business Administration,8.45,"Social Media Management, Digital Marketing","Leadership, Creativity",Extrovert,8-12 LPA,Google Digital Marketing,I prefer working in a team,Visual,Yes,No,Marketing Manager
B.Des,Fine Arts,8.51,"Figma, Adobe Photoshop, Adobe Illustrator","Attention to Detail, Creativity",Introvert,Less than 4 LPA,No Certification,I like a mix of both,Kinesthetic,No,Yes,Graphic Designer
B.Tech,Computer Science,8.3,"Git, Python, JavaScript","Teamwork, Problem-Solving",Introvert,12+ LPA,No Certification,I prefer working alone,Kinesthetic,Yes,No,Software Developer
B.Com,Commerce,7.9,"SQL, Financial Modeling","Analytical Skills, Attention to Detail",Ambivert,8-12 LPA,No Certification,I prefer working alone,Read/Write,Maybe,Yes,Financial Analyst
MBA,Marketing,8.93,"Google Analytics, Social Media Management","Communication, Leadership",Extrovert,12+ LPA,Google Digital Marketing,I prefer working in a team,Auditory,Yes,No,Social Media Manager
B.Tech,Computer Science,9.58,"Python, SQL, Java","Problem-Solving, Teamwork",Introvert,12+ LPA,No Certification,I like a mix of both,Visual,Maybe,No,Software Developer
M.Tech,Computer Science,9.02,"NLP, Computer Vision, Python, TensorFlow, PyTorch","Critical Thinking, Research",Introvert,12+ LPA,Deep Learning Specialization,I prefer working alone,Read/Write,Yes,Yes,AI Specialist
B.Tech,Data Science,8.96,"TensorFlow, SQL, R, Scikit-learn, Python","Problem-Solving, Critical Thinking",Ambivert,8-12 LPA,IBM Data Science,I prefer working alone,Visual,Yes,No,Data Scientist
B.Tech,Mechanical Engineering,7.31,"MATLAB, SolidWorks","Problem-Solving, Teamwork",Ambivert,4-8 LPA,No Certification,I prefer working in a team,Kinesthetic,Maybe,Yes,Mechanical Engineer
B.Tech,Computer Science,9.75,"Git, JavaScript, SQL, Python, Java","Teamwork, Problem-Solving",Ambivert,8-12 LPA,Coursera - Python for Everybody,I like a mix of both,Visual,Maybe,No,Software Developer
B.Tech,Human-Computer Interaction,9.04,"User Research, Figma, Adobe XD, Sketch","Empathy, Creativity",Ambivert,8-12 LPA,Nielsen Norman Group UX Certification,I like a mix of both,Kinesthetic,No,No,UI/UX Designer
Diploma,Mechanical Engineering,7.68,"MATLAB, AutoCAD, SolidWorks","Teamwork, Problem-Solving",Ambivert,4-8 LPA,No Certification,I prefer working in a team,Kinesthetic,Yes,Yes,Civil Engineer
B.Des,Graphic Design,6.83,"Adobe Photoshop, Adobe Illustrator","Attention to Detail, Creativity",Ambivert,4-8 LPA,No Certification,I prefer working alone,Kinesthetic,No,Yes,Graphic Designer
B.A.,Graphic Design,6.55,"Adobe Illustrator, Figma","Creativity, Attention to Detail",Ambivert,Less than 4 LPA,Adobe Certified Expert (ACE),I like a mix of both,Visual,No,No,Graphic Designer
B.Tech,Computer Science,9.24,"Scikit-learn, SQL, TensorFlow","Problem-Solving, Critical Thinking",Introvert,8-12 LPA,Google Data Analytics,I prefer working alone,Visual,Yes,Yes,Data Scientist
B.Tech,Computer Science,8.65,"Git, JavaScript, SQL","Problem-Solving, Teamwork",Ambivert,12+ LPA,No Certification,I prefer working alone,Kinesthetic,Maybe,No,Software Developer
B.Tech,Graphic Design,8.59,"Sketch, Figma, Adobe XD, User Research","Empathy, Problem-Solving",Ambivert,12+ LPA,No Certification,I like a mix of both,Kinesthetic,No,No,UI/UX Designer
BBA,Marketing,7.95,"Digital Marketing, SEO, Social Media Management","Communication, Leadership",Extrovert,8-12 LPA,HubSpot Content Marketing,I prefer working in a team,Auditory,Yes,No,Marketing Manager
B.Tech,Mechanical Engineering,7.05,"MATLAB, SolidWorks","Teamwork, Problem-Solving",Ambivert,8-12 LPA,Certified SOLIDWORKS Professional,I prefer working in a team,Kinesthetic,Yes,Yes,Mechanical Engineer
MBA,Finance,8.46,"Financial Modeling, MS Excel, Tableau, SQL","Attention to Detail, Analytical Skills",Extrovert,8-12 LPA,CFA,I prefer working alone,Visual,Maybe,Yes,Financial Analyst
M.Tech,Data Science,9.29,"TensorFlow, Python, SQL, R","Critical Thinking, Problem-Solving",Ambivert,12+ LPA,IBM Data Science,I prefer working alone,Read/Write,Yes,No,Data Scientist
MBA,Finance,7.59,"Financial Modeling, MS Excel, SQL, Tableau","Attention to Detail, Analytical Skills",Ambivert,8-12 LPA,CFA,I prefer working alone,Read/Write,Maybe,Yes,Financial Analyst
B.Tech,Computer Science,8.36,"Git, Java, JavaScript","Teamwork, Problem-Solving",Introvert,12+ LPA,Coursera - Python for Everybody,I prefer working alone,Visual,Maybe,No,Software Developer
BBA,Business Administration,7.52,"Digital Marketing, SEO","Creativity, Communication",Extrovert,8-12 LPA,Google Digital Marketing,I prefer working in a team,Auditory,Yes,No,Marketing Manager
B.Des,Fine Arts,6.72,"Figma, Adobe Photoshop, Adobe Illustrator","Creativity, Attention to Detail",Ambivert,4-8 LPA,Adobe Certified Expert (ACE),I like a mix of both,Visual,No,No,Graphic Designer
M.Tech,Computer Science,9.85,"TensorFlow, PyTorch, NLP, Python, Computer Vision","Critical Thinking, Research",Introvert,12+ LPA,TensorFlow Developer,I prefer working alone,Read/Write,Yes,Yes,AI Specialist
B.Des,Graphic Design,7.55,"Adobe Illustrator, Adobe Photoshop, Figma","Creativity, Attention to Detail",Introvert,Less than 4 LPA,No Certification,I prefer working alone,Visual,No,Yes,Graphic Designer
M.Tech,Computer Science,9.44,"TensorFlow, Scikit-learn","Critical Thinking, Problem-Solving",Ambivert,8-12 LPA,Google Data Analytics,I prefer working alone,Read/Write,Yes,No,Data Scientist
Diploma,Mechanical Engineering,8.55,"SolidWorks, MATLAB, AutoCAD","Problem-Solving, Teamwork",Ambivert,4-8 LPA,No Certification,I prefer working in a team,Kinesthetic,Yes,Yes,Mechanical Engineer
B.A.,Fine Arts,8.28,"Adobe Illustrator, Adobe Photoshop, Figma","Attention to Detail, Creativity",Introvert,Less than 4 LPA,Adobe Certified Expert (ACE),I like a mix of both,Visual,No,No,Graphic Designer
B.Tech,Data Science,9.44,"R, Python, SQL","Problem-Solving, Critical Thinking",Ambivert,8-12 LPA,IBM Data Science,I prefer working alone,Read/Write,Yes,No,AI Specialist
B.A.,Fine Arts,6.99,"Adobe Photoshop, Figma, Adobe Illustrator","Attention to Detail, Creativity",Introvert,4-8 LPA,Adobe Certified Expert (ACE),I prefer working alone,Kinesthetic,No,Yes,Graphic Designer
M.Tech,Computer Science,8.91,"PyTorch, NLP, Computer Vision, Python","Research, Critical Thinking",Introvert,12+ LPA,TensorFlow Developer,I prefer working alone,Read/Write,Yes,Yes,AI Specialist
B.Des,Fine Arts,6.77,"Figma, Adobe Illustrator","Creativity, Attention to Detail",Introvert,4-8 LPA,Adobe Certified Expert (ACE),I prefer working alone,Visual,No,No,Graphic Designer
MBA,Business Administration,7.02,"Google Analytics, Digital Marketing","Leadership, Communication",Extrovert,12+ LPA,Google Digital Marketing,I prefer working in a team,Auditory,Yes,No,Marketing Manager
BBA,Marketing,8.99,"Social Media Management, Digital Marketing","Communication, Creativity",Extrovert,8-12 LPA,Google Digital Marketing,I prefer working in a team,Visual,Maybe,No,Marketing Manager
B.A.,Graphic Design,7.79,"Adobe Illustrator, Figma","Creativity, Attention to Detail",Introvert,4-8 LPA,No Certification,I prefer working alone,Kinesthetic,No,Yes,Graphic Designer
B.Tech,Computer Science,8.39,"SQL, JavaScript, Python, Java, Git","Problem-Solving, Teamwork",Introvert,8-12 LPA,Coursera - Python for Everybody,I like a mix of both,Kinesthetic,Yes,No,Data Scientist
M.Tech,AI & ML,9.28,"Python, Computer Vision","Critical Thinking, Research",Introvert,12+ LPA,TensorFlow Developer,I prefer working alone,Read/Write,Yes,Yes,AI Specialist
BBA,Business Administration,7.52,"Social Media Management, Google Analytics, SEO","Leadership, Communication",Extrovert,12+ LPA,HubSpot Content Marketing,I prefer working in a team,Visual,Yes,No,Social Media Manager
B.Tech,Graphic Design,7.92,"User Research, Sketch, Adobe XD, Figma","Problem-Solving, Creativity",Ambivert,8-12 LPA,No Certification,I like a mix of both,Visual,Yes,No,UI/UX Designer
B.Com,Commerce,8.29,"Financial Modeling, Tableau","Attention to Detail, Analytical Skills",Ambivert,8-12 LPA,CFA,I prefer working alone,Visual,No,No,Financial Analyst
Diploma,Mechanical Engineering,7.62,"MATLAB, SolidWorks, AutoCAD","Teamwork, Problem-Solving",Ambivert,8-12 LPA,Certified SOLIDWORKS Professional,I prefer working in a team,Kinesthetic,Yes,Yes,Mechanical Engineer
Diploma,Mechanical Engineering,8.39,"MATLAB, SolidWorks, AutoCAD","Teamwork, Problem-Solving",Ambivert,4-8 LPA,No Certification,I prefer working in a team,Kinesthetic,Maybe,Yes,Mechanical Engineer
BBA,Marketing,7.44,"Google Analytics, Digital Marketing","Creativity, Communication",Extrovert,8-12 LPA,Google Digital Marketing,I prefer working in a team,Visual,Yes,No,Marketing Manager
B.Des,Human-Computer Interaction,8.97,"User Research, Sketch, Figma","Problem-Solving, Creativity",Ambivert,8-12 LPA,Nielsen Norman Group UX Certification,I like a mix of both,Visual,Yes,No,Graphic Designer
B.Tech,Mechanical Engineering,7.67,"AutoCAD, SolidWorks","Teamwork, Problem-Solving",Ambivert,4-8 LPA,Certified SOLIDWORKS Professional,I prefer working in a team,Kinesthetic,Yes,Yes,Mechanical Engineer
M.Tech,Computer Science,8.94,"SQL, R, Python, Scikit-learn","Problem-Solving, Critical Thinking",Introvert,8-12 LPA,IBM Data Science,I prefer working alone,Visual,Yes,No,AI Specialist
MBA,Finance,7.94,"Tableau, SQL, MS Excel, Financial Modeling","Analytical Skills, Attention to Detail",Ambivert,4-8 LPA,CFA,I prefer working alone,Visual,Maybe,Yes,Financial Analyst
B.Tech,Mechanical Engineering,8.06,"AutoCAD, MATLAB, SolidWorks","Problem-Solving, Teamwork",Ambivert,8-12 LPA,No Certification,I prefer working in a team,Kinesthetic,Maybe,Yes,Mechanical Engineer
MBA,Finance,8.56,"SQL, Financial Modeling, MS Excel, Tableau","Analytical Skills, Attention to Detail",Ambivert,4-8 LPA,CFA,I prefer working alone,Visual,No,Yes,Financial Analyst
B.Des,Human-Computer Interaction,8.55,"User Research, Sketch, Adobe XD, Figma","Problem-Solving, Creativity",Ambivert,8-12 LPA,No Certification,I like a mix of both,Kinesthetic,No,No,UI/UX Designer
M.Tech,Computer Science,8.89,"NLP, Computer Vision","Critical Thinking, Research",Introvert,12+ LPA,Deep Learning Specialization,I prefer working alone,Read/Write,Yes,Yes,Data Scientist
BBA,Marketing,8.5,"Digital Marketing, Social Media Management, Google Analytics","Creativity, Communication",Extrovert,8-12 LPA,Google Digital Marketing,I prefer working in a team,Auditory,Maybe,No,Marketing Manager
B.Tech,Computer Science,9.49,"Java, JavaScript, Python, Git, SQL","Problem-Solving, Teamwork",Introvert,12+ LPA,Coursera - Python for Everybody,I like a mix of both,Visual,Maybe,No,Software Developer
B.Tech,Graphic Design,7.83,"User Research, Figma, Sketch, Adobe XD","Creativity, Problem-Solving",Ambivert,8-12 LPA,Nielsen Norman Group UX Certification,I like a mix of both,Kinesthetic,Yes,No,UI/UX Designer
Diploma,Mechanical Engineering,7.01,"SolidWorks, AutoCAD, MATLAB","Problem-Solving, Teamwork",Ambivert,4-8 LPA,No Certification,I prefer working in a team,Kinesthetic,Maybe,Yes,Mechanical Engineer
B.Tech,Mechanical Engineering,8.83,"SolidWorks, AutoCAD, MATLAB","Problem-Solving, Teamwork",Ambivert,8-12 LPA,Certified SOLIDWORKS Professional,I prefer working in a team,Kinesthetic,Yes,Yes,Mechanical Engineer
B.Tech,Computer Science,8.67,"Python, Java, SQL, Git, JavaScript","Problem-Solving, Teamwork",Introvert,12+ LPA,No Certification,I like a mix of both,Visual,Yes,No,Software Developer
B.Des,Fine Arts,7.9,"Adobe Photoshop, Adobe Illustrator","Attention to Detail, Creativity",Introvert,4-8 LPA,Adobe Certified Expert (ACE),I prefer working alone,Visual,No,No,Graphic Designer
B.Des,Fine Arts,8.23,"Adobe Photoshop, Adobe Illustrator","Attention to Detail, Creativity",Introvert,Less than 4 LPA,Adobe Certified Expert (ACE),I like a mix of both,Kinesthetic,No,No,Graphic Designer
B.Des,Human-Computer Interaction,9.3,"User Research, Figma, Sketch","Creativity, Empathy",Ambivert,8-12 LPA,Nielsen Norman Group UX Certification,I like a mix of both,Kinesthetic,Yes,No,UI/UX Designer
B.Tech,Human-Computer Interaction,8.79,"Sketch, Figma","Creativity, Empathy",Ambivert,12+ LPA,No Certification,I like a mix of both,Visual,No,No,UI/UX Designer
M.Tech,Data Science,9.43,"SQL, TensorFlow, R, Scikit-learn, Python","Critical Thinking, Problem-Solving",Ambivert,8-12 LPA,IBM Data Science,I prefer working alone,Read/Write,Yes,Yes,Data Scientist
M.Tech,AI & ML,9.27,"NLP, Python, PyTorch, Computer Vision","Critical Thinking, Research",Introvert,12+ LPA,Deep Learning Specialization,I prefer working alone,Read/Write,Yes,Yes,AI Specialist
Diploma,Mechanical Engineering,8.33,"SolidWorks, AutoCAD, MATLAB","Problem-Solving, Teamwork",Ambivert,4-8 LPA,Certified SOLIDWORKS Professional,I prefer working in a team,Kinesthetic,Yes,Yes,Mechanical Engineer
B.Des,Human-Computer Interaction,7.83,"User Research, Figma, Adobe XD, Sketch","Empathy, Creativity",Ambivert,12+ LPA,No Certification,I like a mix of both,Visual,Yes,No,UI/UX Designer
B.Tech,Data Science,9.47,"TensorFlow, Python, SQL, Scikit-learn","Problem-Solving, Critical Thinking",Introvert,8-12 LPA,IBM Data Science,I prefer working alone,Visual,Yes,Yes,Data Scientist
B.Tech,Computer Science,8.2,"Git, Python, Java, JavaScript, SQL","Problem-Solving, Teamwork",Ambivert,8-12 LPA,No Certification,I like a mix of both,Visual,Maybe,No,Software Developer
Diploma,Mechanical Engineering,8.52,"MATLAB, SolidWorks","Teamwork, Problem-Solving",Ambivert,4-8 LPA,Certified SOLIDWORKS Professional,I prefer working in a team,Kinesthetic,Yes,Yes,Mechanical Engineer
B.Des,Graphic Design,8.59,"Adobe Illustrator, Adobe Photoshop, Figma","Attention to Detail, Creativity",Ambivert,Less than 4 LPA,Adobe Certified Expert (ACE),I prefer working alone,Visual,No,No,Graphic Designer
B.Com,Finance,8.21,"MS Excel, SQL, Financial Modeling, Tableau","Attention to Detail, Analytical Skills",Ambivert,8-12 LPA,No Certification,I prefer working alone,Visual,Maybe,Yes,Financial Analyst
B.Com,Finance,8.52,"MS Excel, SQL, Financial Modeling, Tableau","Attention to Detail, Analytical Skills",Extrovert,8-12 LPA,No Certification,I prefer working alone,Read/Write,Maybe,Yes,Business Analyst
M.Tech,Computer Science,9.05,"TensorFlow, NLP, PyTorch, Computer Vision, Python","Critical Thinking, Research",Introvert,12+ LPA,Deep Learning Specialization,I prefer working alone,Read/Write,Yes,Yes,AI Specialist
B.Tech,Mechanical Engineering,8.07,"AutoCAD, MATLAB, SolidWorks","Problem-Solving, Teamwork",Ambivert,4-8 LPA,No Certification,I prefer working in a team,Kinesthetic,Yes,Yes,Mechanical Engineer
B.Tech,Computer Science,9.55,"JavaScript, SQL","Teamwork, Problem-Solving",Introvert,8-12 LPA,Coursera - Python for Everybody,I prefer working alone,Visual,Maybe,No,Software Developer
MBA,Business Administration,7.33,"Digital Marketing, SEO, Google Analytics, Social Media Management","Communication, Leadership",Extrovert,12+ LPA,Google Digital Marketing,I prefer working in a team,Visual,Maybe,No,Marketing Manager
B.Com,Finance,9.15,"Financial Modeling, Tableau, SQL, MS Excel","Attention to Detail, Analytical Skills",Extrovert,8-12 LPA,CFA,I prefer working alone,Visual,No,Yes,Financial Analyst
B.Tech,Human-Computer Interaction,7.55,"Figma, Sketch, User Research, Adobe XD","Creativity, Empathy",Ambivert,8-12 LPA,No Certification,I like a mix of both,Visual,Yes,No,Graphic Designer
B.Tech,Computer Science,9.64,"Scikit-learn, SQL, R, Python, TensorFlow","Critical Thinking, Problem-Solving",Introvert,8-12 LPA,Google Data Analytics,I prefer working alone,Read/Write,Yes,No,Data Scientist
B.Tech,Computer Science,9.41,"Git, Python, Java","Problem-Solving, Teamwork",Ambivert,12+ LPA,No Certification,I like a mix of both,Kinesthetic,Yes,No,Data Scientist
M.Tech,Data Science,8.57,"SQL, Scikit-learn","Problem-Solving, Critical Thinking",Ambivert,8-12 LPA,IBM Data Science,I prefer working alone,Read/Write,Yes,Yes,Data Scientist
Diploma,Mechanical Engineering,7.05,"AutoCAD, MATLAB","Problem-Solving, Teamwork",Ambivert,4-8 LPA,Certified SOLIDWORKS Professional,I prefer working in a team,Kinesthetic,Yes,Yes,Mechanical Engineer
B.Com,Finance,8.82,"Financial Modeling, SQL","Analytical Skills, Attention to Detail",Ambivert,4-8 LPA,CFA,I prefer working alone,Read/Write,No,No,Financial Analyst
MBA,Commerce,8.85,"Financial Modeling, SQL, Tableau, MS Excel","Attention to Detail, Analytical Skills",Extrovert,4-8 LPA,CFA,I prefer working alone,Read/Write,Maybe,Yes,Financial Analyst
M.Tech,AI & ML,9.66,"Python, TensorFlow, NLP, PyTorch","Research, Critical Thinking",Introvert,12+ LPA,Deep Learning Specialization,I prefer working alone,Read/Write,Yes,Yes,AI Specialist
MBA,Marketing,7.88,"Google Analytics, SEO","Communication, Creativity",Extrovert,8-12 LPA,HubSpot Content Marketing,I prefer working in a team,Visual,Maybe,No,Marketing Manager
BBA,Marketing,8.89,"Digital Marketing, Google Analytics, SEO, Social Media Management","Creativity, Leadership",Extrovert,8-12 LPA,HubSpot Content Marketing,I prefer working in a team,Auditory,Maybe,No,Marketing Manager
B.Tech,Computer Science,8.47,"SQL, Java","Teamwork, Problem-Solving",Ambivert,8-12 LPA,Coursera - Python for Everybody,I like a mix of both,Kinesthetic,Yes,No,Software Developer
M.Tech,Computer Science,8.85,"Computer Vision, Python, TensorFlow, PyTorch, NLP","Research, Critical Thinking",Introvert,12+ LPA,Deep Learning Specialization,I prefer working alone,Read/Write,Yes,Yes,Data Scientist
M.Tech,Computer Science,9.23,"Computer Vision, PyTorch, TensorFlow","Critical Thinking, Research",Introvert,12+ LPA,Deep Learning Specialization,I prefer working alone,Read/Write,Yes,Yes,AI Specialist
MBA,Marketing,7.83,"Social Media Management, Google Analytics","Creativity, Communication",Extrovert,8-12 LPA,HubSpot Content Marketing,I prefer working in a team,Auditory,Yes,No,Social Media Manager
M.Tech,AI & ML,9.68,"NLP, PyTorch, Python, Computer Vision","Critical Thinking, Research",Introvert,12+ LPA,Deep Learning Specialization,I prefer working alone,Read/Write,Yes,Yes,AI Specialist
B.Tech,Human-Computer Interaction,7.86,"Sketch, Figma, Adobe XD","Problem-Solving, Empathy",Ambivert,8-12 LPA,Nielsen Norman Group UX Certification,I like a mix of both,Kinesthetic,Yes,No,UI/UX Designer
M.Tech,AI & ML,9.68,"NLP, PyTorch, Computer Vision, Python","Research, Critical Thinking",Introvert,12+ LPA,TensorFlow Developer,I prefer working alone,Read/Write,Yes,Yes,AI Specialist
B.Des,Graphic Design,7.33,"Adobe Photoshop, Adobe Illustrator, Figma","Creativity, Attention to Detail",Introvert,Less than 4 LPA,Adobe Certified Expert (ACE),I prefer working alone,Visual,No,No,Graphic Designer
B.Des,Human-Computer Interaction,8.42,"Sketch, Figma, User Research","Problem-Solving, Empathy",Ambivert,8-12 LPA,No Certification,I like a mix of both,Kinesthetic,Yes,No,UI/UX Designer
B.Tech,Computer Science,8.93,"Java, Git","Problem-Solving, Teamwork",Introvert,8-12 LPA,Coursera - Python for Everybody,I like a mix of both,Kinesthetic,Maybe,No,Software Developer
MBA,Commerce,8.4,"SQL, Tableau, MS Excel, Financial Modeling","Attention to Detail, Analytical Skills",Ambivert,4-8 LPA,No Certification,I prefer working alone,Read/Write,Maybe,Yes,Financial Analyst
M.Tech,Computer Science,9.22,"NLP, Computer Vision","Critical Thinking, Research",Introvert,12+ LPA,TensorFlow Developer,I prefer working alone,Read/Write,Yes,Yes,AI Specialist
MBA,Commerce,8.81,"Financial Modeling, MS Excel, SQL","Attention to Detail, Analytical Skills",Ambivert,8-12 LPA,CFA,I prefer working alone,Visual,No,Yes,Financial Analyst
B.Tech,Mechanical Engineering,8.1,"AutoCAD, SolidWorks","Problem-Solving, Teamwork",Ambivert,4-8 LPA,No Certification,I prefer working in a team,Kinesthetic,Maybe,Yes,Mechanical Engineer
B.Tech,Computer Science,8.88,"Git, Python, JavaScript, SQL","Problem-Solving, Teamwork",Introvert,8-12 LPA,No Certification,I like a mix of both,Kinesthetic,Maybe,No,Software Developer
M.Tech,AI & ML,9.78,"NLP, TensorFlow, Python, Computer Vision, PyTorch","Critical Thinking, Research",Introvert,12+ LPA,Deep Learning Specialization,I prefer working alone,Read/Write,Yes,Yes,Data Scientist
MBA,Finance,7.51,"SQL, MS Excel","Attention to Detail, Analytical Skills",Ambivert,4-8 LPA,No Certification,I prefer working alone,Read/Write,No,Yes,Business Analyst
B.Tech,Computer Science,9.72,"JavaScript, Python, Java, Git","Problem-Solving, Teamwork",Ambivert,8-12 LPA,No Certification,I prefer working alone,Kinesthetic,Maybe,No,Software Developer
MBA,Business Administration,8.05,"SEO, Digital Marketing, Social Media Management, Google Analytics","Creativity, Communication",Extrovert,8-12 LPA,Google Digital Marketing,I prefer working in a team,Visual,Yes,No,Marketing Manager
M.Tech,AI & ML,9.04,"TensorFlow, NLP, PyTorch, Python, Computer Vision","Critical Thinking, Research",Introvert,12+ LPA,TensorFlow Developer,I prefer working alone,Read/Write,Yes,Yes,Data Scientist
B.Des,Graphic Design,8.71,"User Research, Figma, Adobe XD, Sketch","Empathy, Creativity",Ambivert,12+ LPA,No Certification,I like a mix of both,Kinesthetic,No,No,UI/UX Designer
BBA,Business Administration,8.62,"Social Media Management, Digital Marketing, SEO, Google Analytics","Communication, Creativity",Extrovert,12+ LPA,Google Digital Marketing,I prefer working in a team,Auditory,Yes,No,Marketing Manager
MBA,Business Administration,7.81,"Google Analytics, Social Media Management","Leadership, Communication",Extrovert,8-12 LPA,Google Digital Marketing,I prefer working in a team,Auditory,Maybe,No,Social Media Manager
MBA,Marketing,7.49,"Google Analytics, Digital Marketing","Creativity, Leadership",Extrovert,12+ LPA,Google Digital Marketing,I prefer working in a team,Auditory,Maybe,No,Marketing Manager
B.A.,Graphic Design,8.2,"Adobe Illustrator, Figma, Adobe Photoshop","Attention to Detail, Creativity",Introvert,4-8 LPA,Adobe Certified Expert (ACE),I prefer working alone,Kinesthetic,No,Yes,Graphic Designer
B.Com,Commerce,7.77,"SQL, Financial Modeling, MS Excel, Tableau","Analytical Skills, Attention to Detail",Extrovert,8-12 LPA,No Certification,I prefer working alone,Read/Write,Maybe,No,Financial Analyst
B.Com,Finance,8.6,"MS Excel, Financial Modeling","Attention to Detail, Analytical Skills",Ambivert,8-12 LPA,CFA,I prefer working alone,Visual,Maybe,Yes,Business Analyst
B.A.,Graphic Design,7.56,"Figma, Adobe Photoshop","Creativity, Attention to Detail",Ambivert,Less than 4 LPA,Adobe Certified Expert (ACE),I prefer working alone,Kinesthetic,No,No,Graphic Designer
B.Des,Fine Arts,8.17,"Adobe Photoshop, Adobe Illustrator","Creativity, Attention to Detail",Ambivert,Less than 4 LPA,Adobe Certified Expert (ACE),I prefer working alone,Visual,No,Yes,Graphic Designer
M.Tech,Computer Science,9.11,"Scikit-learn, Python","Problem-Solving, Critical Thinking",Ambivert,12+ LPA,Google Data Analytics,I prefer working alone,Read/Write,Yes,No,Data Scientist
M.Tech,Computer Science,9.36,"NLP, Computer Vision, PyTorch","Critical Thinking, Research",Introvert,12+ LPA,Deep Learning Specialization,I prefer working alone,Read/Write,Yes,Yes,AI Specialist
B.Tech,Human-Computer Interaction,8.92,"Adobe XD, Figma, User Research, Sketch","Creativity, Empathy",Ambivert,12+ LPA,Nielsen Norman Group UX Certification,I like a mix of both,Kinesthetic,No,No,UI/UX Designer
MBA,Commerce,9.05,"Tableau, SQL, Financial Modeling","Attention to Detail, Analytical Skills",Ambivert,8-12 LPA,No Certification,I prefer working alone,Visual,No,No,Business Analyst
M.Tech,Computer Science,8.84,"PyTorch, TensorFlow, Python, NLP","Research, Critical Thinking",Introvert,12+ LPA,TensorFlow Developer,I prefer working alone,Read/Write,Yes,Yes,AI Specialist
B.Tech,Graphic Design,9.24,"Adobe XD, Sketch, User Research","Empathy, Problem-Solving",Ambivert,8-12 LPA,No Certification,I like a mix of both,Visual,Yes,No,Graphic Designer
M.Tech,AI & ML,9.17,"PyTorch, NLP, TensorFlow","Research, Critical Thinking",Introvert,12+ LPA,TensorFlow Developer,I prefer working alone,Read/Write,Yes,Yes,AI Specialist
M.Tech,AI & ML,9.87,"TensorFlow, PyTorch, Python, NLP, Computer Vision","Research, Critical Thinking",Introvert,12+ LPA,TensorFlow Developer,I prefer working alone,Read/Write,Yes,Yes,AI Specialist
B.Tech,Data Science,8.59,"SQL, TensorFlow, R","Critical Thinking, Problem-Solving",Introvert,12+ LPA,Google Data Analytics,I prefer working alone,Visual,Yes,Yes,Data Scientist
BBA,Marketing,7.18,"Digital Marketing, Social Media Management","Creativity, Leadership",Extrovert,12+ LPA,HubSpot Content Marketing,I prefer working in a team,Visual,Maybe,No,Marketing Manager
B.Tech,Mechanical Engineering,7.62,"SolidWorks, AutoCAD, MATLAB","Problem-Solving, Teamwork",Ambivert,8-12 LPA,Certified SOLIDWORKS Professional,I prefer working in a team,Kinesthetic,Maybe,Yes,Mechanical Engineer
B.Tech,Computer Science,9.68,"Java, Git, JavaScript","Teamwork, Problem-Solving",Introvert,8-12 LPA,No Certification,I like a mix of both,Kinesthetic,Yes,No,Software Developer
BBA,Marketing,8.28,"SEO, Digital Marketing","Leadership, Communication",Extrovert,12+ LPA,Google Digital Marketing,I prefer working in a team,Visual,Maybe,No,Marketing Manager
B.Tech,Data Science,8.95,"R, Python, SQL","Problem-Solving, Critical Thinking",Ambivert,8-12 LPA,IBM Data Science,I prefer working alone,Visual,Yes,No,Data Scientist
B.Des,Fine Arts,7.72,"Figma, Adobe Illustrator, Adobe Photoshop","Creativity, Attention to Detail",Introvert,Less than 4 LPA,No Certification,I like a mix of both,Kinesthetic,No,No,UI/UX Designer
Diploma,Mechanical Engineering,8.95,"AutoCAD, MATLAB, SolidWorks","Teamwork, Problem-Solving",Ambivert,8-12 LPA,Certified SOLIDWORKS Professional,I prefer working in a team,Kinesthetic,Maybe,Yes,Mechanical Engineer
B.Tech,Mechanical Engineering,8.71,"SolidWorks, MATLAB","Problem-Solving, Teamwork",Ambivert,4-8 LPA,No Certification,I prefer working in a team,Kinesthetic,Maybe,Yes,Mechanical Engineer
M.Tech,Computer Science,9.34,"NLP, PyTorch, Computer Vision, Python","Critical Thinking, Research",Introvert,12+ LPA,Deep Learning Specialization,I prefer working alone,Read/Write,Yes,Yes,AI Specialist
B.Des,Fine Arts,7.28,"Adobe Photoshop, Adobe Illustrator","Creativity, Attention to Detail",Introvert,4-8 LPA,Adobe Certified Expert (ACE),I prefer working alone,Visual,No,Yes,Graphic Designer
B.Com,Finance,8.08,"MS Excel, Tableau","Attention to Detail, Analytical Skills",Extrovert,8-12 LPA,No Certification,I prefer working alone,Visual,Maybe,Yes,Financial Analyst
M.Tech,Computer Science,9.18,"Python, TensorFlow, Computer Vision, NLP, PyTorch","Research, Critical Thinking",Introvert,12+ LPA,Deep Learning Specialization,I prefer working alone,Read/Write,Yes,Yes,AI Specialist
M.Tech,Computer Science,9.46,"TensorFlow, Scikit-learn, Python","Problem-Solving, Critical Thinking",Introvert,8-12 LPA,Google Data Analytics,I prefer working alone,Visual,Yes,No,Data Scientist
M.Tech,Data Science,9.02,"Python, SQL, R","Problem-Solving, Critical Thinking",Ambivert,12+ LPA,IBM Data Science,I prefer working alone,Read/Write,Yes,Yes,AI Specialist
B.Des,Graphic Design,7.67,"User Research, Sketch, Adobe XD, Figma","Empathy, Creativity",Ambivert,8-12 LPA,No Certification,I like a mix of both,Visual,No,No,Graphic Designer
M.Tech,Computer Science,9.43,"TensorFlow, SQL","Critical Thinking, Problem-Solving",Introvert,8-12 LPA,Google Data Analytics,I prefer working alone,Read/Write,Yes,No,Data Scientist
MBA,Finance,8.96,"Financial Modeling, MS Excel, SQL","Analytical Skills, Attention to Detail",Ambivert,4-8 LPA,No Certification,I prefer working alone,Visual,No,No,Business Analyst
B.Des,Graphic Design,7.86,"Adobe Photoshop, Figma","Attention to Detail, Creativity",Ambivert,4-8 LPA,No Certification,I prefer working alone,Kinesthetic,No,Yes,Graphic Designer
B.Com,Commerce,8.83,"MS Excel, Financial Modeling","Attention to Detail, Analytical Skills",Ambivert,4-8 LPA,No Certification,I prefer working alone,Visual,No,No,Financial Analyst
MBA,Finance,7.94,"Financial Modeling, MS Excel, SQL","Attention to Detail, Analytical Skills",Ambivert,8-12 LPA,No Certification,I prefer working alone,Read/Write,No,Yes,Financial Analyst
MBA,Finance,7.78,"MS Excel, SQL","Analytical Skills, Attention to Detail",Ambivert,8-12 LPA,No Certification,I prefer working alone,Read/Write,Maybe,Yes,Financial Analyst
M.Tech,AI & ML,8.83,"TensorFlow, Python, Computer Vision, PyTorch, NLP","Critical Thinking, Research",Introvert,12+ LPA,TensorFlow Developer,I prefer working alone,Read/Write,Yes,Yes,Data Scientist
MBA,Marketing,7.69,"Google Analytics, SEO, Social Media Management","Leadership, Creativity",Extrovert,8-12 LPA,Google Digital Marketing,I prefer working in a team,Visual,Yes,No,Marketing Manager
MBA,Business Administration,7.16,"SEO, Social Media Management","Communication, Creativity",Extrovert,12+ LPA,Google Digital Marketing,I prefer working in a team,Visual,Maybe,No,Marketing Manager
BBA,Business Administration,8.54,"Digital Marketing, Google Analytics, Social Media Management, SEO","Communication, Leadership",Extrovert,12+ LPA,HubSpot Content Marketing,I prefer working in a team,Auditory,Yes,No,Marketing Manager
MBA,Commerce,8.31,"Financial Modeling, SQL","Attention to Detail, Analytical Skills",Extrovert,4-8 LPA,CFA,I prefer working alone,Visual,No,Yes,Financial Analyst
B.Tech,Computer Science,9.05,"JavaScript, Java","Teamwork, Problem-Solving",Ambivert,8-12 LPA,Coursera - Python for Everybody,I like a mix of both,Kinesthetic,Yes,No,Data Scientist
MBA,Marketing,8.86,"SEO, Google Analytics, Social Media Management, Digital Marketing","Creativity, Communication",Extrovert,8-12 LPA,Google Digital Marketing,I prefer working in a team,Visual,Yes,No,Marketing Manager
MBA,Marketing,7.76,"Social Media Management, SEO, Digital Marketing","Communication, Creativity",Extrovert,8-12 LPA,Google Digital Marketing,I prefer working in a team,Auditory,Maybe,No,Marketing Manager
B.Tech,Mechanical Engineering,7.43,"SolidWorks, AutoCAD, MATLAB","Problem-Solving, Teamwork",Ambivert,8-12 LPA,Certified SOLIDWORKS Professional,I prefer working in a team,Kinesthetic,Maybe,Yes,Mechanical Engineer
BBA,Marketing,8.96,"Google Analytics, Social Media Management, Digital Marketing","Creativity, Communication",Extrovert,12+ LPA,HubSpot Content Marketing,I prefer working in a team,Auditory,Maybe,No,Marketing Manager
B.Des,Graphic Design,8.93,"User Research, Sketch, Adobe XD","Problem-Solving, Empathy",Ambivert,12+ LPA,No Certification,I like a mix of both,Kinesthetic,Yes,No,UI/UX Designer
B.Tech,Human-Computer Interaction,8.19,"Adobe XD, Figma, Sketch, User Research","Problem-Solving, Empathy",Ambivert,8-12 LPA,No Certification,I like a mix of both,Visual,Yes,No,UI/UX Designer
B.Tech,Graphic Design,8.07,"Sketch, Figma, User Research","Creativity, Problem-Solving",Ambivert,12+ LPA,Nielsen Norman Group UX Certification,I like a mix of both,Kinesthetic,No,No,UI/UX Designer
MBA,Commerce,8.63,"SQL, Financial Modeling","Attention to Detail, Analytical Skills",Extrovert,4-8 LPA,CFA,I prefer working alone,Visual,Maybe,No,Financial Analyst
M.Tech,Computer Science,9.26,"TensorFlow, R, Scikit-learn, SQL","Problem-Solving, Critical Thinking",Ambivert,12+ LPA,IBM Data Science,I prefer working alone,Read/Write,Yes,No,AI Specialist
B.Tech,Computer Science,8.93,"Scikit-learn, R, Python, TensorFlow, SQL","Problem-Solving, Critical Thinking",Introvert,8-12 LPA,IBM Data Science,I prefer working alone,Visual,Yes,Yes,Data Scientist
B.Tech,Mechanical Engineering,7.16,"SolidWorks, AutoCAD","Problem-Solving, Teamwork",Ambivert,4-8 LPA,Certified SOLIDWORKS Professional,I prefer working in a team,Kinesthetic,Yes,Yes,Mechanical Engineer
M.Tech,Data Science,9.6,"R, Python, SQL, TensorFlow","Problem-Solving, Critical Thinking",Ambivert,8-12 LPA,IBM Data Science,I prefer working alone,Visual,Yes,Yes,Data Scientist
B.Des,Human-Computer Interaction,7.98,"Figma, Adobe XD","Problem-Solving, Empathy",Ambivert,8-12 LPA,Nielsen Norman Group UX Certification,I like a mix of both,Kinesthetic,No,No,UI/UX Designer
B.Com,Commerce,9.03,"MS Excel, Tableau","Analytical Skills, Attention to Detail",Ambivert,4-8 LPA,No Certification,I prefer working alone,Read/Write,Maybe,No,Financial Analyst
M.Tech,AI & ML,8.95,"NLP, PyTorch","Research, Critical Thinking",Introvert,12+ LPA,Deep Learning Specialization,I prefer working alone,Read/Write,Yes,Yes,AI Specialist
M.Tech,Computer Science,8.85,"TensorFlow, Computer Vision, PyTorch","Research, Critical Thinking",Introvert,12+ LPA,TensorFlow Developer,I prefer working alone,Read/Write,Yes,Yes,AI Specialist
B.Tech,Computer Science,8.06,"Python, JavaScript, Git","Problem-Solving, Teamwork",Ambivert,8-12 LPA,No Certification,I prefer working alone,Kinesthetic,Maybe,No,Software Developer
M.Tech,AI & ML,9.55,"TensorFlow, NLP","Research, Critical Thinking",Introvert,12+ LPA,Deep Learning Specialization,I prefer working alone,Read/Write,Yes,Yes,AI Specialist
M.Tech,Computer Science,9.45,"NLP, TensorFlow","Research, Critical Thinking",Introvert,12+ LPA,TensorFlow Developer,I prefer working alone,Read/Write,Yes,Yes,AI Specialist
B.Tech,Computer Science,8.65,"Python, SQL, Git, JavaScript, Java","Teamwork, Problem-Solving",Introvert,12+ LPA,No Certification,I like a mix of both,Kinesthetic,Yes,No,Software Developer
B.Des,Fine Arts,8.73,"Figma, Adobe Illustrator","Creativity, Attention to Detail",Introvert,4-8 LPA,Adobe Certified Expert (ACE),I like a mix of both,Visual,No,No,Graphic Designer
B.Tech,Computer Science,8.53,"JavaScript, Git, SQL","Teamwork, Problem-Solving",Ambivert,8-12 LPA,Coursera - Python for Everybody,I like a mix of both,Visual,Yes,No,Software Developer
MBA,Commerce,7.63,"MS Excel, SQL","Attention to Detail, Analytical Skills",Ambivert,8-12 LPA,CFA,I prefer working alone,Read/Write,No,Yes,Financial Analyst
MBA,Marketing,7.62,"SEO, Digital Marketing","Communication, Leadership",Extrovert,8-12 LPA,Google Digital Marketing,I prefer working in a team,Visual,Yes,No,Social Media Manager
B.Tech,Data Science,9.75,"Scikit-learn, Python","Problem-Solving, Critical Thinking",Ambivert,12+ LPA,IBM Data Science,I prefer working alone,Visual,Yes,Yes,Data Scientist
B.Tech,Computer Science,8.57,"Python, Scikit-learn","Critical Thinking, Problem-Solving",Introvert,8-12 LPA,Google Data Analytics,I prefer working alone,Visual,Yes,No,Data Scientist
B.Tech,Computer Science,9.8,"Python, JavaScript, Java","Problem-Solving, Teamwork",Introvert,12+ LPA,No Certification,I prefer working alone,Kinesthetic,Maybe,No,Software Developer
M.Tech,AI & ML,9.79,"Python, NLP","Critical Thinking, Research",Introvert,12+ LPA,Deep Learning Specialization,I prefer working alone,Read/Write,Yes,Yes,AI Specialist
MBA,Marketing,8.6,"SEO, Google Analytics, Digital Marketing","Communication, Leadership",Extrovert,8-12 LPA,HubSpot Content Marketing,I prefer working in a team,Visual,Maybe,No,Marketing Manager
B.Tech,Mechanical Engineering,8.61,"MATLAB, SolidWorks","Teamwork, Problem-Solving",Ambivert,8-12 LPA,Certified SOLIDWORKS Professional,I prefer working in a team,Kinesthetic,Yes,Yes,Mechanical Engineer
B.Com,Commerce,8.37,"Financial Modeling, SQL, Tableau","Analytical Skills, Attention to Detail",Ambivert,8-12 LPA,CFA,I prefer working alone,Visual,No,No,Financial Analyst
B.Tech,Computer Science,8.76,"SQL, Python, Java, JavaScript","Teamwork, Problem-Solving",Ambivert,12+ LPA,Coursera - Python for Everybody,I like a mix of both,Kinesthetic,Maybe,No,Software Developer
BBA,Marketing,7.18,"Google Analytics, Social Media Management, SEO","Creativity, Leadership",Extrovert,12+ LPA,Google Digital Marketing,I prefer working in a team,Visual,Yes,No,Social Media Manager
BBA,Marketing,7.15,"Google Analytics, Social Media Management","Communication, Leadership",Extrovert,8-12 LPA,Google Digital Marketing,I prefer working in a team,Auditory,Yes,No,Marketing Manager
Diploma,Mechanical Engineering,8.06,"SolidWorks, MATLAB, AutoCAD","Problem-Solving, Teamwork",Ambivert,8-12 LPA,Certified SOLIDWORKS Professional,I prefer working in a team,Kinesthetic,Yes,Yes,Mechanical Engineer
Diploma,Mechanical Engineering,8.77,"AutoCAD, MATLAB, SolidWorks","Teamwork, Problem-Solving",Ambivert,4-8 LPA,Certified SOLIDWORKS Professional,I prefer working in a team,Kinesthetic,Yes,Yes,Civil Engineer
B.Des,Fine Arts,7.46,"Figma, Adobe Illustrator","Attention to Detail, Creativity",Introvert,Less than 4 LPA,No Certification,I like a mix of both,Kinesthetic,No,Yes,UI/UX Designer
B.Com,Finance,9.01,"SQL, MS Excel, Tableau","Analytical Skills, Attention to Detail",Ambivert,8-12 LPA,CFA,I prefer working alone,Visual,Maybe,Yes,Financial Analyst
B.Tech,Computer Science,9.07,"Scikit-learn, SQL, Python, TensorFlow, R","Problem-Solving, Critical Thinking",Introvert,12+ LPA,Google Data Analytics,I prefer working alone,Visual,Yes,No,AI Specialist
MBA,Finance,7.69,"Financial Modeling, MS Excel, Tableau, SQL","Analytical Skills, Attention to Detail",Ambivert,4-8 LPA,No Certification,I prefer working alone,Read/Write,No,No,Business Analyst
B.A.,Graphic Design,8.83,"Figma, Adobe Photoshop, Adobe Illustrator","Attention to Detail, Creativity",Introvert,Less than 4 LPA,No Certification,I prefer working alone,Kinesthetic,No,No,Graphic Designer
M.Tech,Data Science,8.65,"TensorFlow, SQL","Critical Thinking, Problem-Solving",Introvert,8-12 LPA,IBM Data Science,I prefer working alone,Visual,Yes,Yes,Data Scientist
B.Tech,Computer Science,8.3,"Python, Java, SQL","Teamwork, Problem-Solving",Introvert,8-12 LPA,Coursera - Python for Everybody,I prefer working alone,Kinesthetic,Maybe,No,Software Developer
B.A.,Fine Arts,6.85,"Figma, Adobe Photoshop","Creativity, Attention to Detail",Introvert,4-8 LPA,Adobe Certified Expert (ACE),I like a mix of both,Kinesthetic,No,Yes,Graphic Designer
M.Tech,Computer Science,9.97,"NLP, Python, PyTorch, Computer Vision","Research, Critical Thinking",Introvert,12+ LPA,TensorFlow Developer,I prefer working alone,Read/Write,Yes,Yes,AI Specialist
B.Tech,Graphic Design,8.08,"Figma, User Research, Sketch","Creativity, Empathy",Ambivert,12+ LPA,No Certification,I like a mix of both,Kinesthetic,Yes,No,UI/UX Designer
B.Des,Graphic Design,8.96,"Figma, Adobe XD, User Research","Problem-Solving, Empathy",Ambivert,8-12 LPA,No Certification,I like a mix of both,Kinesthetic,No,No,UI/UX Designer
B.Com,Finance,7.96,"Tableau, Financial Modeling, MS Excel","Analytical Skills, Attention to Detail",Ambivert,8-12 LPA,CFA,I prefer working alone,Visual,Maybe,Yes,Financial Analyst
M.Tech,AI & ML,9.09,"Computer Vision, Python","Critical Thinking, Research",Introvert,12+ LPA,TensorFlow Developer,I prefer working alone,Read/Write,Yes,Yes,AI Specialist
MBA,Marketing,8.51,"Social Media Management, SEO, Google Analytics","Leadership, Communication",Extrovert,12+ LPA,Google Digital Marketing,I prefer working in a team,Auditory,Maybe,No,Social Media Manager
B.Tech,Data Science,8.63,"Python, Scikit-learn, TensorFlow","Critical Thinking, Problem-Solving",Ambivert,8-12 LPA,IBM Data Science,I prefer working alone,Read/Write,Yes,No,Data Scientist
BBA,Marketing,7.56,"Digital Marketing, Google Analytics, SEO, Social Media Management","Creativity, Leadership",Extrovert,12+ LPA,HubSpot Content Marketing,I prefer working in a team,Auditory,Yes,No,Marketing Manager
M.Tech,Computer Science,8.59,"Scikit-learn, Python","Critical Thinking, Problem-Solving",Ambivert,12+ LPA,IBM Data Science,I prefer working alone,Visual,Yes,No,AI Specialist
B.Com,Finance,7.68,"MS Excel, Financial Modeling","Analytical Skills, Attention to Detail",Extrovert,4-8 LPA,CFA,I prefer working alone,Visual,Maybe,No,Financial Analyst
M.Tech,Computer Science,9.09,"R, TensorFlow","Problem-Solving, Critical Thinking",Ambivert,12+ LPA,Google Data Analytics,I prefer working alone,Read/Write,Yes,Yes,Data Scientist
B.Tech,Computer Science,8.26,"JavaScript, SQL, Git","Problem-Solving, Teamwork",Ambivert,8-12 LPA,No Certification,I like a mix of both,Kinesthetic,Yes,No,Software Developer
M.Tech,AI & ML,9.54,"NLP, Computer Vision, Python","Research, Critical Thinking",Introvert,12+ LPA,TensorFlow Developer,I prefer working alone,Read/Write,Yes,Yes,AI Specialist
B.Des,Human-Computer Interaction,9.01,"Sketch, Adobe XD","Problem-Solving, Empathy",Ambivert,12+ LPA,Nielsen Norman Group UX Certification,I like a mix of both,Visual,No,No,UI/UX Designer
B.Tech,Computer Science,8.68,"Java, JavaScript, Git","Problem-Solving, Teamwork",Introvert,8-12 LPA,Coursera - Python for Everybody,I prefer working alone,Kinesthetic,Yes,No,Software Developer
B.Tech,Computer Science,8.38,"Python, SQL, Java, JavaScript, Git","Problem-Solving, Teamwork",Introvert,12+ LPA,Coursera - Python for Everybody,I prefer working alone,Visual,Maybe,No,Software Developer
B.Des,Human-Computer Interaction,8.27,"Sketch, Adobe XD, Figma","Problem-Solving, Creativity",Ambivert,8-12 LPA,No Certification,I like a mix of both,Visual,Yes,No,UI/UX Designer
B.Des,Graphic Design,8.88,"Adobe Photoshop, Adobe Illustrator","Attention to Detail, Creativity",Ambivert,4-8 LPA,Adobe Certified Expert (ACE),I like a mix of both,Visual,No,No,UI/UX Designer
B.A.,Graphic Design,8.45,"Adobe Photoshop, Figma","Attention to Detail, Creativity",Ambivert,Less than 4 LPA,Adobe Certified Expert (ACE),I like a mix of both,Kinesthetic,No,No,Graphic Designer
M.Tech,Computer Science,9.83,"TensorFlow, Computer Vision","Critical Thinking, Research",Introvert,12+ LPA,Deep Learning Specialization,I prefer working alone,Read/Write,Yes,Yes,AI Specialist
B.Tech,Computer Science,8.82,"JavaScript, Python","Problem-Solving, Teamwork",Introvert,8-12 LPA,Coursera - Python for Everybody,I prefer working alone,Visual,Yes,No,Data Scientist
B.A.,Graphic Design,7.32,"Adobe Photoshop, Figma","Creativity, Attention to Detail",Ambivert,Less than 4 LPA,Adobe Certified Expert (ACE),I prefer working alone,Kinesthetic,No,No,Graphic Designer
BBA,Business Administration,8.7,"Social Media Management, Google Analytics","Creativity, Communication",Extrovert,8-12 LPA,HubSpot Content Marketing,I prefer working in a team,Visual,Maybe,No,Social Media Manager
B.Tech,Computer Science,8.13,"JavaScript, Git, SQL, Python","Problem-Solving, Teamwork",Ambivert,8-12 LPA,No Certification,I prefer working alone,Kinesthetic,Maybe,No,Software Developer
MBA,Finance,8.75,"Financial Modeling, MS Excel, SQL","Attention to Detail, Analytical Skills",Ambivert,4-8 LPA,No Certification,I prefer working alone,Read/Write,Maybe,No,Business Analyst
M.Tech,Computer Science,9.9,"Computer Vision, TensorFlow, NLP, Python, PyTorch","Critical Thinking, Research",Introvert,12+ LPA,Deep Learning Specialization,I prefer working alone,Read/Write,Yes,Yes,AI Specialist
MBA,Commerce,7.89,"MS Excel, Tableau","Analytical Skills, Attention to Detail",Ambivert,4-8 LPA,No Certification,I prefer working alone,Read/Write,No,Yes,Financial Analyst
MBA,Marketing,7.15,"Social Media Management, Digital Marketing","Creativity, Leadership",Extrovert,8-12 LPA,Google Digital Marketing,I prefer working in a team,Auditory,Maybe,No,Marketing Manager
B.Com,Commerce,7.69,"Financial Modeling, SQL","Attention to Detail, Analytical Skills",Extrovert,4-8 LPA,CFA,I prefer working alone,Read/Write,No,Yes,Financial Analyst
B.A.,Graphic Design,7.44,"Adobe Photoshop, Figma","Attention to Detail, Creativity",Introvert,Less than 4 LPA,Adobe Certified Expert (ACE),I prefer working alone,Visual,No,No,UI/UX Designer
B.Tech,Graphic Design,8.56,"User Research, Figma, Sketch, Adobe XD","Creativity, Empathy",Ambivert,12+ LPA,No Certification,I like a mix of both,Visual,No,No,UI/UX Designer
B.Des,Graphic Design,6.62,"Adobe Photoshop, Adobe Illustrator, Figma","Creativity, Attention to Detail",Introvert,Less than 4 LPA,No Certification,I prefer working alone,Visual,No,Yes,Graphic Designer
BBA,Business Administration,8.38,"Social Media Management, Google Analytics","Communication, Creativity",Extrovert,12+ LPA,Google Digital Marketing,I prefer working in a team,Visual,Maybe,No,Marketing Manager
B.Des,Graphic Design,8.58,"Sketch, Figma, Adobe XD, User Research","Creativity, Empathy",Ambivert,12+ LPA,No Certification,I like a mix of both,Visual,No,No,UI/UX Designer
B.Tech,Data Science,9.01,"TensorFlow, R","Problem-Solving, Critical Thinking",Ambivert,12+ LPA,IBM Data Science,I prefer working alone,Read/Write,Yes,Yes,Data Scientist
B.Des,Graphic Design,7.26,"Adobe Illustrator, Figma, Adobe Photoshop","Creativity, Attention to Detail",Ambivert,Less than 4 LPA,Adobe Certified Expert (ACE),I prefer working alone,Kinesthetic,No,Yes,Graphic Designer
B.Tech,Computer Science,8.25,"Python, Java, SQL","Problem-Solving, Teamwork",Ambivert,12+ LPA,Coursera - Python for Everybody,I prefer working alone,Kinesthetic,Yes,No,Software Developer
M.Tech,Computer Science,9.18,"NLP, Python, PyTorch, Computer Vision","Research, Critical Thinking",Introvert,12+ LPA,TensorFlow Developer,I prefer working alone,Read/Write,Yes,Yes,AI Specialist
B.Des,Human-Computer Interaction,7.71,"Figma, User Research, Sketch, Adobe XD","Empathy, Creativity",Ambivert,12+ LPA,No Certification,I like a mix of both,Kinesthetic,Yes,No,UI/UX Designer
B.Tech,Data Science,8.58,"SQL, TensorFlow, R, Python","Critical Thinking, Problem-Solving",Introvert,12+ LPA,Google Data Analytics,I prefer working alone,Read/Write,Yes,No,Data Scientist
B.Tech,Graphic Design,8.48,"User Research, Adobe XD, Figma","Creativity, Empathy",Ambivert,8-12 LPA,Nielsen Norman Group UX Certification,I like a mix of both,Kinesthetic,No,No,UI/UX Designer
B.Tech,Data Science,9.66,"TensorFlow, Scikit-learn","Problem-Solving, Critical Thinking",Introvert,12+ LPA,Google Data Analytics,I prefer working alone,Visual,Yes,No,Data Scientist
B.Com,Finance,9.06,"Financial Modeling, SQL, Tableau, MS Excel","Analytical Skills, Attention to Detail",Ambivert,8-12 LPA,No Certification,I prefer working alone,Visual,Maybe,Yes,Financial Analyst
MBA,Commerce,8.13,"Financial Modeling, MS Excel","Analytical Skills, Attention to Detail",Extrovert,8-12 LPA,No Certification,I prefer working alone,Read/Write,Maybe,No,Financial Analyst
B.Des,Graphic Design,8.25,"Adobe Photoshop, Figma","Creativity, Attention to Detail",Ambivert,Less than 4 LPA,No Certification,I prefer working alone,Kinesthetic,No,No,Graphic Designer
B.Tech,Computer Science,9.18,"Git, SQL, Python","Problem-Solving, Teamwork",Ambivert,12+ LPA,No Certification,I like a mix of both,Visual,Maybe,No,Software Developer
M.Tech,Computer Science,8.92,"NLP, TensorFlow, Python","Research, Critical Thinking",Introvert,12+ LPA,Deep Learning Specialization,I prefer working alone,Read/Write,Yes,Yes,AI Specialist
MBA,Marketing,8.11,"Social Media Management, Digital Marketing","Creativity, Communication",Extrovert,12+ LPA,Google Digital Marketing,I prefer working in a team,Auditory,Yes,No,Marketing Manager
MBA,Business Administration,8.02,"Digital Marketing, SEO, Social Media Management, Google Analytics","Communication, Creativity",Extrovert,12+ LPA,HubSpot Content Marketing,I prefer working in a team,Visual,Yes,No,Marketing Manager
BBA,Business Administration,7.22,"Social Media Management, SEO","Leadership, Creativity",Extrovert,12+ LPA,Google Digital Marketing,I prefer working in a team,Visual,Maybe,No,Marketing Manager
B.Tech,Computer Science,8.72,"Python, JavaScript, Java, SQL, Git","Teamwork, Problem-Solving",Ambivert,8-12 LPA,Coursera - Python for Everybody,I like a mix of both,Visual,Maybe,No,Data Scientist
B.Tech,Computer Science,8.92,"SQL, Python, JavaScript","Teamwork, Problem-Solving",Ambivert,12+ LPA,No Certification,I like a mix of both,Visual,Yes,No,Software Developer
Diploma,Mechanical Engineering,7.52,"AutoCAD, MATLAB","Problem-Solving, Teamwork",Ambivert,4-8 LPA,No Certification,I prefer working in a team,Kinesthetic,Maybe,Yes,Mechanical Engineer
B.Tech,Human-Computer Interaction,8.76,"Figma, User Research","Empathy, Creativity",Ambivert,8-12 LPA,Nielsen Norman Group UX Certification,I like a mix of both,Kinesthetic,Yes,No,UI/UX Designer
B.Des,Graphic Design,8.14,"Figma, Adobe Illustrator","Attention to Detail, Creativity",Ambivert,Less than 4 LPA,Adobe Certified Expert (ACE),I prefer working alone,Visual,No,No,UI/UX Designer
MBA,Finance,8.31,"SQL, MS Excel, Tableau, Financial Modeling","Analytical Skills, Attention to Detail",Extrovert,4-8 LPA,No Certification,I prefer working alone,Visual,Maybe,No,Financial Analyst
B.Des,Fine Arts,7.89,"Adobe Photoshop, Adobe Illustrator, Figma","Attention to Detail, Creativity",Ambivert,4-8 LPA,Adobe Certified Expert (ACE),I prefer working alone,Visual,No,No,Graphic Designer
B.Des,Fine Arts,7.17,"Adobe Photoshop, Figma, Adobe Illustrator","Attention to Detail, Creativity",Introvert,4-8 LPA,No Certification,I prefer working alone,Visual,No,No,Graphic Designer
B.Tech,Computer Science,9.74,"SQL, Python","Problem-Solving, Teamwork",Introvert,8-12 LPA,Coursera - Python for Everybody,I like a mix of both,Visual,Maybe,No,Software Developer
Diploma,Mechanical Engineering,8.5,"AutoCAD, SolidWorks, MATLAB","Teamwork, Problem-Solving",Ambivert,8-12 LPA,Certified SOLIDWORKS Professional,I prefer working in a team,Kinesthetic,Yes,Yes,Mechanical Engineer
M.Tech,Data Science,9.35,"Scikit-learn, SQL, TensorFlow, R","Critical Thinking, Problem-Solving",Ambivert,8-12 LPA,IBM Data Science,I prefer working alone,Visual,Yes,No,Data Scientist
B.Tech,Computer Science,8.88,"JavaScript, SQL, Git, Java","Problem-Solving, Teamwork",Ambivert,8-12 LPA,No Certification,I like a mix of both,Visual,Maybe,No,Software Developer
M.Tech,Data Science,9.15,"Scikit-learn, R, SQL","Critical Thinking, Problem-Solving",Ambivert,12+ LPA,Google Data Analytics,I prefer working alone,Read/Write,Yes,Yes,Data Scientist
M.Tech,Computer Science,9.35,"TensorFlow, NLP","Research, Critical Thinking",Introvert,12+ LPA,TensorFlow Developer,I prefer working alone,Read/Write,Yes,Yes,AI Specialist
B.Des,Graphic Design,6.75,"Figma, Adobe Illustrator, Adobe Photoshop","Attention to Detail, Creativity",Introvert,Less than 4 LPA,Adobe Certified Expert (ACE),I prefer working alone,Kinesthetic,No,No,Graphic Designer
B.Tech,Mechanical Engineering,7.88,"AutoCAD, MATLAB","Problem-Solving, Teamwork",Ambivert,8-12 LPA,No Certification,I prefer working in a team,Kinesthetic,Maybe,Yes,Mechanical Engineer
M.Tech,Data Science,9.64,"SQL, Scikit-learn","Critical Thinking, Problem-Solving",Ambivert,12+ LPA,Google Data Analytics,I prefer working alone,Visual,Yes,Yes,Data Scientist
B.Com,Commerce,8.86,"Tableau, MS Excel, Financial Modeling","Attention to Detail, Analytical Skills",Extrovert,8-12 LPA,No Certification,I prefer working alone,Visual,Maybe,No,Financial Analyst
Diploma,Mechanical Engineering,7.4,"AutoCAD, MATLAB","Problem-Solving, Teamwork",Ambivert,4-8 LPA,No Certification,I prefer working in a team,Kinesthetic,Maybe,Yes,Mechanical Engineer
B.Tech,Data Science,8.95,"Scikit-learn, TensorFlow, R, Python, SQL","Problem-Solving, Critical Thinking",Ambivert,12+ LPA,IBM Data Science,I prefer working alone,Visual,Yes,No,AI Specialist
M.Tech,Computer Science,9.5,"Python, PyTorch, Computer Vision, NLP, TensorFlow","Critical Thinking, Research",Introvert,12+ LPA,Deep Learning Specialization,I prefer working alone,Read/Write,Yes,Yes,AI Specialist
MBA,Finance,8.24,"MS Excel, Financial Modeling, SQL","Attention to Detail, Analytical Skills",Extrovert,8-12 LPA,CFA,I prefer working alone,Read/Write,Maybe,No,Financial Analyst
Diploma,Mechanical Engineering,7.4,"MATLAB, SolidWorks","Problem-Solving, Teamwork",Ambivert,4-8 LPA,No Certification,I prefer working in a team,Kinesthetic,Yes,Yes,Mechanical Engineer
B.Tech,Data Science,9.04,"Scikit-learn, SQL","Problem-Solving, Critical Thinking",Introvert,8-12 LPA,Google Data Analytics,I prefer working alone,Read/Write,Yes,Yes,Data Scientist
M.Tech,Computer Science,9.2,"NLP, TensorFlow","Research, Critical Thinking",Introvert,12+ LPA,Deep Learning Specialization,I prefer working alone,Read/Write,Yes,Yes,AI Specialist
B.Tech,Computer Science,8.62,"Git, JavaScript","Teamwork, Problem-Solving",Ambivert,12+ LPA,No Certification,I like a mix of both,Visual,Yes,No,Software Developer
B.Tech,Mechanical Engineering,7.86,"AutoCAD, SolidWorks","Teamwork, Problem-Solving",Ambivert,8-12 LPA,No Certification,I prefer working in a team,Kinesthetic,Yes,Yes,Mechanical Engineer
B.Tech,Mechanical Engineering,7.78,"MATLAB, AutoCAD, SolidWorks","Problem-Solving, Teamwork",Ambivert,4-8 LPA,No Certification,I prefer working in a team,Kinesthetic,Maybe,Yes,Mechanical Engineer
B.Tech,Data Science,8.8,"Python, R, Scikit-learn, TensorFlow, SQL","Critical Thinking, Problem-Solving",Ambivert,8-12 LPA,IBM Data Science,I prefer working alone,Read/Write,Yes,Yes,Data Scientist
B.Tech,Computer Science,8.65,"Python, Git","Teamwork, Problem-Solving",Ambivert,12+ LPA,No Certification,I like a mix of both,Visual,Yes,No,Software Developer
MBA,Business Administration,8.87,"SEO, Digital Marketing, Google Analytics, Social Media Management","Communication, Leadership",Extrovert,8-12 LPA,Google Digital Marketing,I prefer working in a team,Auditory,Maybe,No,Marketing Manager
B.Tech,Human-Computer Interaction,8.67,"Adobe XD, User Research, Figma","Creativity, Empathy",Ambivert,8-12 LPA,No Certification,I like a mix of both,Kinesthetic,Yes,No,Graphic Designer
B.Tech,Graphic Design,8.29,"User Research, Figma, Adobe XD","Creativity, Empathy",Ambivert,12+ LPA,No Certification,I like a mix of both,Kinesthetic,No,No,Graphic Designer
B.A.,Fine Arts,8.13,"Figma, Adobe Photoshop","Attention to Detail, Creativity",Ambivert,4-8 LPA,Adobe Certified Expert (ACE),I prefer working alone,Kinesthetic,No,Yes,Graphic Designer
B.Tech,Graphic Design,8.04,"Sketch, Adobe XD","Empathy, Creativity",Ambivert,8-12 LPA,No Certification,I like a mix of both,Visual,Yes,No,UI/UX Designer
B.Des,Graphic Design,8.55,"User Research, Adobe XD","Creativity, Problem-Solving",Ambivert,8-12 LPA,No Certification,I like a mix of both,Visual,Yes,No,UI/UX Designer
M.Tech,Computer Science,9.53,"R, Python, SQL, TensorFlow, Scikit-learn","Critical Thinking, Problem-Solving",Ambivert,8-12 LPA,Google Data Analytics,I prefer working alone,Visual,Yes,Yes,Data Scientist
B.Tech,Human-Computer Interaction,8.55,"User Research, Figma, Adobe XD, Sketch","Problem-Solving, Creativity",Ambivert,8-12 LPA,Nielsen Norman Group UX Certification,I like a mix of both,Visual,No,No,UI/UX Designer
B.Tech,Mechanical Engineering,7.45,"AutoCAD, MATLAB","Teamwork, Problem-Solving",Ambivert,4-8 LPA,No Certification,I prefer working in a team,Kinesthetic,Maybe,Yes,Mechanical Engineer
B.Tech,Data Science,9.62,"Python, SQL, R, Scikit-learn","Critical Thinking, Problem-Solving",Introvert,12+ LPA,Google Data Analytics,I prefer working alone,Read/Write,Yes,Yes,Data Scientist
B.Tech,Computer Science,9.36,"Git, Python, SQL, Java","Problem-Solving, Teamwork",Ambivert,12+ LPA,Coursera - Python for Everybody,I prefer working alone,Visual,Maybe,No,Data Scientist
MBA,Commerce,8.57,"Tableau, SQL, MS Excel, Financial Modeling","Analytical Skills, Attention to Detail",Ambivert,4-8 LPA,No Certification,I prefer working alone,Read/Write,Maybe,Yes,Financial Analyst
M.Tech,AI & ML,9.04,"PyTorch, TensorFlow, NLP","Research, Critical Thinking",Introvert,12+ LPA,TensorFlow Developer,I prefer working alone,Read/Write,Yes,Yes,AI Specialist
M.Tech,AI & ML,8.82,"TensorFlow, Computer Vision, NLP, Python, PyTorch","Research, Critical Thinking",Introvert,12+ LPA,Deep Learning Specialization,I prefer working alone,Read/Write,Yes,Yes,AI Specialist
B.Com,Finance,8.85,"SQL, MS Excel, Tableau, Financial Modeling","Analytical Skills, Attention to Detail",Ambivert,8-12 LPA,No Certification,I prefer working alone,Visual,Maybe,Yes,Financial Analyst
B.Des,Fine Arts,8.75,"Figma, Adobe Illustrator, Adobe Photoshop","Creativity, Attention to Detail",Introvert,4-8 LPA,Adobe Certified Expert (ACE),I like a mix of both,Kinesthetic,No,No,UI/UX Designer
M.Tech,AI & ML,8.9,"PyTorch, TensorFlow","Research, Critical Thinking",Introvert,12+ LPA,TensorFlow Developer,I prefer working alone,Read/Write,Yes,Yes,AI Specialist
BBA,Marketing,8.42,"Social Media Management, Google Analytics, Digital Marketing, SEO","Communication, Leadership",Extrovert,12+ LPA,HubSpot Content Marketing,I prefer working in a team,Auditory,Yes,No,Marketing Manager
M.Tech,Computer Science,9.15,"Python, TensorFlow","Research, Critical Thinking",Introvert,12+ LPA,Deep Learning Specialization,I prefer working alone,Read/Write,Yes,Yes,AI Specialist
M.Tech,AI & ML,9.8,"NLP, Python","Research, Critical Thinking",Introvert,12+ LPA,TensorFlow Developer,I prefer working alone,Read/Write,Yes,Yes,AI Specialist
MBA,Marketing,7.48,"Google Analytics, Digital Marketing","Creativity, Leadership",Extrovert,8-12 LPA,HubSpot Content Marketing,I prefer working in a team,Auditory,Maybe,No,Marketing Manager
M.Tech,Computer Science,8.89,"Python, PyTorch, TensorFlow, NLP","Critical Thinking, Research",Introvert,12+ LPA,TensorFlow Developer,I prefer working alone,Read/Write,Yes,Yes,AI Specialist
B.Com,Commerce,8.02,"SQL, Tableau","Analytical Skills, Attention to Detail",Extrovert,4-8 LPA,No Certification,I prefer working alone,Read/Write,Maybe,No,Financial Analyst
B.Des,Graphic Design,7.03,"Adobe Photoshop, Adobe Illustrator","Creativity, Attention to Detail",Ambivert,4-8 LPA,No Certification,I like a mix of both,Visual,No,Yes,Graphic Designer
B.Tech,Computer Science,8.74,"SQL, Python, Git, JavaScript","Problem-Solving, Teamwork",Ambivert,12+ LPA,No Certification,I prefer working alone,Visual,Maybe,No,Software Developer
B.Com,Commerce,7.54,"SQL, Financial Modeling, MS Excel","Analytical Skills, Attention to Detail",Extrovert,4-8 LPA,No Certification,I prefer working alone,Read/Write,Maybe,Yes,Financial Analyst
B.Tech,Human-Computer Interaction,8.05,"Sketch, Adobe XD, User Research","Creativity, Problem-Solving",Ambivert,8-12 LPA,No Certification,I like a mix of both,Visual,Yes,No,UI/UX Designer
B.Tech,Mechanical Engineering,7.44,"SolidWorks, AutoCAD","Teamwork, Problem-Solving",Ambivert,8-12 LPA,Certified SOLIDWORKS Professional,I prefer working in a team,Kinesthetic,Maybe,Yes,Mechanical Engineer
Diploma,Mechanical Engineering,7.54,"SolidWorks, AutoCAD, MATLAB","Problem-Solving, Teamwork",Ambivert,4-8 LPA,No Certification,I prefer working in a team,Kinesthetic,Maybe,Yes,Mechanical Engineer
MBA,Business Administration,7.81,"Google Analytics, Digital Marketing, SEO, Social Media Management","Leadership, Communication",Extrovert,8-12 LPA,Google Digital Marketing,I prefer working in a team,Auditory,Yes,No,Marketing Manager
B.Tech,Computer Science,9.44,"Python, JavaScript, Java","Problem-Solving, Teamwork",Introvert,12+ LPA,Coursera - Python for Everybody,I prefer working alone,Kinesthetic,Maybe,No,Software Developer
M.Tech,AI & ML,9.13,"TensorFlow, PyTorch, NLP, Python, Computer Vision","Research, Critical Thinking",Introvert,12+ LPA,Deep Learning Specialization,I prefer working alone,Read/Write,Yes,Yes,AI Specialist
M.Tech,Computer Science,9.47,"PyTorch, TensorFlow, Computer Vision, NLP, Python","Critical Thinking, Research",Introvert,12+ LPA,Deep Learning Specialization,I prefer working alone,Read/Write,Yes,Yes,AI Specialist
B.Tech,Mechanical Engineering,8.49,"SolidWorks, AutoCAD, MATLAB","Problem-Solving, Teamwork",Ambivert,8-12 LPA,Certified SOLIDWORKS Professional,I prefer working in a team,Kinesthetic,Maybe,Yes,Mechanical Engineer
B.Tech,Computer Science,8.21,"Git, Python, SQL, JavaScript, Java","Problem-Solving, Teamwork",Ambivert,12+ LPA,No Certification,I prefer working alone,Visual,Maybe,No,Software Developer
Diploma,Mechanical Engineering,8.22,"AutoCAD, MATLAB","Problem-Solving, Teamwork",Ambivert,4-8 LPA,Certified SOLIDWORKS Professional,I prefer working in a team,Kinesthetic,Maybe,Yes,Civil Engineer
M.Tech,Computer Science,9.57,"PyTorch, NLP","Critical Thinking, Research",Introvert,12+ LPA,TensorFlow Developer,I prefer working alone,Read/Write,Yes,Yes,AI Specialist
B.Tech,Graphic Design,8.12,"Adobe XD, Figma, User Research, Sketch","Problem-Solving, Empathy",Ambivert,8-12 LPA,No Certification,I like a mix of both,Kinesthetic,No,No,UI/UX Designer
BBA,Marketing,8.26,"Social Media Management, SEO, Digital Marketing","Communication, Creativity",Extrovert,12+ LPA,HubSpot Content Marketing,I prefer working in a team,Auditory,Yes,No,Social Media Manager
B.Tech,Graphic Design,9.03,"Adobe XD, Figma","Problem-Solving, Empathy",Ambivert,8-12 LPA,No Certification,I like a mix of both,Kinesthetic,No,No,UI/UX Designer
M.Tech,Computer Science,9.07,"PyTorch, Computer Vision","Research, Critical Thinking",Introvert,12+ LPA,TensorFlow Developer,I prefer working alone,Read/Write,Yes,Yes,AI Specialist
B.A.,Graphic Design,6.55,"Adobe Illustrator, Adobe Photoshop","Attention to Detail, Creativity",Introvert,Less than 4 LPA,Adobe Certified Expert (ACE),I like a mix of both,Kinesthetic,No,Yes,Graphic Designer
B.A.,Graphic Design,8.86,"Adobe Illustrator, Adobe Photoshop","Attention to Detail, Creativity",Introvert,Less than 4 LPA,Adobe Certified Expert (ACE),I like a mix of both,Kinesthetic,No,Yes,Graphic Designer
B.Tech,Computer Science,8.78,"JavaScript, Java, SQL, Git, Python","Problem-Solving, Teamwork",Ambivert,8-12 LPA,Coursera - Python for Everybody,I like a mix of both,Kinesthetic,Maybe,No,Software Developer
B.Tech,Computer Science,9.04,"JavaScript, Python, SQL, Java","Problem-Solving, Teamwork",Ambivert,12+ LPA,No Certification,I like a mix of both,Visual,Yes,No,Data Scientist
MBA,Business Administration,8.69,"Google Analytics, Digital Marketing","Creativity, Communication",Extrovert,8-12 LPA,Google Digital Marketing,I prefer working in a team,Visual,Maybe,No,Marketing Manager
B.Tech,Computer Science,8.13,"JavaScript, SQL, Python, Git","Problem-Solving, Teamwork",Introvert,12+ LPA,Coursera - Python for Everybody,I like a mix of both,Visual,Yes,No,Software Developer
Diploma,Mechanical Engineering,8.2,"MATLAB, SolidWorks, AutoCAD","Problem-Solving, Teamwork",Ambivert,8-12 LPA,No Certification,I prefer working in a team,Kinesthetic,Yes,Yes,Civil Engineer
MBA,Finance,8.17,"SQL, Financial Modeling","Attention to Detail, Analytical Skills",Ambivert,8-12 LPA,CFA,I prefer working alone,Visual,Maybe,Yes,Business Analyst
B.Tech,Data Science,9.37,"TensorFlow, SQL","Problem-Solving, Critical Thinking",Introvert,8-12 LPA,IBM Data Science,I prefer working alone,Visual,Yes,Yes,AI Specialist
MBA,Commerce,8.48,"Financial Modeling, Tableau, MS Excel","Attention to Detail, Analytical Skills",Extrovert,8-12 LPA,No Certification,I prefer working alone,Read/Write,No,Yes,Financial Analyst
B.A.,Fine Arts,7.58,"Adobe Illustrator, Figma, Adobe Photoshop","Attention to Detail, Creativity",Introvert,Less than 4 LPA,No Certification,I prefer working alone,Kinesthetic,No,Yes,Graphic Designer
B.A.,Graphic Design,7.13,"Figma, Adobe Photoshop","Attention to Detail, Creativity",Introvert,Less than 4 LPA,Adobe Certified Expert (ACE),I like a mix of both,Kinesthetic,No,No,Graphic Designer
B.Tech,Data Science,8.62,"SQL, Scikit-learn, Python","Critical Thinking, Problem-Solving",Introvert,12+ LPA,IBM Data Science,I prefer working alone,Read/Write,Yes,Yes,AI Specialist
B.A.,Fine Arts,7.62,"Adobe Photoshop, Adobe Illustrator","Creativity, Attention to Detail",Introvert,Less than 4 LPA,No Certification,I like a mix of both,Kinesthetic,No,No,Graphic Designer
MBA,Finance,8.35,"SQL, Tableau, Financial Modeling","Analytical Skills, Attention to Detail",Extrovert,4-8 LPA,No Certification,I prefer working alone,Visual,Maybe,Yes,Business Analyst
M.Tech,Computer Science,9.59,"Computer Vision, NLP","Research, Critical Thinking",Introvert,12+ LPA,Deep Learning Specialization,I prefer working alone,Read/Write,Yes,Yes,AI Specialist
B.Com,Commerce,7.59,"Financial Modeling, MS Excel","Attention to Detail, Analytical Skills",Extrovert,4-8 LPA,No Certification,I prefer working alone,Visual,Maybe,No,Financial Analyst
B.A.,Graphic Design,7.74,"Adobe Illustrator, Figma, Adobe Photoshop","Creativity, Attention to Detail",Introvert,Less than 4 LPA,No Certification,I like a mix of both,Visual,No,No,Graphic Designer
B.Tech,Graphic Design,9.16,"User Research, Figma, Sketch, Adobe XD","Creativity, Empathy",Ambivert,12+ LPA,Nielsen Norman Group UX Certification,I like a mix of both,Kinesthetic,No,No,UI/UX Designer
B.Com,Finance,8.22,"Financial Modeling, Tableau, SQL","Analytical Skills, Attention to Detail",Extrovert,4-8 LPA,CFA,I prefer working alone,Read/Write,Maybe,Yes,Financial Analyst
B.Des,Graphic Design,8.78,"Figma, Adobe Photoshop","Attention to Detail, Creativity",Ambivert,4-8 LPA,Adobe Certified Expert (ACE),I like a mix of both,Visual,No,Yes,Graphic Designer
B.Des,Fine Arts,6.79,"Adobe Illustrator, Figma, Adobe Photoshop","Creativity, Attention to Detail",Ambivert,Less than 4 LPA,No Certification,I prefer working alone,Visual,No,Yes,Graphic Designer
B.Tech,Mechanical Engineering,8.09,"SolidWorks, AutoCAD","Problem-Solving, Teamwork",Ambivert,4-8 LPA,No Certification,I prefer working in a team,Kinesthetic,Maybe,Yes,Mechanical Engineer
B.Des,Human-Computer Interaction,8.95,"User Research, Adobe XD","Empathy, Creativity",Ambivert,12+ LPA,No Certification,I like a mix of both,Visual,Yes,No,UI/UX Designer
M.Tech,AI & ML,9.57,"TensorFlow, Computer Vision, NLP","Critical Thinking, Research",Introvert,12+ LPA,Deep Learning Specialization,I prefer working alone,Read/Write,Yes,Yes,AI Specialist
Diploma,Mechanical Engineering,8.37,"AutoCAD, MATLAB","Problem-Solving, Teamwork",Ambivert,8-12 LPA,No Certification,I prefer working in a team,Kinesthetic,Yes,Yes,Mechanical Engineer
MBA,Business Administration,7.28,"SEO, Digital Marketing","Creativity, Communication",Extrovert,8-12 LPA,HubSpot Content Marketing,I prefer working in a team,Visual,Yes,No,Marketing Manager
B.Tech,Mechanical Engineering,8.66,"AutoCAD, SolidWorks, MATLAB","Teamwork, Problem-Solving",Ambivert,8-12 LPA,Certified SOLIDWORKS Professional,I prefer working in a team,Kinesthetic,Yes,Yes,Civil Engineer
B.Tech,Mechanical Engineering,7.12,"AutoCAD, SolidWorks, MATLAB","Problem-Solving, Teamwork",Ambivert,8-12 LPA,No Certification,I prefer working in a team,Kinesthetic,Yes,Yes,Mechanical Engineer
B.A.,Fine Arts,8.3,"Figma, Adobe Illustrator","Attention to Detail, Creativity",Ambivert,Less than 4 LPA,Adobe Certified Expert (ACE),I like a mix of both,Visual,No,Yes,Graphic Designer
M.Tech,AI & ML,9.5,"Computer Vision, Python","Research, Critical Thinking",Introvert,12+ LPA,TensorFlow Developer,I prefer working alone,Read/Write,Yes,Yes,AI Specialist
M.Tech,Computer Science,9.25,"PyTorch, Computer Vision","Critical Thinking, Research",Introvert,12+ LPA,Deep Learning Specialization,I prefer working alone,Read/Write,Yes,Yes,AI Specialist
B.Tech,Mechanical Engineering,7.44,"MATLAB, AutoCAD, SolidWorks","Teamwork, Problem-Solving",Ambivert,8-12 LPA,No Certification,I prefer working in a team,Kinesthetic,Yes,Yes,Mechanical Engineer
B.Tech,Human-Computer Interaction,8.95,"Adobe XD, User Research","Empathy, Creativity",Ambivert,8-12 LPA,No Certification,I like a mix of both,Kinesthetic,No,No,Graphic Designer
MBA,Finance,7.73,"MS Excel, Financial Modeling, Tableau","Attention to Detail, Analytical Skills",Ambivert,8-12 LPA,No Certification,I prefer working alone,Read/Write,Maybe,Yes,Business Analyst
B.Des,Graphic Design,6.52,"Adobe Photoshop, Figma","Attention to Detail, Creativity",Introvert,4-8 LPA,Adobe Certified Expert (ACE),I like a mix of both,Visual,No,No,UI/UX Designer
B.Tech,Computer Science,9.66,"Scikit-learn, R, Python, SQL","Problem-Solving, Critical Thinking",Introvert,8-12 LPA,Google Data Analytics,I prefer working alone,Read/Write,Yes,No,Data Scientist
MBA,Business Administration,8.09,"SEO, Social Media Management","Communication, Creativity",Extrovert,12+ LPA,HubSpot Content Marketing,I prefer working in a team,Auditory,Yes,No,Marketing Manager
B.Tech,Mechanical Engineering,7.16,"MATLAB, AutoCAD","Problem-Solving, Teamwork",Ambivert,8-12 LPA,No Certification,I prefer working in a team,Kinesthetic,Yes,Yes,Mechanical Engineer
MBA,Finance,8.92,"Tableau, SQL, Financial Modeling, MS Excel","Analytical Skills, Attention to Detail",Ambivert,8-12 LPA,CFA,I prefer working alone,Read/Write,Maybe,Yes,Financial Analyst
Diploma,Mechanical Engineering,7.92,"SolidWorks, AutoCAD","Teamwork, Problem-Solving",Ambivert,4-8 LPA,Certified SOLIDWORKS Professional,I prefer working in a team,Kinesthetic,Maybe,Yes,Mechanical Engineer
B.Des,Graphic Design,6.7,"Adobe Photoshop, Figma","Attention to Detail, Creativity",Introvert,Less than 4 LPA,Adobe Certified Expert (ACE),I prefer working alone,Kinesthetic,No,No,Graphic Designer
B.Tech,Computer Science,8.6,"Scikit-learn, SQL","Critical Thinking, Problem-Solving",Introvert,12+ LPA,Google Data Analytics,I prefer working alone,Read/Write,Yes,Yes,Data Scientist
B.Tech,Mechanical Engineering,8.85,"SolidWorks, MATLAB, AutoCAD","Problem-Solving, Teamwork",Ambivert,8-12 LPA,No Certification,I prefer working in a team,Kinesthetic,Maybe,Yes,Mechanical Engineer
MBA,Finance,8.15,"SQL, Financial Modeling, MS Excel, Tableau","Analytical Skills, Attention to Detail",Extrovert,4-8 LPA,No Certification,I prefer working alone,Read/Write,Maybe,Yes,Business Analyst
B.Tech,Data Science,9.79,"R, SQL, Python, Scikit-learn","Critical Thinking, Problem-Solving",Introvert,12+ LPA,IBM Data Science,I prefer working alone,Read/Write,Yes,No,Data Scientist
B.A.,Graphic Design,7.55,"Figma, Adobe Photoshop, Adobe Illustrator","Attention to Detail, Creativity",Ambivert,Less than 4 LPA,Adobe Certified Expert (ACE),I like a mix of both,Kinesthetic,No,Yes,UI/UX Designer
B.Des,Graphic Design,8.79,"Figma, User Research, Sketch","Problem-Solving, Creativity",Ambivert,8-12 LPA,No Certification,I like a mix of both,Visual,Yes,No,UI/UX Designer
B.A.,Graphic Design,8.13,"Adobe Photoshop, Figma","Attention to Detail, Creativity",Introvert,4-8 LPA,Adobe Certified Expert (ACE),I prefer working alone,Visual,No,Yes,Graphic Designer
M.Tech,AI & ML,9.88,"TensorFlow, Python","Critical Thinking, Research",Introvert,12+ LPA,TensorFlow Developer,I prefer working alone,Read/Write,Yes,Yes,AI Specialist
B.Des,Human-Computer Interaction,7.77,"User Research, Sketch, Adobe XD, Figma","Empathy, Creativity",Ambivert,8-12 LPA,No Certification,I like a mix of both,Kinesthetic,No,No,UI/UX Designer
B.A.,Graphic Design,8.62,"Adobe Illustrator, Adobe Photoshop, Figma","Creativity, Attention to Detail",Ambivert,4-8 LPA,Adobe Certified Expert (ACE),I prefer working alone,Kinesthetic,No,No,Graphic Designer
M.Tech,AI & ML,9.93,"PyTorch, Computer Vision, NLP, TensorFlow","Research, Critical Thinking",Introvert,12+ LPA,TensorFlow Developer,I prefer working alone,Read/Write,Yes,Yes,AI Specialist
M.Tech,Computer Science,8.77,"R, Scikit-learn, TensorFlow","Critical Thinking, Problem-Solving",Ambivert,8-12 LPA,IBM Data Science,I prefer working alone,Read/Write,Yes,Yes,Data Scientist
B.Des,Fine Arts,6.77,"Adobe Illustrator, Figma","Attention to Detail, Creativity",Ambivert,Less than 4 LPA,Adobe Certified Expert (ACE),I like a mix of both,Visual,No,Yes,Graphic Designer
B.Des,Graphic Design,8.86,"Adobe Illustrator, Figma","Attention to Detail, Creativity",Introvert,Less than 4 LPA,No Certification,I like a mix of both,Visual,No,Yes,UI/UX Designer
B.Tech,Mechanical Engineering,8.44,"MATLAB, AutoCAD, SolidWorks","Teamwork, Problem-Solving",Ambivert,4-8 LPA,No Certification,I prefer working in a team,Kinesthetic,Yes,Yes,Mechanical Engineer
MBA,Marketing,7.18,"Google Analytics, SEO, Digital Marketing","Communication, Creativity",Extrovert,12+ LPA,Google Digital Marketing,I prefer working in a team,Auditory,Maybe,No,Marketing Manager
B.Tech,Computer Science,8.91,"Python, JavaScript, SQL","Teamwork, Problem-Solving",Ambivert,8-12 LPA,Coursera - Python for Everybody,I prefer working alone,Kinesthetic,Yes,No,Software Developer
Diploma,Mechanical Engineering,7.49,"MATLAB, SolidWorks, AutoCAD","Problem-Solving, Teamwork",Ambivert,8-12 LPA,Certified SOLIDWORKS Professional,I prefer working in a team,Kinesthetic,Yes,Yes,Mechanical Engineer
B.Tech,Computer Science,8.88,"Python, JavaScript, SQL","Problem-Solving, Teamwork",Ambivert,12+ LPA,No Certification,I prefer working alone,Visual,Yes,No,Software Developer
M.Tech,Computer Science,9.55,"Computer Vision, TensorFlow","Research, Critical Thinking",Introvert,12+ LPA,Deep Learning Specialization,I prefer working alone,Read/Write,Yes,Yes,Data Scientist
B.Des,Graphic Design,8.85,"Figma, Adobe XD, Sketch","Problem-Solving, Empathy",Ambivert,12+ LPA,No Certification,I like a mix of both,Kinesthetic,Yes,No,UI/UX Designer
B.Tech,Graphic Design,8.95,"Figma, Adobe XD, Sketch, User Research","Empathy, Problem-Solving",Ambivert,8-12 LPA,Nielsen Norman Group UX Certification,I like a mix of both,Kinesthetic,Yes,No,UI/UX Designer
B.Des,Graphic Design,8.67,"Figma, Adobe Illustrator, Adobe Photoshop","Creativity, Attention to Detail",Introvert,4-8 LPA,No Certification,I prefer working alone,Visual,No,Yes,Graphic Designer
B.Tech,Computer Science,9.63,"SQL, Python, JavaScript, Java, Git","Teamwork, Problem-Solving",Introvert,12+ LPA,No Certification,I prefer working alone,Visual,Maybe,No,Software Developer
B.Tech,Human-Computer Interaction,8.66,"Sketch, User Research","Creativity, Empathy",Ambivert,8-12 LPA,No Certification,I like a mix of both,Visual,No,No,UI/UX Designer
B.Des,Graphic Design,7.12,"Adobe Illustrator, Adobe Photoshop","Creativity, Attention to Detail",Ambivert,Less than 4 LPA,Adobe Certified Expert (ACE),I like a mix of both,Kinesthetic,No,Yes,Graphic Designer
B.Tech,Mechanical Engineering,8.93,"SolidWorks, AutoCAD, MATLAB","Teamwork, Problem-Solving",Ambivert,4-8 LPA,No Certification,I prefer working in a team,Kinesthetic,Yes,Yes,Mechanical Engineer
MBA,Finance,7.97,"MS Excel, Financial Modeling, SQL, Tableau","Analytical Skills, Attention to Detail",Ambivert,4-8 LPA,No Certification,I prefer working alone,Visual,Maybe,No,Business Analyst
M.Tech,AI & ML,9.42,"PyTorch, NLP, Computer Vision","Critical Thinking, Research",Introvert,12+ LPA,TensorFlow Developer,I prefer working alone,Read/Write,Yes,Yes,AI Specialist
B.Tech,Mechanical Engineering,8.33,"AutoCAD, MATLAB","Teamwork, Problem-Solving",Ambivert,8-12 LPA,Certified SOLIDWORKS Professional,I prefer working in a team,Kinesthetic,Yes,Yes,Mechanical Engineer
B.Tech,Computer Science,9.37,"Git, Java, Python, SQL, JavaScript","Teamwork, Problem-Solving",Introvert,12+ LPA,Coursera - Python for Everybody,I like a mix of both,Kinesthetic,Maybe,No,Data Scientist
B.Des,Graphic Design,7.64,"Sketch, Figma, Adobe XD","Creativity, Problem-Solving",Ambivert,8-12 LPA,Nielsen Norman Group UX Certification,I like a mix of both,Visual,No,No,UI/UX Designer
B.Tech,Computer Science,9.23,"JavaScript, Python, Java, Git, SQL","Teamwork, Problem-Solving",Introvert,12+ LPA,No Certification,I prefer working alone,Visual,Maybe,No,Software Developer
B.Tech,Mechanical Engineering,8.33,"AutoCAD, MATLAB","Problem-Solving, Teamwork",Ambivert,4-8 LPA,Certified SOLIDWORKS Professional,I prefer working in a team,Kinesthetic,Maybe,Yes,Civil Engineer
B.Com,Commerce,9.06,"MS Excel, Tableau, SQL","Analytical Skills, Attention to Detail",Ambivert,4-8 LPA,CFA,I prefer working alone,Read/Write,Maybe,No,Financial Analyst
M.Tech,Computer Science,8.77,"Python, SQL, TensorFlow, Scikit-learn","Problem-Solving, Critical Thinking",Introvert,12+ LPA,Google Data Analytics,I prefer working alone,Read/Write,Yes,Yes,Data Scientist
M.Tech,Computer Science,9.73,"Scikit-learn, TensorFlow","Critical Thinking, Problem-Solving",Introvert,8-12 LPA,Google Data Analytics,I prefer working alone,Visual,Yes,No,Data Scientist
Diploma,Mechanical Engineering,8.73,"MATLAB, AutoCAD, SolidWorks","Problem-Solving, Teamwork",Ambivert,8-12 LPA,Certified SOLIDWORKS Professional,I prefer working in a team,Kinesthetic,Yes,Yes,Mechanical Engineer
B.Des,Graphic Design,7.64,"Figma, Adobe Photoshop, Adobe Illustrator","Creativity, Attention to Detail",Ambivert,Less than 4 LPA,Adobe Certified Expert (ACE),I prefer working alone,Visual,No,No,Graphic Designer
MBA,Finance,8.4,"Tableau, MS Excel","Attention to Detail, Analytical Skills",Ambivert,8-12 LPA,CFA,I prefer working alone,Read/Write,Maybe,Yes,Financial Analyst
B.Tech,Mechanical Engineering,7.47,"AutoCAD, SolidWorks","Problem-Solving, Teamwork",Ambivert,8-12 LPA,Certified SOLIDWORKS Professional,I prefer working in a team,Kinesthetic,Yes,Yes,Mechanical Engineer
MBA,Finance,7.97,"MS Excel, Financial Modeling","Analytical Skills, Attention to Detail",Ambivert,4-8 LPA,CFA,I prefer working alone,Read/Write,Maybe,Yes,Financial Analyst
MBA,Marketing,8.2,"Social Media Management, Digital Marketing, Google Analytics","Communication, Leadership",Extrovert,12+ LPA,HubSpot Content Marketing,I prefer working in a team,Visual,Maybe,No,Marketing Manager
M.Tech,Data Science,9.18,"Scikit-learn, Python, SQL, TensorFlow","Problem-Solving, Critical Thinking",Introvert,8-12 LPA,Google Data Analytics,I prefer working alone,Read/Write,Yes,No,Data Scientist
B.A.,Fine Arts,7.08,"Adobe Photoshop, Figma","Creativity, Attention to Detail",Ambivert,4-8 LPA,Adobe Certified Expert (ACE),I prefer working alone,Visual,No,No,Graphic Designer
Diploma,Mechanical Engineering,8.45,"MATLAB, AutoCAD, SolidWorks","Teamwork, Problem-Solving",Ambivert,4-8 LPA,No Certification,I prefer working in a team,Kinesthetic,Maybe,Yes,Mechanical Engineer
B.Tech,Data Science,9.22,"Python, Scikit-learn, SQL, R","Problem-Solving, Critical Thinking",Ambivert,12+ LPA,Google Data Analytics,I prefer working alone,Visual,Yes,No,AI Specialist
B.Tech,Data Science,8.79,"SQL, Python","Problem-Solving, Critical Thinking",Ambivert,8-12 LPA,Google Data Analytics,I prefer working alone,Read/Write,Yes,Yes,AI Specialist
MBA,Marketing,8.78,"Digital Marketing, Google Analytics, SEO, Social Media Management","Leadership, Creativity",Extrovert,12+ LPA,Google Digital Marketing,I prefer working in a team,Auditory,Yes,No,Marketing Manager
B.A.,Graphic Design,7.12,"Adobe Illustrator, Figma","Attention to Detail, Creativity",Ambivert,4-8 LPA,Adobe Certified Expert (ACE),I prefer working alone,Visual,No,No,Graphic Designer
B.Tech,Computer Science,8.08,"SQL, Git, Java","Problem-Solving, Teamwork",Introvert,8-12 LPA,No Certification,I like a mix of both,Visual,Yes,No,Software Developer
B.Com,Finance,7.95,"SQL, Tableau, Financial Modeling","Analytical Skills, Attention to Detail",Extrovert,8-12 LPA,CFA,I prefer working alone,Visual,No,Yes,Financial Analyst
B.Tech,Human-Computer Interaction,8.81,"Adobe XD, Sketch, User Research","Creativity, Empathy",Ambivert,12+ LPA,Nielsen Norman Group UX Certification,I like a mix of both,Kinesthetic,No,No,UI/UX Designer
B.Des,Graphic Design,8.8,"Sketch, Figma","Creativity, Empathy",Ambivert,8-12 LPA,No Certification,I like a mix of both,Kinesthetic,Yes,No,UI/UX Designer
B.Tech,Computer Science,9.42,"Python, JavaScript, SQL","Teamwork, Problem-Solving",Introvert,8-12 LPA,Coursera - Python for Everybody,I prefer working alone,Kinesthetic,Yes,No,Software Developer
B.Des,Graphic Design,6.76,"Adobe Illustrator, Adobe Photoshop","Creativity, Attention to Detail",Ambivert,Less than 4 LPA,Adobe Certified Expert (ACE),I prefer working alone,Kinesthetic,No,Yes,Graphic Designer
B.Tech,Computer Science,9.09,"Python, SQL, JavaScript, Git","Teamwork, Problem-Solving",Ambivert,8-12 LPA,Coursera - Python for Everybody,I prefer working alone,Kinesthetic,Maybe,No,Data Scientist
B.A.,Graphic Design,8.4,"Adobe Photoshop, Figma, Adobe Illustrator","Creativity, Attention to Detail",Ambivert,Less than 4 LPA,No Certification,I prefer working alone,Visual,No,Yes,Graphic Designer
BBA,Marketing,8.27,"Social Media Management, Digital Marketing, SEO, Google Analytics","Creativity, Leadership",Extrovert,12+ LPA,Google Digital Marketing,I prefer working in a team,Visual,Maybe,No,Marketing Manager
M.Tech,AI & ML,9.43,"TensorFlow, Python, PyTorch","Critical Thinking, Research",Introvert,12+ LPA,TensorFlow Developer,I prefer working alone,Read/Write,Yes,Yes,AI Specialist
B.Tech,Mechanical Engineering,8.09,"MATLAB, SolidWorks","Teamwork, Problem-Solving",Ambivert,4-8 LPA,No Certification,I prefer working in a team,Kinesthetic,Yes,Yes,Mechanical Engineer
B.Com,Finance,8.62,"MS Excel, SQL","Analytical Skills, Attention to Detail",Extrovert,4-8 LPA,No Certification,I prefer working alone,Read/Write,No,No,Business Analyst
M.Tech,Computer Science,9.96,"PyTorch, Python","Research, Critical Thinking",Introvert,12+ LPA,Deep Learning Specialization,I prefer working alone,Read/Write,Yes,Yes,AI Specialist
B.Tech,Graphic Design,7.84,"User Research, Figma","Empathy, Creativity",Ambivert,12+ LPA,Nielsen Norman Group UX Certification,I like a mix of both,Kinesthetic,No,No,Graphic Designer
B.Des,Fine Arts,8.32,"Adobe Photoshop, Figma, Adobe Illustrator","Creativity, Attention to Detail",Introvert,Less than 4 LPA,No Certification,I like a mix of both,Kinesthetic,No,Yes,Graphic Designer
B.Tech,Computer Science,8.88,"JavaScript, SQL, Java, Git","Problem-Solving, Teamwork",Ambivert,12+ LPA,No Certification,I prefer working alone,Kinesthetic,Yes,No,Data Scientist
B.Tech,Graphic Design,7.62,"Adobe XD, Sketch, Figma","Empathy, Problem-Solving",Ambivert,12+ LPA,No Certification,I like a mix of both,Visual,Yes,No,UI/UX Designer
Diploma,Mechanical Engineering,7.6,"SolidWorks, AutoCAD","Problem-Solving, Teamwork",Ambivert,4-8 LPA,Certified SOLIDWORKS Professional,I prefer working in a team,Kinesthetic,Maybe,Yes,Mechanical Engineer
MBA,Business Administration,8.79,"SEO, Google Analytics, Social Media Management","Creativity, Communication",Extrovert,12+ LPA,Google Digital Marketing,I prefer working in a team,Auditory,Yes,No,Social Media Manager
B.A.,Graphic Design,7.01,"Adobe Photoshop, Figma","Creativity, Attention to Detail",Ambivert,4-8 LPA,Adobe Certified Expert (ACE),I prefer working alone,Visual,No,Yes,Graphic Designer
B.Tech,Human-Computer Interaction,8.04,"Sketch, Figma","Creativity, Problem-Solving",Ambivert,12+ LPA,Nielsen Norman Group UX Certification,I like a mix of both,Visual,Yes,No,UI/UX Designer
B.Tech,Computer Science,8.94,"Python, SQL, Git, JavaScript, Java","Teamwork, Problem-Solving",Ambivert,12+ LPA,Coursera - Python for Everybody,I prefer working alone,Kinesthetic,Maybe,No,Software Developer
M.Tech,Computer Science,8.9,"PyTorch, NLP, Python, TensorFlow","Research, Critical Thinking",Introvert,12+ LPA,TensorFlow Developer,I prefer working alone,Read/Write,Yes,Yes,AI Specialist
MBA,Business Administration,8.11,"Digital Marketing, Google Analytics, SEO","Communication, Leadership",Extrovert,8-12 LPA,HubSpot Content Marketing,I prefer working in a team,Auditory,Maybe,No,Social Media Manager
M.Tech,Computer Science,9.87,"R, SQL","Problem-Solving, Critical Thinking",Introvert,8-12 LPA,Google Data Analytics,I prefer working alone,Visual,Yes,No,Data Scientist
B.A.,Fine Arts,8.74,"Adobe Illustrator, Adobe Photoshop","Creativity, Attention to Detail",Introvert,4-8 LPA,No Certification,I like a mix of both,Visual,No,Yes,Graphic Designer
B.Tech,Graphic Design,7.78,"Adobe XD, User Research, Figma","Problem-Solving, Creativity",Ambivert,8-12 LPA,No Certification,I like a mix of both,Visual,Yes,No,UI/UX Designer
B.Tech,Human-Computer Interaction,8.51,"Figma, Sketch, Adobe XD, User Research","Empathy, Creativity",Ambivert,8-12 LPA,No Certification,I like a mix of both,Kinesthetic,Yes,No,UI/UX Designer
B.Tech,Mechanical Engineering,7.3,"MATLAB, AutoCAD","Teamwork, Problem-Solving",Ambivert,4-8 LPA,Certified SOLIDWORKS Professional,I prefer working in a team,Kinesthetic,Maybe,Yes,Mechanical Engineer
B.Tech,Computer Science,9.42,"Python, JavaScript, SQL","Problem-Solving, Teamwork",Introvert,8-12 LPA,Coursera - Python for Everybody,I like a mix of both,Visual,Maybe,No,Software Developer
MBA,Marketing,8.79,"Social Media Management, Digital Marketing, Google Analytics","Communication, Leadership",Extrovert,12+ LPA,HubSpot Content Marketing,I prefer working in a team,Visual,Maybe,No,Marketing Manager
B.Com,Finance,8.69,"MS Excel, Tableau, Financial Modeling, SQL","Analytical Skills, Attention to Detail",Extrovert,8-12 LPA,No Certification,I prefer working alone,Visual,No,Yes,Business Analyst
M.Tech,Computer Science,9.28,"Python, Computer Vision, TensorFlow, NLP, PyTorch","Research, Critical Thinking",Introvert,12+ LPA,TensorFlow Developer,I prefer working alone,Read/Write,Yes,Yes,AI Specialist
M.Tech,Computer Science,8.9,"Scikit-learn, TensorFlow","Critical Thinking, Problem-Solving",Ambivert,12+ LPA,IBM Data Science,I prefer working alone,Visual,Yes,Yes,Data Scientist
B.A.,Graphic Design,8.47,"Figma, Adobe Illustrator","Creativity, Attention to Detail",Introvert,4-8 LPA,Adobe Certified Expert (ACE),I like a mix of both,Visual,No,Yes,Graphic Designer
B.Tech,Computer Science,9.64,"Scikit-learn, R, TensorFlow, Python","Critical Thinking, Problem-Solving",Introvert,8-12 LPA,Google Data Analytics,I prefer working alone,Visual,Yes,Yes,Data Scientist
B.Tech,Mechanical Engineering,8.75,"AutoCAD, SolidWorks, MATLAB","Teamwork, Problem-Solving",Ambivert,8-12 LPA,Certified SOLIDWORKS Professional,I prefer working in a team,Kinesthetic,Yes,Yes,Mechanical Engineer
M.Tech,Computer Science,9.77,"TensorFlow, NLP, Python, PyTorch, Computer Vision","Critical Thinking, Research",Introvert,12+ LPA,Deep Learning Specialization,I prefer working alone,Read/Write,Yes,Yes,Data Scientist
B.Tech,Data Science,9.07,"Python, SQL, R, Scikit-learn, TensorFlow","Problem-Solving, Critical Thinking",Introvert,8-12 LPA,Google Data Analytics,I prefer working alone,Visual,Yes,Yes,Data Scientist
M.Tech,AI & ML,9.39,"NLP, TensorFlow, PyTorch, Computer Vision","Critical Thinking, Research",Introvert,12+ LPA,Deep Learning Specialization,I prefer working alone,Read/Write,Yes,Yes,AI Specialist
B.Tech,Mechanical Engineering,7.49,"MATLAB, AutoCAD, SolidWorks","Problem-Solving, Teamwork",Ambivert,4-8 LPA,Certified SOLIDWORKS Professional,I prefer working in a team,Kinesthetic,Yes,Yes,Mechanical Engineer
B.A.,Graphic Design,7.02,"Figma, Adobe Photoshop","Creativity, Attention to Detail",Introvert,Less than 4 LPA,Adobe Certified Expert (ACE),I prefer working alone,Visual,No,No,Graphic Designer
MBA,Finance,9.01,"Tableau, SQL","Attention to Detail, Analytical Skills",Ambivert,8-12 LPA,CFA,I prefer working alone,Visual,No,No,Financial Analyst
B.Des,Fine Arts,8.73,"Adobe Illustrator, Adobe Photoshop","Creativity, Attention to Detail",Ambivert,Less than 4 LPA,No Certification,I prefer working alone,Visual,No,No,Graphic Designer
M.Tech,Computer Science,9.43,"Scikit-learn, R, SQL","Critical Thinking, Problem-Solving",Introvert,8-12 LPA,Google Data Analytics,I prefer working alone,Read/Write,Yes,No,AI Specialist
Diploma,Mechanical Engineering,7.22,"AutoCAD, SolidWorks","Problem-Solving, Teamwork",Ambivert,8-12 LPA,No Certification,I prefer working in a team,Kinesthetic,Maybe,Yes,Mechanical Engineer
M.Tech,AI & ML,9.63,"PyTorch, Computer Vision, Python","Research, Critical Thinking",Introvert,12+ LPA,TensorFlow Developer,I prefer working alone,Read/Write,Yes,Yes,Data Scientist
MBA,Commerce,7.79,"SQL, MS Excel, Tableau","Analytical Skills, Attention to Detail",Extrovert,4-8 LPA,No Certification,I prefer working alone,Read/Write,No,Yes,Financial Analyst
M.Tech,AI & ML,8.88,"Computer Vision, TensorFlow, Python, PyTorch","Critical Thinking, Research",Introvert,12+ LPA,TensorFlow Developer,I prefer working alone,Read/Write,Yes,Yes,AI Specialist
BBA,Business Administration,8.98,"Google Analytics, Social Media Management, Digital Marketing","Creativity, Leadership",Extrovert,12+ LPA,Google Digital Marketing,I prefer working in a team,Visual,Maybe,No,Marketing Manager
M.Tech,AI & ML,8.82,"PyTorch, TensorFlow","Research, Critical Thinking",Introvert,12+ LPA,TensorFlow Developer,I prefer working alone,Read/Write,Yes,Yes,AI Specialist
B.Tech,Data Science,9.51,"R, Scikit-learn, Python, TensorFlow, SQL","Critical Thinking, Problem-Solving",Ambivert,8-12 LPA,IBM Data Science,I prefer working alone,Visual,Yes,Yes,Data Scientist
B.Tech,Data Science,8.71,"Scikit-learn, R, SQL, TensorFlow","Problem-Solving, Critical Thinking",Introvert,12+ LPA,IBM Data Science,I prefer working alone,Visual,Yes,No,Data Scientist
B.Tech,Computer Science,8.24,"JavaScript, Git, Python, SQL, Java","Problem-Solving, Teamwork",Introvert,12+ LPA,Coursera - Python for Everybody,I prefer working alone,Visual,Maybe,No,Software Developer
BBA,Marketing,8.28,"Social Media Management, Google Analytics","Leadership, Communication",Extrovert,8-12 LPA,Google Digital Marketing,I prefer working in a team,Visual,Yes,No,Marketing Manager
B.Des,Fine Arts,8.26,"Adobe Illustrator, Adobe Photoshop","Creativity, Attention to Detail",Introvert,Less than 4 LPA,Adobe Certified Expert (ACE),I prefer working alone,Visual,No,No,Graphic Designer
M.Tech,Computer Science,9.63,"TensorFlow, Python, Computer Vision, NLP","Critical Thinking, Research",Introvert,12+ LPA,TensorFlow Developer,I prefer working alone,Read/Write,Yes,Yes,Data Scientist
B.Tech,Graphic Design,7.6,"Sketch, Adobe XD","Empathy, Creativity",Ambivert,12+ LPA,Nielsen Norman Group UX Certification,I like a mix of both,Visual,No,No,UI/UX Designer
M.Tech,Data Science,8.88,"Scikit-learn, R, TensorFlow","Problem-Solving, Critical Thinking",Introvert,12+ LPA,IBM Data Science,I prefer working alone,Visual,Yes,Yes,Data Scientist
Diploma,Mechanical Engineering,7.44,"MATLAB, SolidWorks","Teamwork, Problem-Solving",Ambivert,8-12 LPA,Certified SOLIDWORKS Professional,I prefer working in a team,Kinesthetic,Maybe,Yes,Mechanical Engineer
BBA,Marketing,7.43,"Social Media Management, Digital Marketing","Communication, Leadership",Extrovert,12+ LPA,HubSpot Content Marketing,I prefer working in a team,Auditory,Maybe,No,Social Media Manager
B.Des,Human-Computer Interaction,8.94,"Figma, User Research, Adobe XD","Empathy, Creativity",Ambivert,8-12 LPA,No Certification,I like a mix of both,Kinesthetic,Yes,No,UI/UX Designer
B.Tech,Computer Science,9.08,"JavaScript, SQL, Python, Java","Teamwork, Problem-Solving",Introvert,12+ LPA,No Certification,I like a mix of both,Kinesthetic,Yes,No,Data Scientist
M.Tech,AI & ML,8.86,"NLP, PyTorch","Critical Thinking, Research",Introvert,12+ LPA,Deep Learning Specialization,I prefer working alone,Read/Write,Yes,Yes,AI Specialist
BBA,Marketing,7.74,"SEO, Digital Marketing, Google Analytics, Social Media Management","Leadership, Communication",Extrovert,8-12 LPA,HubSpot Content Marketing,I prefer working in a team,Auditory,Yes,No,Marketing Manager
MBA,Business Administration,7.12,"Social Media Management, SEO","Communication, Creativity",Extrovert,8-12 LPA,Google Digital Marketing,I prefer working in a team,Auditory,Yes,No,Marketing Manager
Diploma,Mechanical Engineering,7.87,"MATLAB, SolidWorks","Problem-Solving, Teamwork",Ambivert,4-8 LPA,Certified SOLIDWORKS Professional,I prefer working in a team,Kinesthetic,Maybe,Yes,Mechanical Engineer
B.Com,Finance,8.81,"Tableau, SQL, Financial Modeling","Analytical Skills, Attention to Detail",Extrovert,8-12 LPA,CFA,I prefer working alone,Read/Write,No,No,Business Analyst
M.Tech,AI & ML,9.07,"Python, Computer Vision, NLP, TensorFlow, PyTorch","Research, Critical Thinking",Introvert,12+ LPA,Deep Learning Specialization,I prefer working alone,Read/Write,Yes,Yes,AI Specialist
Diploma,Mechanical Engineering,7.17,"SolidWorks, AutoCAD, MATLAB","Teamwork, Problem-Solving",Ambivert,8-12 LPA,Certified SOLIDWORKS Professional,I prefer working in a team,Kinesthetic,Yes,Yes,Mechanical Engineer
B.A.,Graphic Design,7.96,"Adobe Illustrator, Adobe Photoshop, Figma","Attention to Detail, Creativity",Introvert,Less than 4 LPA,Adobe Certified Expert (ACE),I like a mix of both,Kinesthetic,No,No,Graphic Designer
B.Tech,Computer Science,9.16,"Git, SQL","Problem-Solving, Teamwork",Introvert,12+ LPA,Coursera - Python for Everybody,I prefer working alone,Kinesthetic,Yes,No,Software Developer
M.Tech,AI & ML,9.07,"TensorFlow, Python, NLP, PyTorch","Critical Thinking, Research",Introvert,12+ LPA,TensorFlow Developer,I prefer working alone,Read/Write,Yes,Yes,AI Specialist
B.Tech,Human-Computer Interaction,8.4,"Adobe XD, User Research, Sketch, Figma","Problem-Solving, Empathy",Ambivert,12+ LPA,Nielsen Norman Group UX Certification,I like a mix of both,Kinesthetic,Yes,No,Graphic Designer
B.Tech,Computer Science,9.29,"Python, R, SQL","Problem-Solving, Critical Thinking",Introvert,8-12 LPA,Google Data Analytics,I prefer working alone,Visual,Yes,Yes,Data Scientist
M.Tech,Data Science,9.81,"Python, TensorFlow, R, Scikit-learn","Critical Thinking, Problem-Solving",Introvert,12+ LPA,IBM Data Science,I prefer working alone,Read/Write,Yes,Yes,Data Scientist
B.Com,Commerce,8.59,"Tableau, Financial Modeling, MS Excel","Attention to Detail, Analytical Skills",Ambivert,8-12 LPA,CFA,I prefer working alone,Visual,Maybe,No,Financial Analyst
Diploma,Mechanical Engineering,8.63,"SolidWorks, AutoCAD","Problem-Solving, Teamwork",Ambivert,8-12 LPA,No Certification,I prefer working in a team,Kinesthetic,Yes,Yes,Mechanical Engineer
B.Tech,Computer Science,8.71,"SQL, Python, Git, Java","Teamwork, Problem-Solving",Introvert,12+ LPA,No Certification,I like a mix of both,Kinesthetic,Maybe,No,Software Developer
Diploma,Mechanical Engineering,7.06,"AutoCAD, SolidWorks, MATLAB","Problem-Solving, Teamwork",Ambivert,8-12 LPA,No Certification,I prefer working in a team,Kinesthetic,Maybe,Yes,Mechanical Engineer
B.Tech,Computer Science,9.49,"R, SQL, Python, Scikit-learn","Critical Thinking, Problem-Solving",Ambivert,8-12 LPA,IBM Data Science,I prefer working alone,Read/Write,Yes,No,Data Scientist
MBA,Commerce,8.12,"Financial Modeling, SQL, Tableau, MS Excel","Analytical Skills, Attention to Detail",Extrovert,4-8 LPA,CFA,I prefer working alone,Visual,Maybe,No,Financial Analyst
B.Tech,Graphic Design,7.85,"Adobe XD, Figma, Sketch","Empathy, Problem-Solving",Ambivert,12+ LPA,Nielsen Norman Group UX Certification,I like a mix of both,Visual,Yes,No,Graphic Designer
M.Tech,AI & ML,9.01,"NLP, Computer Vision, PyTorch, Python","Critical Thinking, Research",Introvert,12+ LPA,TensorFlow Developer,I prefer working alone,Read/Write,Yes,Yes,AI Specialist
B.Tech,Graphic Design,7.83,"Sketch, User Research, Adobe XD, Figma","Problem-Solving, Empathy",Ambivert,8-12 LPA,Nielsen Norman Group UX Certification,I like a mix of both,Kinesthetic,No,No,UI/UX Designer
M.Tech,AI & ML,9.77,"TensorFlow, NLP","Research, Critical Thinking",Introvert,12+ LPA,Deep Learning Specialization,I prefer working alone,Read/Write,Yes,Yes,AI Specialist
B.Tech,Computer Science,9.73,"Python, Java, Git, SQL, JavaScript","Problem-Solving, Teamwork",Introvert,12+ LPA,No Certification,I like a mix of both,Kinesthetic,Maybe,No,Software Developer
B.Tech,Computer Science,8.66,"Java, SQL, Git, Python, JavaScript","Teamwork, Problem-Solving",Introvert,8-12 LPA,No Certification,I like a mix of both,Visual,Maybe,No,Software Developer
B.Tech,Data Science,8.8,"SQL, Python, R","Critical Thinking, Problem-Solving",Introvert,8-12 LPA,IBM Data Science,I prefer working alone,Read/Write,Yes,Yes,Data Scientist
B.Des,Graphic Design,9.12,"Sketch, Figma, User Research","Empathy, Problem-Solving",Ambivert,8-12 LPA,No Certification,I like a mix of both,Kinesthetic,No,No,UI/UX Designer
MBA,Finance,7.9,"Financial Modeling, SQL, Tableau, MS Excel","Attention to Detail, Analytical Skills",Extrovert,8-12 LPA,CFA,I prefer working alone,Visual,No,Yes,Financial Analyst
B.Tech,Mechanical Engineering,8.33,"AutoCAD, MATLAB, SolidWorks","Problem-Solving, Teamwork",Ambivert,4-8 LPA,Certified SOLIDWORKS Professional,I prefer working in a team,Kinesthetic,Maybe,Yes,Mechanical Engineer
B.A.,Graphic Design,8.09,"Figma, Adobe Photoshop","Attention to Detail, Creativity",Introvert,4-8 LPA,No Certification,I like a mix of both,Kinesthetic,No,No,Graphic Designer
MBA,Commerce,8.65,"SQL, Financial Modeling","Attention to Detail, Analytical Skills",Extrovert,4-8 LPA,No Certification,I prefer working alone,Read/Write,No,Yes,Financial Analyst
Diploma,Mechanical Engineering,7.2,"AutoCAD, SolidWorks, MATLAB","Teamwork, Problem-Solving",Ambivert,4-8 LPA,Certified SOLIDWORKS Professional,I prefer working in a team,Kinesthetic,Maybe,Yes,Mechanical Engineer
B.A.,Fine Arts,7.6,"Figma, Adobe Illustrator","Creativity, Attention to Detail",Ambivert,4-8 LPA,Adobe Certified Expert (ACE),I like a mix of both,Visual,No,Yes,Graphic Designer
MBA,Marketing,7.21,"SEO, Social Media Management, Digital Marketing","Creativity, Leadership",Extrovert,8-12 LPA,HubSpot Content Marketing,I prefer working in a team,Visual,Maybe,No,Marketing Manager
B.Tech,Computer Science,9.51,"Python, Git, JavaScript, Java","Problem-Solving, Teamwork",Ambivert,12+ LPA,No Certification,I prefer working alone,Visual,Yes,No,Software Developer
B.Tech,Computer Science,8.41,"Java, Git, Python","Teamwork, Problem-Solving",Introvert,8-12 LPA,No Certification,I prefer working alone,Visual,Yes,No,Software Developer
B.Tech,Computer Science,9.36,"Git, JavaScript, SQL, Python, Java","Teamwork, Problem-Solving",Introvert,12+ LPA,Coursera - Python for Everybody,I like a mix of both,Kinesthetic,Yes,No,Data Scientist
MBA,Marketing,7.23,"Social Media Management, Google Analytics, SEO, Digital Marketing","Creativity, Communication",Extrovert,8-12 LPA,HubSpot Content Marketing,I prefer working in a team,Auditory,Maybe,No,Marketing Manager
B.Tech,Data Science,8.64,"Python, Scikit-learn","Critical Thinking, Problem-Solving",Introvert,12+ LPA,IBM Data Science,I prefer working alone,Read/Write,Yes,No,Data Scientist
B.Tech,Data Science,9.12,"SQL, TensorFlow","Critical Thinking, Problem-Solving",Introvert,12+ LPA,IBM Data Science,I prefer working alone,Read/Write,Yes,Yes,AI Specialist
B.A.,Graphic Design,7.09,"Adobe Illustrator, Adobe Photoshop","Attention to Detail, Creativity",Ambivert,Less than 4 LPA,No Certification,I prefer working alone,Kinesthetic,No,Yes,Graphic Designer
MBA,Marketing,7.47,"Digital Marketing, SEO, Social Media Management","Creativity, Communication",Extrovert,8-12 LPA,Google Digital Marketing,I prefer working in a team,Auditory,Yes,No,Marketing Manager
B.Tech,Human-Computer Interaction,7.69,"Adobe XD, User Research, Figma","Creativity, Empathy",Ambivert,8-12 LPA,Nielsen Norman Group UX Certification,I like a mix of both,Kinesthetic,Yes,No,UI/UX Designer
B.A.,Fine Arts,7.12,"Adobe Photoshop, Figma, Adobe Illustrator","Attention to Detail, Creativity",Ambivert,4-8 LPA,No Certification,I like a mix of both,Kinesthetic,No,No,Graphic Designer
B.Com,Finance,9.11,"SQL, Tableau","Analytical Skills, Attention to Detail",Extrovert,4-8 LPA,CFA,I prefer working alone,Visual,Maybe,Yes,Financial Analyst
BBA,Marketing,8.09,"SEO, Digital Marketing, Google Analytics","Creativity, Communication",Extrovert,12+ LPA,HubSpot Content Marketing,I prefer working in a team,Auditory,Maybe,No,Marketing Manager
B.Tech,Data Science,9.03,"R, TensorFlow, Scikit-learn, Python","Critical Thinking, Problem-Solving",Introvert,8-12 LPA,IBM Data Science,I prefer working alone,Read/Write,Yes,No,Data Scientist
B.Com,Finance,8.5,"Tableau, SQL, MS Excel, Financial Modeling","Analytical Skills, Attention to Detail",Extrovert,8-12 LPA,No Certification,I prefer working alone,Read/Write,No,Yes,Financial Analyst
B.Des,Fine Arts,8.81,"Adobe Illustrator, Adobe Photoshop, Figma","Attention to Detail, Creativity",Ambivert,4-8 LPA,No Certification,I prefer working alone,Visual,No,Yes,Graphic Designer
B.Des,Fine Arts,6.53,"Adobe Illustrator, Figma","Attention to Detail, Creativity",Introvert,4-8 LPA,No Certification,I like a mix of both,Kinesthetic,No,No,Graphic Designer
B.Tech,Computer Science,9.52,"JavaScript, Python, Git","Problem-Solving, Teamwork",Introvert,12+ LPA,No Certification,I like a mix of both,Visual,Maybe,No,Software Developer
B.Com,Finance,7.57,"Financial Modeling, MS Excel, SQL, Tableau","Analytical Skills, Attention to Detail",Extrovert,8-12 LPA,No Certification,I prefer working alone,Visual,Maybe,Yes,Financial Analyst
MBA,Commerce,9.16,"Financial Modeling, MS Excel","Analytical Skills, Attention to Detail",Extrovert,8-12 LPA,CFA,I prefer working alone,Visual,Maybe,Yes,Financial Analyst
B.Des,Fine Arts,7.09,"Adobe Photoshop, Figma","Creativity, Attention to Detail",Ambivert,Less than 4 LPA,Adobe Certified Expert (ACE),I like a mix of both,Kinesthetic,No,Yes,Graphic Designer
M.Tech,Computer Science,8.86,"Python, TensorFlow, PyTorch, NLP, Computer Vision","Research, Critical Thinking",Introvert,12+ LPA,TensorFlow Developer,I prefer working alone,Read/Write,Yes,Yes,AI Specialist
M.Tech,Computer Science,9.7,"TensorFlow, R","Problem-Solving, Critical Thinking",Introvert,8-12 LPA,Google Data Analytics,I prefer working alone,Read/Write,Yes,Yes,Data Scientist
B.Com,Commerce,8.63,"MS Excel, SQL","Attention to Detail, Analytical Skills",Ambivert,8-12 LPA,CFA,I prefer working alone,Visual,Maybe,Yes,Financial Analyst
B.Tech,Computer Science,9.4,"Python, Java","Teamwork, Problem-Solving",Ambivert,8-12 LPA,Coursera - Python for Everybody,I prefer working alone,Visual,Maybe,No,Software Developer
B.Tech,Human-Computer Interaction,8.29,"Sketch, User Research, Figma, Adobe XD","Creativity, Problem-Solving",Ambivert,12+ LPA,No Certification,I like a mix of both,Kinesthetic,Yes,No,UI/UX Designer
MBA,Finance,7.72,"SQL, Financial Modeling, Tableau","Analytical Skills, Attention to Detail",Ambivert,4-8 LPA,No Certification,I prefer working alone,Visual,Maybe,Yes,Financial Analyst
B.Tech,Computer Science,8.79,"Java, JavaScript, Python, Git","Teamwork, Problem-Solving",Ambivert,8-12 LPA,Coursera - Python for Everybody,I prefer working alone,Visual,Yes,No,Software Developer
Diploma,Mechanical Engineering,7.67,"AutoCAD, SolidWorks, MATLAB","Problem-Solving, Teamwork",Ambivert,8-12 LPA,Certified SOLIDWORKS Professional,I prefer working in a team,Kinesthetic,Yes,Yes,Mechanical Engineer
M.Tech,Data Science,8.54,"Python, R, TensorFlow, Scikit-learn, SQL","Critical Thinking, Problem-Solving",Ambivert,8-12 LPA,Google Data Analytics,I prefer working alone,Read/Write,Yes,No,Data Scientist
MBA,Commerce,8.28,"Financial Modeling, Tableau","Attention to Detail, Analytical Skills",Extrovert,4-8 LPA,CFA,I prefer working alone,Read/Write,Maybe,Yes,Financial Analyst
B.Tech,Mechanical Engineering,7.47,"SolidWorks, AutoCAD","Teamwork, Problem-Solving",Ambivert,8-12 LPA,Certified SOLIDWORKS Professional,I prefer working in a team,Kinesthetic,Maybe,Yes,Mechanical Engineer
Diploma,Mechanical Engineering,7.69,"MATLAB, AutoCAD","Teamwork, Problem-Solving",Ambivert,4-8 LPA,Certified SOLIDWORKS Professional,I prefer working in a team,Kinesthetic,Yes,Yes,Mechanical Engineer
Diploma,Mechanical Engineering,7.33,"SolidWorks, AutoCAD","Teamwork, Problem-Solving",Ambivert,4-8 LPA,No Certification,I prefer working in a team,Kinesthetic,Maybe,Yes,Mechanical Engineer
B.Tech,Data Science,9.5,"Python, TensorFlow, R, Scikit-learn, SQL","Critical Thinking, Problem-Solving",Ambivert,12+ LPA,IBM Data Science,I prefer working alone,Visual,Yes,Yes,Data Scientist
M.Tech,AI & ML,9.73,"TensorFlow, Python, PyTorch, NLP, Computer Vision","Research, Critical Thinking",Introvert,12+ LPA,Deep Learning Specialization,I prefer working alone,Read/Write,Yes,Yes,AI Specialist
B.Tech,Human-Computer Interaction,8.08,"User Research, Adobe XD, Sketch","Problem-Solving, Creativity",Ambivert,8-12 LPA,No Certification,I like a mix of both,Kinesthetic,No,No,UI/UX Designer
MBA,Commerce,7.64,"MS Excel, SQL","Attention to Detail, Analytical Skills",Extrovert,4-8 LPA,No Certification,I prefer working alone,Read/Write,Maybe,Yes,Financial Analyst
M.Tech,Computer Science,8.61,"SQL, R, TensorFlow, Scikit-learn, Python","Critical Thinking, Problem-Solving",Introvert,12+ LPA,IBM Data Science,I prefer working alone,Read/Write,Yes,Yes,AI Specialist
M.Tech,AI & ML,9.6,"Python, Computer Vision","Research, Critical Thinking",Introvert,12+ LPA,Deep Learning Specialization,I prefer working alone,Read/Write,Yes,Yes,AI Specialist
MBA,Business Administration,7.82,"Social Media Management, Google Analytics, Digital Marketing","Creativity, Leadership",Extrovert,12+ LPA,HubSpot Content Marketing,I prefer working in a team,Auditory,Maybe,No,Marketing Manager
B.Tech,Computer Science,8.6,"Git, Python, Java","Teamwork, Problem-Solving",Ambivert,12+ LPA,Coursera - Python for Everybody,I prefer working alone,Kinesthetic,Yes,No,Software Developer
B.Des,Graphic Design,6.51,"Figma, Adobe Photoshop","Attention to Detail, Creativity",Introvert,4-8 LPA,Adobe Certified Expert (ACE),I like a mix of both,Kinesthetic,No,Yes,Graphic Designer
B.Tech,Mechanical Engineering,7.57,"MATLAB, SolidWorks","Teamwork, Problem-Solving",Ambivert,8-12 LPA,No Certification,I prefer working in a team,Kinesthetic,Maybe,Yes,Mechanical Engineer
MBA,Business Administration,7.19,"Digital Marketing, Social Media Management, Google Analytics","Communication, Leadership",Extrovert,12+ LPA,Google Digital Marketing,I prefer working in a team,Visual,Maybe,No,Marketing Manager
B.Tech,Computer Science,8.63,"JavaScript, Java, Python, Git","Teamwork, Problem-Solving",Ambivert,12+ LPA,Coursera - Python for Everybody,I prefer working alone,Visual,Yes,No,Software Developer
BBA,Business Administration,8.44,"SEO, Google Analytics, Social Media Management, Digital Marketing","Communication, Creativity",Extrovert,8-12 LPA,Google Digital Marketing,I prefer working in a team,Auditory,Yes,No,Social Media Manager
BBA,Marketing,8.09,"Google Analytics, Digital Marketing","Creativity, Communication",Extrovert,8-12 LPA,Google Digital Marketing,I prefer working in a team,Auditory,Yes,No,Social Media Manager
M.Tech,AI & ML,9.43,"Computer Vision, PyTorch","Critical Thinking, Research",Introvert,12+ LPA,TensorFlow Developer,I prefer working alone,Read/Write,Yes,Yes,AI Specialist
Diploma,Mechanical Engineering,7.52,"MATLAB, SolidWorks, AutoCAD","Teamwork, Problem-Solving",Ambivert,8-12 LPA,No Certification,I prefer working in a team,Kinesthetic,Yes,Yes,Mechanical Engineer
B.Tech,Computer Science,9.34,"SQL, R","Problem-Solving, Critical Thinking",Ambivert,12+ LPA,IBM Data Science,I prefer working alone,Visual,Yes,No,Data Scientist
B.Des,Fine Arts,7.68,"Adobe Illustrator, Adobe Photoshop","Attention to Detail, Creativity",Ambivert,Less than 4 LPA,Adobe Certified Expert (ACE),I prefer working alone,Kinesthetic,No,No,Graphic Designer
B.Com,Commerce,8.81,"MS Excel, Financial Modeling, SQL, Tableau","Analytical Skills, Attention to Detail",Extrovert,8-12 LPA,No Certification,I prefer working alone,Read/Write,Maybe,No,Financial Analyst
MBA,Business Administration,7.29,"Google Analytics, SEO, Social Media Management, Digital Marketing","Creativity, Communication",Extrovert,8-12 LPA,Google Digital Marketing,I prefer working in a team,Visual,Yes,No,Marketing Manager
M.Tech,Computer Science,9.78,"Python, SQL","Problem-Solving, Critical Thinking",Introvert,8-12 LPA,Google Data Analytics,I prefer working alone,Visual,Yes,Yes,Data Scientist
B.Tech,Mechanical Engineering,7.77,"MATLAB, SolidWorks, AutoCAD","Teamwork, Problem-Solving",Ambivert,8-12 LPA,Certified SOLIDWORKS Professional,I prefer working in a team,Kinesthetic,Maybe,Yes,Mechanical Engineer
B.A.,Fine Arts,6.88,"Adobe Photoshop, Adobe Illustrator, Figma","Attention to Detail, Creativity",Ambivert,4-8 LPA,Adobe Certified Expert (ACE),I like a mix of both,Kinesthetic,No,Yes,Graphic Designer
B.A.,Graphic Design,6.56,"Adobe Photoshop, Figma","Attention to Detail, Creativity",Ambivert,Less than 4 LPA,No Certification,I like a mix of both,Visual,No,Yes,Graphic Designer
B.Tech,Computer Science,8.31,"SQL, Git, Python, JavaScript","Teamwork, Problem-Solving",Introvert,8-12 LPA,Coursera - Python for Everybody,I prefer working alone,Visual,Maybe,No,Software Developer
M.Tech,AI & ML,8.95,"PyTorch, Python, NLP","Research, Critical Thinking",Introvert,12+ LPA,TensorFlow Developer,I prefer working alone,Read/Write,Yes,Yes,AI Specialist
Diploma,Mechanical Engineering,8.53,"AutoCAD, SolidWorks, MATLAB","Problem-Solving, Teamwork",Ambivert,4-8 LPA,No Certification,I prefer working in a team,Kinesthetic,Yes,Yes,Mechanical Engineer
M.Tech,AI & ML,9.13,"Python, NLP, TensorFlow","Research, Critical Thinking",Introvert,12+ LPA,TensorFlow Developer,I prefer working alone,Read/Write,Yes,Yes,AI Specialist
B.Des,Graphic Design,8.05,"Adobe XD, User Research","Empathy, Problem-Solving",Ambivert,12+ LPA,Nielsen Norman Group UX Certification,I like a mix of both,Kinesthetic,Yes,No,UI/UX Designer
M.Tech,AI & ML,9.23,"NLP, PyTorch, Python","Research, Critical Thinking",Introvert,12+ LPA,TensorFlow Developer,I prefer working alone,Read/Write,Yes,Yes,AI Specialist
M.Tech,Computer Science,9.1,"Python, Computer Vision, NLP","Critical Thinking, Research",Introvert,12+ LPA,Deep Learning Specialization,I prefer working alone,Read/Write,Yes,Yes,AI Specialist
M.Tech,Computer Science,9.15,"TensorFlow, PyTorch, NLP, Computer Vision, Python","Critical Thinking, Research",Introvert,12+ LPA,TensorFlow Developer,I prefer working alone,Read/Write,Yes,Yes,AI Specialist
MBA,Finance,8.91,"Financial Modeling, SQL, MS Excel","Attention to Detail, Analytical Skills",Ambivert,4-8 LPA,No Certification,I prefer working alone,Read/Write,Maybe,No,Financial Analyst
B.Tech,Human-Computer Interaction,9.12,"User Research, Figma","Problem-Solving, Creativity",Ambivert,8-12 LPA,No Certification,I like a mix of both,Visual,No,No,UI/UX Designer
B.Tech,Computer Science,9.5,"Python, Scikit-learn","Critical Thinking, Problem-Solving",Ambivert,12+ LPA,IBM Data Science,I prefer working alone,Visual,Yes,Yes,Data Scientist
B.Tech,Computer Science,9.0,"Java, Git","Problem-Solving, Teamwork",Ambivert,12+ LPA,No Certification,I prefer working alone,Visual,Yes,No,Data Scientist
B.Tech,Data Science,9.12,"Python, R, TensorFlow","Problem-Solving, Critical Thinking",Ambivert,12+ LPA,IBM Data Science,I prefer working alone,Read/Write,Yes,Yes,Data Scientist
B.Tech,Graphic Design,8.59,"User Research, Adobe XD, Sketch","Problem-Solving, Creativity",Ambivert,8-12 LPA,Nielsen Norman Group UX Certification,I like a mix of both,Kinesthetic,Yes,No,UI/UX Designer
B.Des,Graphic Design,7.86,"Sketch, Adobe XD, User Research, Figma","Problem-Solving, Empathy",Ambivert,8-12 LPA,No Certification,I like a mix of both,Kinesthetic,No,No,UI/UX Designer
Diploma,Mechanical Engineering,8.94,"SolidWorks, AutoCAD","Teamwork, Problem-Solving",Ambivert,4-8 LPA,Certified SOLIDWORKS Professional,I prefer working in a team,Kinesthetic,Yes,Yes,Mechanical Engineer
MBA,Business Administration,7.47,"Social Media Management, Digital Marketing, SEO, Google Analytics","Leadership, Creativity",Extrovert,8-12 LPA,Google Digital Marketing,I prefer working in a team,Visual,Maybe,No,Marketing Manager
B.Tech,Computer Science,8.72,"SQL, Python","Teamwork, Problem-Solving",Introvert,12+ LPA,No Certification,I prefer working alone,Visual,Maybe,No,Software Developer
Diploma,Mechanical Engineering,7.45,"SolidWorks, MATLAB, AutoCAD","Problem-Solving, Teamwork",Ambivert,4-8 LPA,Certified SOLIDWORKS Professional,I prefer working in a team,Kinesthetic,Yes,Yes,Mechanical Engineer
B.A.,Fine Arts,8.28,"Adobe Illustrator, Adobe Photoshop","Attention to Detail, Creativity",Introvert,Less than 4 LPA,Adobe Certified Expert (ACE),I like a mix of both,Visual,No,No,Graphic Designer
B.Tech,Computer Science,9.43,"SQL, Python","Problem-Solving, Teamwork",Ambivert,8-12 LPA,No Certification,I like a mix of both,Visual,Yes,No,Software Developer
M.Tech,AI & ML,8.89,"PyTorch, TensorFlow","Research, Critical Thinking",Introvert,12+ LPA,Deep Learning Specialization,I prefer working alone,Read/Write,Yes,Yes,AI Specialist
B.Des,Fine Arts,7.07,"Adobe Illustrator, Adobe Photoshop","Creativity, Attention to Detail",Ambivert,Less than 4 LPA,No Certification,I prefer working alone,Kinesthetic,No,Yes,Graphic Designer
MBA,Finance,7.72,"MS Excel, Financial Modeling, Tableau","Analytical Skills, Attention to Detail",Ambivert,8-12 LPA,No Certification,I prefer working alone,Visual,No,No,Financial Analyst
Diploma,Mechanical Engineering,8.7,"MATLAB, AutoCAD","Teamwork, Problem-Solving",Ambivert,4-8 LPA,Certified SOLIDWORKS Professional,I prefer working in a team,Kinesthetic,Yes,Yes,Mechanical Engineer
MBA,Commerce,8.1,"SQL, Tableau, MS Excel, Financial Modeling","Attention to Detail, Analytical Skills",Extrovert,4-8 LPA,No Certification,I prefer working alone,Read/Write,Maybe,No,Financial Analyst
B.Tech,Graphic Design,7.76,"Sketch, Adobe XD","Creativity, Empathy",Ambivert,12+ LPA,No Certification,I like a mix of both,Kinesthetic,No,No,UI/UX Designer
BBA,Marketing,7.64,"SEO, Social Media Management","Communication, Creativity",Extrovert,12+ LPA,Google Digital Marketing,I prefer working in a team,Visual,Yes,No,Marketing Manager
BBA,Business Administration,8.39,"Social Media Management, Google Analytics, Digital Marketing","Creativity, Leadership",Extrovert,8-12 LPA,HubSpot Content Marketing,I prefer working in a team,Visual,Maybe,No,Marketing Manager
BBA,Marketing,8.19,"Google Analytics, Digital Marketing, Social Media Management, SEO","Creativity, Communication",Extrovert,12+ LPA,HubSpot Content Marketing,I prefer working in a team,Auditory,Maybe,No,Marketing Manager
B.Des,Fine Arts,6.84,"Figma, Adobe Photoshop","Attention to Detail, Creativity",Ambivert,Less than 4 LPA,Adobe Certified Expert (ACE),I prefer working alone,Visual,No,Yes,UI/UX Designer
MBA,Finance,9.1,"Tableau, MS Excel, SQL","Analytical Skills, Attention to Detail",Extrovert,8-12 LPA,CFA,I prefer working alone,Read/Write,No,No,Financial Analyst
B.A.,Fine Arts,7.34,"Figma, Adobe Photoshop, Adobe Illustrator","Attention to Detail, Creativity",Ambivert,4-8 LPA,No Certification,I like a mix of both,Kinesthetic,No,Yes,Graphic Designer
BBA,Marketing,8.82,"Digital Marketing, SEO, Social Media Management, Google Analytics","Creativity, Communication",Extrovert,12+ LPA,HubSpot Content Marketing,I prefer working in a team,Auditory,Maybe,No,Social Media Manager
B.Tech,Data Science,8.73,"Scikit-learn, Python, TensorFlow, SQL, R","Problem-Solving, Critical Thinking",Ambivert,8-12 LPA,IBM Data Science,I prefer working alone,Visual,Yes,Yes,Data Scientist
B.Tech,Computer Science,8.42,"Git, Java, JavaScript, Python, SQL","Teamwork, Problem-Solving",Ambivert,12+ LPA,No Certification,I prefer working alone,Visual,Maybe,No,Software Developer
B.Com,Finance,8.45,"Tableau, MS Excel, Financial Modeling","Attention to Detail, Analytical Skills",Ambivert,8-12 LPA,CFA,I prefer working alone,Read/Write,No,No,Financial Analyst
B.Tech,Computer Science,9.29,"SQL, Java","Teamwork, Problem-Solving",Ambivert,8-12 LPA,No Certification,I prefer working alone,Visual,Yes,No,Software Developer
B.Com,Commerce,8.81,"MS Excel, SQL","Attention to Detail, Analytical Skills",Extrovert,4-8 LPA,CFA,I prefer working alone,Visual,No,No,Financial Analyst
B.Des,Human-Computer Interaction,9.0,"Adobe XD, User Research, Figma","Creativity, Empathy",Ambivert,8-12 LPA,No Certification,I like a mix of both,Kinesthetic,No,No,UI/UX Designer
Diploma,Mechanical Engineering,8.47,"MATLAB, SolidWorks, AutoCAD","Teamwork, Problem-Solving",Ambivert,8-12 LPA,Certified SOLIDWORKS Professional,I prefer working in a team,Kinesthetic,Yes,Yes,Mechanical Engineer
B.Tech,Human-Computer Interaction,8.7,"Adobe XD, User Research, Sketch, Figma","Problem-Solving, Creativity",Ambivert,8-12 LPA,No Certification,I like a mix of both,Visual,No,No,UI/UX Designer
B.Tech,Data Science,9.4,"TensorFlow, Scikit-learn, Python, R","Problem-Solving, Critical Thinking",Ambivert,12+ LPA,IBM Data Science,I prefer working alone,Visual,Yes,Yes,Data Scientist
B.Des,Graphic Design,7.9,"Figma, User Research, Adobe XD, Sketch","Problem-Solving, Creativity",Ambivert,8-12 LPA,No Certification,I like a mix of both,Kinesthetic,Yes,No,UI/UX Designer
B.A.,Graphic Design,7.88,"Adobe Illustrator, Figma","Attention to Detail, Creativity",Introvert,Less than 4 LPA,No Certification,I like a mix of both,Kinesthetic,No,No,UI/UX Designer
B.Tech,Human-Computer Interaction,8.82,"Figma, Adobe XD","Creativity, Problem-Solving",Ambivert,8-12 LPA,Nielsen Norman Group UX Certification,I like a mix of both,Visual,Yes,No,Graphic Designer
B.Des,Fine Arts,8.46,"Adobe Photoshop, Figma","Creativity, Attention to Detail",Introvert,Less than 4 LPA,No Certification,I like a mix of both,Kinesthetic,No,No,Graphic Designer
B.Com,Finance,8.09,"Tableau, MS Excel, Financial Modeling","Analytical Skills, Attention to Detail",Extrovert,8-12 LPA,No Certification,I prefer working alone,Visual,No,No,Financial Analyst
M.Tech,Computer Science,8.89,"Python, TensorFlow, R, SQL, Scikit-learn","Critical Thinking, Problem-Solving",Ambivert,12+ LPA,IBM Data Science,I prefer working alone,Read/Write,Yes,Yes,Data Scientist
B.Des,Fine Arts,6.81,"Adobe Illustrator, Figma, Adobe Photoshop","Attention to Detail, Creativity",Introvert,4-8 LPA,Adobe Certified Expert (ACE),I like a mix of both,Kinesthetic,No,No,UI/UX Designer
B.Tech,Computer Science,9.79,"Scikit-learn, TensorFlow","Critical Thinking, Problem-Solving",Introvert,8-12 LPA,Google Data Analytics,I prefer working alone,Read/Write,Yes,No,Data Scientist
Diploma,Mechanical Engineering,7.72,"SolidWorks, MATLAB, AutoCAD","Teamwork, Problem-Solving",Ambivert,4-8 LPA,Certified SOLIDWORKS Professional,I prefer working in a team,Kinesthetic,Yes,Yes,Mechanical Engineer
BBA,Marketing,8.21,"SEO, Google Analytics","Communication, Creativity",Extrovert,8-12 LPA,HubSpot Content Marketing,I prefer working in a team,Auditory,Yes,No,Marketing Manager
Diploma,Mechanical Engineering,8.29,"MATLAB, AutoCAD, SolidWorks","Teamwork, Problem-Solving",Ambivert,4-8 LPA,No Certification,I prefer working in a team,Kinesthetic,Yes,Yes,Mechanical Engineer
B.Tech,Mechanical Engineering,7.95,"MATLAB, SolidWorks","Problem-Solving, Teamwork",Ambivert,4-8 LPA,No Certification,I prefer working in a team,Kinesthetic,Yes,Yes,Mechanical Engineer
B.Tech,Computer Science,8.6,"Java, Python, JavaScript","Problem-Solving, Teamwork",Introvert,12+ LPA,Coursera - Python for Everybody,I prefer working alone,Kinesthetic,Maybe,No,Software Developer
BBA,Marketing,8.94,"Social Media Management, Digital Marketing, Google Analytics","Communication, Leadership",Extrovert,8-12 LPA,HubSpot Content Marketing,I prefer working in a team,Auditory,Yes,No,Social Media Manager
B.Tech,Graphic Design,8.4,"Figma, User Research, Sketch, Adobe XD","Problem-Solving, Creativity",Ambivert,8-12 LPA,No Certification,I like a mix of both,Kinesthetic,No,No,UI/UX Designer
B.Des,Graphic Design,8.11,"Adobe Photoshop, Adobe Illustrator, Figma","Attention to Detail, Creativity",Introvert,4-8 LPA,Adobe Certified Expert (ACE),I prefer working alone,Visual,No,No,Graphic Designer
M.Tech,Computer Science,9.87,"TensorFlow, NLP","Research, Critical Thinking",Introvert,12+ LPA,Deep Learning Specialization,I prefer working alone,Read/Write,Yes,Yes,Data Scientist
M.Tech,AI & ML,9.34,"NLP, TensorFlow, Computer Vision, PyTorch","Research, Critical Thinking",Introvert,12+ LPA,TensorFlow Developer,I prefer working alone,Read/Write,Yes,Yes,AI Specialist
BBA,Marketing,8.06,"SEO, Digital Marketing, Social Media Management","Communication, Creativity",Extrovert,12+ LPA,HubSpot Content Marketing,I prefer working in a team,Visual,Maybe,No,Social Media Manager
B.A.,Graphic Design,6.71,"Adobe Illustrator, Figma","Attention to Detail, Creativity",Ambivert,Less than 4 LPA,No Certification,I prefer working alone,Visual,No,Yes,Graphic Designer
M.Tech,Data Science,8.63,"Scikit-learn, TensorFlow, Python","Critical Thinking, Problem-Solving",Ambivert,8-12 LPA,Google Data Analytics,I prefer working alone,Read/Write,Yes,Yes,Data Scientist
B.Tech,Computer Science,8.23,"JavaScript, Git","Problem-Solving, Teamwork",Ambivert,8-12 LPA,No Certification,I like a mix of both,Kinesthetic,Yes,No,Software Developer
B.Tech,Human-Computer Interaction,7.75,"Figma, Sketch, User Research","Empathy, Creativity",Ambivert,12+ LPA,Nielsen Norman Group UX Certification,I like a mix of both,Kinesthetic,Yes,No,UI/UX Designer
BBA,Marketing,8.53,"SEO, Social Media Management, Digital Marketing, Google Analytics","Creativity, Leadership",Extrovert,8-12 LPA,Google Digital Marketing,I prefer working in a team,Visual,Maybe,No,Marketing Manager
M.Tech,AI & ML,9.29,"Python, Computer Vision, TensorFlow, NLP","Critical Thinking, Research",Introvert,12+ LPA,TensorFlow Developer,I prefer working alone,Read/Write,Yes,Yes,Data Scientist
B.A.,Fine Arts,7.35,"Figma, Adobe Illustrator","Creativity, Attention to Detail",Ambivert,Less than 4 LPA,Adobe Certified Expert (ACE),I prefer working alone,Visual,No,Yes,Graphic Designer
B.Tech,Computer Science,9.64,"Python, Git, Java, SQL","Problem-Solving, Teamwork",Introvert,8-12 LPA,No Certification,I prefer working alone,Visual,Yes,No,Software Developer
B.Com,Finance,8.71,"MS Excel, Tableau","Attention to Detail, Analytical Skills",Ambivert,4-8 LPA,CFA,I prefer working alone,Visual,Maybe,Yes,Financial Analyst
B.Tech,Mechanical Engineering,7.62,"SolidWorks, AutoCAD, MATLAB","Teamwork, Problem-Solving",Ambivert,4-8 LPA,Certified SOLIDWORKS Professional,I prefer working in a team,Kinesthetic,Maybe,Yes,Mechanical Engineer
Diploma,Mechanical Engineering,8.76,"SolidWorks, AutoCAD","Teamwork, Problem-Solving",Ambivert,4-8 LPA,No Certification,I prefer working in a team,Kinesthetic,Maybe,Yes,Mechanical Engineer
B.Tech,Computer Science,9.78,"Python, Git, SQL, Java","Problem-Solving, Teamwork",Ambivert,8-12 LPA,No Certification,I like a mix of both,Visual,Maybe,No,Software Developer
B.Tech,Computer Science,9.32,"JavaScript, SQL, Python","Teamwork, Problem-Solving",Ambivert,8-12 LPA,Coursera - Python for Everybody,I like a mix of both,Kinesthetic,Maybe,No,Software Developer
B.Tech,Data Science,9.2,"Scikit-learn, Python, SQL, TensorFlow, R","Critical Thinking, Problem-Solving",Ambivert,12+ LPA,Google Data Analytics,I prefer working alone,Read/Write,Yes,Yes,AI Specialist
MBA,Marketing,7.69,"Google Analytics, SEO, Digital Marketing, Social Media Management","Creativity, Communication",Extrovert,12+ LPA,HubSpot Content Marketing,I prefer working in a team,Visual,Maybe,No,Social Media Manager
B.Tech,Computer Science,9.13,"Java, Python, SQL, JavaScript, Git","Teamwork, Problem-Solving",Introvert,12+ LPA,No Certification,I like a mix of both,Visual,Maybe,No,Software Developer
Diploma,Mechanical Engineering,8.41,"MATLAB, SolidWorks","Problem-Solving, Teamwork",Ambivert,8-12 LPA,No Certification,I prefer working in a team,Kinesthetic,Maybe,Yes,Mechanical Engineer
B.Tech,Data Science,8.68,"Scikit-learn, TensorFlow, Python, R","Problem-Solving, Critical Thinking",Introvert,12+ LPA,Google Data Analytics,I prefer working alone,Visual,Yes,No,Data Scientist
MBA,Marketing,8.23,"Social Media Management, Digital Marketing","Leadership, Creativity",Extrovert,8-12 LPA,HubSpot Content Marketing,I prefer working in a team,Auditory,Yes,No,Marketing Manager
M.Tech,Data Science,9.13,"Python, TensorFlow, SQL, Scikit-learn, R","Problem-Solving, Critical Thinking",Introvert,12+ LPA,IBM Data Science,I prefer working alone,Read/Write,Yes,No,Data Scientist
MBA,Business Administration,7.34,"SEO, Google Analytics, Social Media Management","Creativity, Communication",Extrovert,12+ LPA,Google Digital Marketing,I prefer working in a team,Auditory,Maybe,No,Marketing Manager
B.Des,Human-Computer Interaction,8.73,"Adobe XD, User Research, Sketch, Figma","Creativity, Problem-Solving",Ambivert,12+ LPA,No Certification,I like a mix of both,Kinesthetic,No,No,Graphic Designer
M.Tech,AI & ML,9.89,"NLP, Computer Vision, TensorFlow, Python, PyTorch","Critical Thinking, Research",Introvert,12+ LPA,TensorFlow Developer,I prefer working alone,Read/Write,Yes,Yes,AI Specialist
B.Tech,Mechanical Engineering,7.29,"SolidWorks, AutoCAD","Teamwork, Problem-Solving",Ambivert,4-8 LPA,Certified SOLIDWORKS Professional,I prefer working in a team,Kinesthetic,Yes,Yes,Mechanical Engineer
M.Tech,AI & ML,9.96,"TensorFlow, Computer Vision, Python","Critical Thinking, Research",Introvert,12+ LPA,TensorFlow Developer,I prefer working alone,Read/Write,Yes,Yes,AI Specialist
B.Tech,Computer Science,8.42,"Python, Git","Problem-Solving, Teamwork",Ambivert,12+ LPA,Coursera - Python for Everybody,I like a mix of both,Visual,Maybe,No,Software Developer
B.Des,Fine Arts,7.03,"Adobe Photoshop, Figma","Attention to Detail, Creativity",Introvert,4-8 LPA,No Certification,I like a mix of both,Visual,No,No,UI/UX Designer
M.Tech,AI & ML,9.13,"Computer Vision, TensorFlow, NLP, Python, PyTorch","Research, Critical Thinking",Introvert,12+ LPA,Deep Learning Specialization,I prefer working alone,Read/Write,Yes,Yes,AI Specialist
B.Com,Commerce,8.71,"SQL, Financial Modeling, Tableau, MS Excel","Analytical Skills, Attention to Detail",Ambivert,4-8 LPA,No Certification,I prefer working alone,Read/Write,Maybe,Yes,Business Analyst
M.Tech,AI & ML,9.91,"TensorFlow, Python, NLP","Research, Critical Thinking",Introvert,12+ LPA,Deep Learning Specialization,I prefer working alone,Read/Write,Yes,Yes,AI Specialist
B.Com,Finance,9.05,"Tableau, SQL","Analytical Skills, Attention to Detail",Ambivert,8-12 LPA,CFA,I prefer working alone,Visual,Maybe,Yes,Financial Analyst
B.Tech,Computer Science,8.84,"SQL, Git, Java","Teamwork, Problem-Solving",Introvert,12+ LPA,Coursera - Python for Everybody,I prefer working alone,Kinesthetic,Yes,No,Software Developer
B.Tech,Data Science,8.95,"R, Python, Scikit-learn, SQL","Critical Thinking, Problem-Solving",Introvert,12+ LPA,Google Data Analytics,I prefer working alone,Visual,Yes,No,Data Scientist
B.Tech,Computer Science,8.86,"Git, Python, Java, SQL, JavaScript","Problem-Solving, Teamwork",Introvert,8-12 LPA,No Certification,I prefer working alone,Kinesthetic,Yes,No,Data Scientist
M.Tech,Computer Science,9.17,"NLP, Computer Vision, Python, TensorFlow, PyTorch","Research, Critical Thinking",Introvert,12+ LPA,TensorFlow Developer,I prefer working alone,Read/Write,Yes,Yes,AI Specialist
BBA,Business Administration,8.39,"SEO, Digital Marketing, Google Analytics","Communication, Creativity",Extrovert,12+ LPA,Google Digital Marketing,I prefer working in a team,Auditory,Yes,No,Marketing Manager
BBA,Marketing,7.47,"Google Analytics, Social Media Management, Digital Marketing, SEO","Leadership, Communication",Extrovert,8-12 LPA,Google Digital Marketing,I prefer working in a team,Visual,Maybe,No,Marketing Manager
M.Tech,Computer Science,8.96,"SQL, Python","Problem-Solving, Critical Thinking",Ambivert,12+ LPA,IBM Data Science,I prefer working alone,Visual,Yes,Yes,Data Scientist
B.Com,Commerce,8.72,"Tableau, MS Excel","Attention to Detail, Analytical Skills",Extrovert,8-12 LPA,No Certification,I prefer working alone,Visual,No,No,Financial Analyst
B.Des,Fine Arts,8.42,"Adobe Photoshop, Adobe Illustrator","Attention to Detail, Creativity",Ambivert,Less than 4 LPA,Adobe Certified Expert (ACE),I like a mix of both,Visual,No,No,Graphic Designer
B.Com,Finance,8.42,"Financial Modeling, Tableau, MS Excel","Attention to Detail, Analytical Skills",Extrovert,4-8 LPA,No Certification,I prefer working alone,Visual,Maybe,Yes,Financial Analyst
B.Tech,Computer Science,8.59,"Python, SQL, JavaScript","Teamwork, Problem-Solving",Ambivert,12+ LPA,No Certification,I prefer working alone,Kinesthetic,Maybe,No,Software Developer
BBA,Marketing,7.28,"Google Analytics, Social Media Management, SEO","Creativity, Leadership",Extrovert,8-12 LPA,Google Digital Marketing,I prefer working in a team,Auditory,Yes,No,Marketing Manager
B.Tech,Computer Science,8.11,"Java, Git","Problem-Solving, Teamwork",Introvert,12+ LPA,No Certification,I like a mix of both,Visual,Yes,No,Software Developer
B.A.,Graphic Design,8.74,"Figma, Adobe Photoshop","Creativity, Attention to Detail",Ambivert,Less than 4 LPA,Adobe Certified Expert (ACE),I like a mix of both,Kinesthetic,No,No,Graphic Designer
B.Tech,Data Science,9.64,"TensorFlow, R, Python, Scikit-learn, SQL","Critical Thinking, Problem-Solving",Ambivert,8-12 LPA,Google Data Analytics,I prefer working alone,Read/Write,Yes,No,Data Scientist
MBA,Commerce,9.12,"Tableau, MS Excel","Analytical Skills, Attention to Detail",Ambivert,4-8 LPA,CFA,I prefer working alone,Visual,No,No,Financial Analyst
B.Tech,Mechanical Engineering,7.35,"MATLAB, SolidWorks","Problem-Solving, Teamwork",Ambivert,4-8 LPA,Certified SOLIDWORKS Professional,I prefer working in a team,Kinesthetic,Maybe,Yes,Mechanical Engineer
B.Tech,Human-Computer Interaction,9.28,"User Research, Figma, Adobe XD","Creativity, Empathy",Ambivert,8-12 LPA,No Certification,I like a mix of both,Kinesthetic,No,No,UI/UX Designer
B.Com,Finance,8.06,"Financial Modeling, SQL, Tableau, MS Excel","Analytical Skills, Attention to Detail",Ambivert,4-8 LPA,No Certification,I prefer working alone,Visual,Maybe,Yes,Financial Analyst
MBA,Marketing,8.34,"Social Media Management, Digital Marketing","Creativity, Communication",Extrovert,8-12 LPA,HubSpot Content Marketing,I prefer working in a team,Auditory,Maybe,No,Social Media Manager
B.Tech,Computer Science,8.29,"Java, JavaScript","Teamwork, Problem-Solving",Introvert,8-12 LPA,Coursera - Python for Everybody,I prefer working alone,Visual,Maybe,No,Software Developer
M.Tech,AI & ML,9.73,"Python, NLP, Computer Vision, PyTorch, TensorFlow","Research, Critical Thinking",Introvert,12+ LPA,Deep Learning Specialization,I prefer working alone,Read/Write,Yes,Yes,AI Specialist
B.Tech,Computer Science,9.24,"SQL, Scikit-learn, R","Problem-Solving, Critical Thinking",Introvert,12+ LPA,IBM Data Science,I prefer working alone,Read/Write,Yes,No,Data Scientist
B.Des,Graphic Design,7.48,"Adobe Illustrator, Figma, Adobe Photoshop","Creativity, Attention to Detail",Ambivert,Less than 4 LPA,No Certification,I like a mix of both,Kinesthetic,No,No,Graphic Designer
B.Tech,Mechanical Engineering,7.43,"SolidWorks, AutoCAD","Problem-Solving, Teamwork",Ambivert,8-12 LPA,No Certification,I prefer working in a team,Kinesthetic,Maybe,Yes,Mechanical Engineer
B.Tech,Mechanical Engineering,7.96,"AutoCAD, MATLAB, SolidWorks","Teamwork, Problem-Solving",Ambivert,8-12 LPA,No Certification,I prefer working in a team,Kinesthetic,Maybe,Yes,Mechanical Engineer
B.Des,Fine Arts,7.9,"Figma, Adobe Illustrator","Creativity, Attention to Detail",Ambivert,4-8 LPA,No Certification,I like a mix of both,Kinesthetic,No,No,Graphic Designer
Diploma,Mechanical Engineering,7.04,"MATLAB, SolidWorks","Teamwork, Problem-Solving",Ambivert,8-12 LPA,Certified SOLIDWORKS Professional,I prefer working in a team,Kinesthetic,Yes,Yes,Mechanical Engineer
M.Tech,AI & ML,9.04,"TensorFlow, PyTorch, Computer Vision","Critical Thinking, Research",Introvert,12+ LPA,Deep Learning Specialization,I prefer working alone,Read/Write,Yes,Yes,AI Specialist
B.Des,Graphic Design,8.04,"User Research, Sketch, Adobe XD, Figma","Problem-Solving, Empathy",Ambivert,8-12 LPA,No Certification,I like a mix of both,Visual,No,No,UI/UX Designer
M.Tech,Computer Science,9.52,"NLP, Python, TensorFlow, PyTorch","Research, Critical Thinking",Introvert,12+ LPA,TensorFlow Developer,I prefer working alone,Read/Write,Yes,Yes,AI Specialist
M.Tech,Computer Science,9.04,"TensorFlow, SQL, Scikit-learn, R, Python","Problem-Solving, Critical Thinking",Introvert,12+ LPA,Google Data Analytics,I prefer working alone,Read/Write,Yes,Yes,Data Scientist
B.Tech,Computer Science,9.72,"SQL, JavaScript, Python, Git, Java","Teamwork, Problem-Solving",Introvert,8-12 LPA,No Certification,I prefer working alone,Kinesthetic,Maybe,No,Software Developer
M.Tech,Data Science,8.63,"TensorFlow, Scikit-learn","Problem-Solving, Critical Thinking",Ambivert,12+ LPA,IBM Data Science,I prefer working alone,Visual,Yes,Yes,Data Scientist
Diploma,Mechanical Engineering,8.21,"SolidWorks, AutoCAD, MATLAB","Teamwork, Problem-Solving",Ambivert,4-8 LPA,No Certification,I prefer working in a team,Kinesthetic,Yes,Yes,Mechanical Engineer
B.Com,Finance,9.14,"SQL, Financial Modeling, Tableau","Attention to Detail, Analytical Skills",Extrovert,8-12 LPA,CFA,I prefer working alone,Visual,Maybe,No,Financial Analyst
B.A.,Fine Arts,8.13,"Adobe Photoshop, Figma, Adobe Illustrator","Attention to Detail, Creativity",Introvert,Less than 4 LPA,Adobe Certified Expert (ACE),I prefer working alone,Kinesthetic,No,Yes,Graphic Designer
B.Des,Fine Arts,7.94,"Adobe Illustrator, Figma","Attention to Detail, Creativity",Ambivert,Less than 4 LPA,No Certification,I like a mix of both,Visual,No,Yes,Graphic Designer
B.Des,Human-Computer Interaction,7.98,"Figma, User Research","Empathy, Creativity",Ambivert,12+ LPA,Nielsen Norman Group UX Certification,I like a mix of both,Visual,Yes,No,UI/UX Designer
BBA,Business Administration,8.59,"SEO, Social Media Management, Digital Marketing, Google Analytics","Creativity, Communication",Extrovert,12+ LPA,Google Digital Marketing,I prefer working in a team,Auditory,Yes,No,Social Media Manager
B.Tech,Computer Science,8.45,"Java, Python, JavaScript, SQL, Git","Problem-Solving, Teamwork",Ambivert,12+ LPA,Coursera - Python for Everybody,I like a mix of both,Kinesthetic,Yes,No,Data Scientist
B.Tech,Computer Science,8.34,"SQL, Git","Problem-Solving, Teamwork",Ambivert,12+ LPA,No Certification,I like a mix of both,Kinesthetic,Maybe,No,Data Scientist
B.Tech,Human-Computer Interaction,8.09,"Figma, Adobe XD, User Research, Sketch","Creativity, Empathy",Ambivert,8-12 LPA,Nielsen Norman Group UX Certification,I like a mix of both,Kinesthetic,No,No,Graphic Designer
BBA,Marketing,7.55,"Social Media Management, Google Analytics, Digital Marketing","Leadership, Creativity",Extrovert,12+ LPA,HubSpot Content Marketing,I prefer working in a team,Visual,Maybe,No,Marketing Manager
MBA,Marketing,7.4,"Google Analytics, Social Media Management","Creativity, Leadership",Extrovert,8-12 LPA,HubSpot Content Marketing,I prefer working in a team,Auditory,Yes,No,Social Media Manager
B.Tech,Computer Science,9.22,"Python, Scikit-learn, R, TensorFlow, SQL","Critical Thinking, Problem-Solving",Introvert,12+ LPA,Google Data Analytics,I prefer working alone,Read/Write,Yes,Yes,Data Scientist
B.Tech,Computer Science,9.77,"Java, Git, Python, SQL, JavaScript","Teamwork, Problem-Solving",Introvert,8-12 LPA,No Certification,I like a mix of both,Kinesthetic,Yes,No,Software Developer
M.Tech,Computer Science,8.9,"TensorFlow, Python, SQL, Scikit-learn, R","Critical Thinking, Problem-Solving",Ambivert,12+ LPA,Google Data Analytics,I prefer working alone,Read/Write,Yes,Yes,Data Scientist
B.Com,Commerce,7.52,"SQL, MS Excel, Tableau","Attention to Detail, Analytical Skills",Extrovert,4-8 LPA,No Certification,I prefer working alone,Visual,No,No,Financial Analyst
M.Tech,AI & ML,9.2,"PyTorch, Python","Critical Thinking, Research",Introvert,12+ LPA,TensorFlow Developer,I prefer working alone,Read/Write,Yes,Yes,AI Specialist
M.Tech,Computer Science,9.31,"Computer Vision, TensorFlow, PyTorch, NLP","Critical Thinking, Research",Introvert,12+ LPA,TensorFlow Developer,I prefer working alone,Read/Write,Yes,Yes,AI Specialist
Diploma,Mechanical Engineering,8.29,"AutoCAD, MATLAB, SolidWorks","Problem-Solving, Teamwork",Ambivert,4-8 LPA,No Certification,I prefer working in a team,Kinesthetic,Yes,Yes,Mechanical Engineer
MBA,Business Administration,7.12,"SEO, Digital Marketing","Communication, Creativity",Extrovert,12+ LPA,Google Digital Marketing,I prefer working in a team,Visual,Maybe,No,Marketing Manager
B.Des,Graphic Design,7.6,"Figma, Adobe Illustrator, Adobe Photoshop","Attention to Detail, Creativity",Introvert,Less than 4 LPA,No Certification,I like a mix of both,Visual,No,Yes,UI/UX Designer
B.Tech,Human-Computer Interaction,8.8,"Figma, Sketch, Adobe XD, User Research","Empathy, Creativity",Ambivert,12+ LPA,Nielsen Norman Group UX Certification,I like a mix of both,Visual,No,No,Graphic Designer
B.A.,Fine Arts,8.8,"Adobe Photoshop, Adobe Illustrator, Figma","Attention to Detail, Creativity",Ambivert,Less than 4 LPA,Adobe Certified Expert (ACE),I prefer working alone,Visual,No,No,UI/UX Designer
B.Tech,Mechanical Engineering,7.85,"AutoCAD, SolidWorks, MATLAB","Problem-Solving, Teamwork",Ambivert,8-12 LPA,Certified SOLIDWORKS Professional,I prefer working in a team,Kinesthetic,Maybe,Yes,Mechanical Engineer
B.Des,Human-Computer Interaction,9.01,"Adobe XD, Figma, Sketch, User Research","Creativity, Empathy",Ambivert,8-12 LPA,Nielsen Norman Group UX Certification,I like a mix of both,Visual,No,No,Graphic Designer
MBA,Finance,7.91,"MS Excel, SQL, Financial Modeling","Attention to Detail, Analytical Skills",Ambivert,8-12 LPA,CFA,I prefer working alone,Visual,No,Yes,Financial Analyst
B.Com,Commerce,8.03,"Tableau, Financial Modeling","Analytical Skills, Attention to Detail",Extrovert,8-12 LPA,CFA,I prefer working alone,Visual,No,No,Financial Analyst
B.Tech,Computer Science,9.32,"TensorFlow, SQL","Critical Thinking, Problem-Solving",Introvert,8-12 LPA,IBM Data Science,I prefer working alone,Visual,Yes,No,Data Scientist
BBA,Marketing,7.68,"Google Analytics, SEO","Creativity, Leadership",Extrovert,8-12 LPA,HubSpot Content Marketing,I prefer working in a team,Auditory,Maybe,No,Social Media Manager
B.Des,Fine Arts,8.12,"Adobe Photoshop, Figma","Attention to Detail, Creativity",Ambivert,4-8 LPA,Adobe Certified Expert (ACE),I like a mix of both,Kinesthetic,No,No,Graphic Designer
B.Des,Graphic Design,7.29,"Adobe Illustrator, Adobe Photoshop","Attention to Detail, Creativity",Introvert,4-8 LPA,No Certification,I like a mix of both,Kinesthetic,No,Yes,Graphic Designer
B.Tech,Graphic Design,8.86,"Figma, Adobe XD, User Research","Problem-Solving, Empathy",Ambivert,12+ LPA,Nielsen Norman Group UX Certification,I like a mix of both,Kinesthetic,Yes,No,UI/UX Designer
B.Tech,Mechanical Engineering,7.6,"MATLAB, AutoCAD","Problem-Solving, Teamwork",Ambivert,8-12 LPA,Certified SOLIDWORKS Professional,I prefer working in a team,Kinesthetic,Maybe,Yes,Mechanical Engineer
B.Des,Graphic Design,9.13,"Adobe XD, Sketch, Figma, User Research","Problem-Solving, Empathy",Ambivert,8-12 LPA,No Certification,I like a mix of both,Kinesthetic,No,No,UI/UX Designer
M.Tech,Computer Science,9.98,"Python, TensorFlow","Critical Thinking, Research",Introvert,12+ LPA,Deep Learning Specialization,I prefer working alone,Read/Write,Yes,Yes,AI Specialist
B.Tech,Data Science,9.22,"Scikit-learn, SQL, R, TensorFlow","Critical Thinking, Problem-Solving",Ambivert,8-12 LPA,IBM Data Science,I prefer working alone,Read/Write,Yes,Yes,Data Scientist
M.Tech,Computer Science,9.95,"Computer Vision, TensorFlow, PyTorch, NLP","Critical Thinking, Research",Introvert,12+ LPA,Deep Learning Specialization,I prefer working alone,Read/Write,Yes,Yes,Data Scientist
B.Des,Human-Computer Interaction,8.49,"Figma, Adobe XD, User Research","Creativity, Problem-Solving",Ambivert,8-12 LPA,Nielsen Norman Group UX Certification,I like a mix of both,Kinesthetic,No,No,UI/UX Designer
MBA,Finance,8.3,"MS Excel, SQL","Attention to Detail, Analytical Skills",Ambivert,8-12 LPA,CFA,I prefer working alone,Visual,No,No,Financial Analyst
BBA,Marketing,7.3,"Social Media Management, SEO, Google Analytics, Digital Marketing","Leadership, Communication",Extrovert,8-12 LPA,HubSpot Content Marketing,I prefer working in a team,Visual,Maybe,No,Marketing Manager
B.Tech,Graphic Design,8.37,"User Research, Sketch","Problem-Solving, Creativity",Ambivert,8-12 LPA,Nielsen Norman Group UX Certification,I like a mix of both,Kinesthetic,Yes,No,UI/UX Designer
M.Tech,Computer Science,9.38,"Computer Vision, TensorFlow, PyTorch","Research, Critical Thinking",Introvert,12+ LPA,Deep Learning Specialization,I prefer working alone,Read/Write,Yes,Yes,AI Specialist
B.Des,Human-Computer Interaction,8.29,"User Research, Adobe XD, Figma, Sketch","Creativity, Problem-Solving",Ambivert,12+ LPA,Nielsen Norman Group UX Certification,I like a mix of both,Kinesthetic,Yes,No,UI/UX Designer
B.Tech,Graphic Design,8.67,"Figma, User Research","Creativity, Empathy",Ambivert,8-12 LPA,Nielsen Norman Group UX Certification,I like a mix of both,Visual,No,No,UI/UX Designer
B.Tech,Mechanical Engineering,8.87,"AutoCAD, MATLAB, SolidWorks","Teamwork, Problem-Solving",Ambivert,4-8 LPA,Certified SOLIDWORKS Professional,I prefer working in a team,Kinesthetic,Maybe,Yes,Mechanical Engineer
B.Tech,Computer Science,8.87,"Git, Java, Python","Teamwork, Problem-Solving",Introvert,8-12 LPA,No Certification,I prefer working alone,Kinesthetic,Maybe,No,Data Scientist
B.A.,Graphic Design,8.12,"Figma, Adobe Photoshop","Creativity, Attention to Detail",Ambivert,4-8 LPA,No Certification,I prefer working alone,Visual,No,No,Graphic Designer
B.Des,Fine Arts,8.8,"Adobe Illustrator, Figma, Adobe Photoshop","Creativity, Attention to Detail",Introvert,Less than 4 LPA,No Certification,I like a mix of both,Visual,No,No,Graphic Designer
MBA,Commerce,9.08,"Tableau, MS Excel","Analytical Skills, Attention to Detail",Ambivert,8-12 LPA,CFA,I prefer working alone,Read/Write,Maybe,No,Financial Analyst
B.Tech,Computer Science,8.09,"SQL, Python","Teamwork, Problem-Solving",Ambivert,12+ LPA,Coursera - Python for Everybody,I prefer working alone,Kinesthetic,Yes,No,Data Scientist
MBA,Marketing,8.39,"Digital Marketing, Social Media Management, SEO, Google Analytics","Creativity, Leadership",Extrovert,12+ LPA,HubSpot Content Marketing,I prefer working in a team,Visual,Yes,No,Marketing Manager
B.Tech,Human-Computer Interaction,7.98,"Adobe XD, Sketch, User Research, Figma","Empathy, Creativity",Ambivert,8-12 LPA,Nielsen Norman Group UX Certification,I like a mix of both,Kinesthetic,No,No,UI/UX Designer
M.Tech,AI & ML,9.23,"TensorFlow, Python, Computer Vision","Critical Thinking, Research",Introvert,12+ LPA,Deep Learning Specialization,I prefer working alone,Read/Write,Yes,Yes,AI Specialist
B.Tech,Human-Computer Interaction,8.25,"Adobe XD, User Research","Creativity, Problem-Solving",Ambivert,12+ LPA,No Certification,I like a mix of both,Visual,Yes,No,Graphic Designer
B.Des,Graphic Design,8.83,"Adobe Photoshop, Figma","Attention to Detail, Creativity",Ambivert,4-8 LPA,Adobe Certified Expert (ACE),I prefer working alone,Visual,No,No,Graphic Designer
B.Des,Fine Arts,7.24,"Figma, Adobe Photoshop","Attention to Detail, Creativity",Introvert,Less than 4 LPA,No Certification,I prefer working alone,Kinesthetic,No,Yes,Graphic Designer
M.Tech,AI & ML,9.19,"Python, NLP, Computer Vision","Critical Thinking, Research",Introvert,12+ LPA,TensorFlow Developer,I prefer working alone,Read/Write,Yes,Yes,AI Specialist
B.A.,Fine Arts,7.37,"Adobe Photoshop, Figma, Adobe Illustrator","Creativity, Attention to Detail",Ambivert,Less than 4 LPA,Adobe Certified Expert (ACE),I like a mix of both,Kinesthetic,No,No,Graphic Designer
B.Tech,Computer Science,8.12,"Python, JavaScript, Java, Git","Teamwork, Problem-Solving",Introvert,8-12 LPA,Coursera - Python for Everybody,I like a mix of both,Visual,Yes,No,Software Developer
B.Tech,Mechanical Engineering,7.82,"MATLAB, AutoCAD, SolidWorks","Teamwork, Problem-Solving",Ambivert,8-12 LPA,No Certification,I prefer working in a team,Kinesthetic,Maybe,Yes,Civil Engineer
M.Tech,AI & ML,8.88,"PyTorch, Computer Vision","Critical Thinking, Research",Introvert,12+ LPA,TensorFlow Developer,I prefer working alone,Read/Write,Yes,Yes,Data Scientist
M.Tech,Computer Science,8.86,"PyTorch, Computer Vision, TensorFlow","Research, Critical Thinking",Introvert,12+ LPA,TensorFlow Developer,I prefer working alone,Read/Write,Yes,Yes,Data Scientist
BBA,Business Administration,7.3,"Google Analytics, Digital Marketing, SEO","Leadership, Communication",Extrovert,12+ LPA,HubSpot Content Marketing,I prefer working in a team,Auditory,Maybe,No,Marketing Manager
Diploma,Mechanical Engineering,8.43,"AutoCAD, MATLAB, SolidWorks","Problem-Solving, Teamwork",Ambivert,4-8 LPA,Certified SOLIDWORKS Professional,I prefer working in a team,Kinesthetic,Maybe,Yes,Mechanical Engineer
B.Des,Human-Computer Interaction,9.19,"Sketch, Adobe XD, User Research, Figma","Problem-Solving, Empathy",Ambivert,8-12 LPA,Nielsen Norman Group UX Certification,I like a mix of both,Kinesthetic,Yes,No,UI/UX Designer
B.Tech,Computer Science,9.1,"Java, SQL","Problem-Solving, Teamwork",Ambivert,12+ LPA,No Certification,I like a mix of both,Visual,Yes,No,Data Scientist
B.Des,Graphic Design,8.5,"Sketch, Adobe XD, User Research","Creativity, Problem-Solving",Ambivert,12+ LPA,No Certification,I like a mix of both,Kinesthetic,No,No,UI/UX Designer
B.Tech,Computer Science,9.53,"Git, Python, Java, JavaScript, SQL","Problem-Solving, Teamwork",Ambivert,12+ LPA,Coursera - Python for Everybody,I like a mix of both,Visual,Maybe,No,Software Developer
MBA,Business Administration,7.26,"Social Media Management, Digital Marketing, SEO, Google Analytics","Leadership, Communication",Extrovert,8-12 LPA,HubSpot Content Marketing,I prefer working in a team,Visual,Maybe,No,Marketing Manager
M.Tech,AI & ML,9.92,"PyTorch, NLP, TensorFlow, Python","Research, Critical Thinking",Introvert,12+ LPA,Deep Learning Specialization,I prefer working alone,Read/Write,Yes,Yes,AI Specialist
BBA,Business Administration,7.75,"Google Analytics, SEO","Creativity, Communication",Extrovert,12+ LPA,Google Digital Marketing,I prefer working in a team,Auditory,Yes,No,Marketing Manager
MBA,Commerce,8.35,"Financial Modeling, MS Excel, Tableau, SQL","Attention to Detail, Analytical Skills",Extrovert,4-8 LPA,No Certification,I prefer working alone,Visual,No,Yes,Business Analyst
M.Tech,Computer Science,9.0,"R, TensorFlow, Python","Critical Thinking, Problem-Solving",Ambivert,8-12 LPA,IBM Data Science,I prefer working alone,Visual,Yes,No,Data Scientist
B.Tech,Mechanical Engineering,7.91,"AutoCAD, SolidWorks, MATLAB","Problem-Solving, Teamwork",Ambivert,8-12 LPA,No Certification,I prefer working in a team,Kinesthetic,Yes,Yes,Mechanical Engineer
B.Tech,Data Science,8.76,"SQL, R, Python","Problem-Solving, Critical Thinking",Introvert,12+ LPA,Google Data Analytics,I prefer working alone,Visual,Yes,Yes,Data Scientist
B.A.,Graphic Design,7.03,"Adobe Illustrator, Figma","Attention to Detail, Creativity",Ambivert,4-8 LPA,No Certification,I prefer working alone,Visual,No,No,Graphic Designer
B.Tech,Mechanical Engineering,7.54,"AutoCAD, MATLAB","Teamwork, Problem-Solving",Ambivert,4-8 LPA,No Certification,I prefer working in a team,Kinesthetic,Maybe,Yes,Mechanical Engineer
M.Tech,AI & ML,9.76,"PyTorch, Python, Computer Vision, TensorFlow, NLP","Critical Thinking, Research",Introvert,12+ LPA,TensorFlow Developer,I prefer working alone,Read/Write,Yes,Yes,AI Specialist
BBA,Marketing,8.78,"Digital Marketing, Google Analytics, Social Media Management","Communication, Creativity",Extrovert,8-12 LPA,HubSpot Content Marketing,I prefer working in a team,Auditory,Yes,No,Marketing Manager
B.Com,Finance,8.7,"Financial Modeling, MS Excel, SQL","Analytical Skills, Attention to Detail",Extrovert,4-8 LPA,CFA,I prefer working alone,Read/Write,Maybe,Yes,Financial Analyst
M.Tech,Computer Science,9.61,"SQL, TensorFlow, Scikit-learn, Python","Problem-Solving, Critical Thinking",Introvert,12+ LPA,Google Data Analytics,I prefer working alone,Visual,Yes,No,Data Scientist
B.Tech,Computer Science,8.57,"Python, Git, JavaScript, Java, SQL","Problem-Solving, Teamwork",Introvert,8-12 LPA,No Certification,I prefer working alone,Kinesthetic,Maybe,No,Data Scientist
MBA,Marketing,8.71,"Digital Marketing, SEO","Leadership, Communication",Extrovert,12+ LPA,Google Digital Marketing,I prefer working in a team,Visual,Maybe,No,Marketing Manager
B.Tech,Mechanical Engineering,8.3,"MATLAB, AutoCAD","Problem-Solving, Teamwork",Ambivert,8-12 LPA,No Certification,I prefer working in a team,Kinesthetic,Maybe,Yes,Mechanical Engineer
MBA,Commerce,7.53,"MS Excel, Tableau","Analytical Skills, Attention to Detail",Ambivert,4-8 LPA,No Certification,I prefer working alone,Visual,No,Yes,Financial Analyst
MBA,Marketing,7.75,"Social Media Management, Google Analytics","Communication, Creativity",Extrovert,8-12 LPA,HubSpot Content Marketing,I prefer working in a team,Visual,Yes,No,Marketing Manager
B.Tech,Mechanical Engineering,7.3,"SolidWorks, MATLAB","Problem-Solving, Teamwork",Ambivert,4-8 LPA,No Certification,I prefer working in a team,Kinesthetic,Maybe,Yes,Mechanical Engineer
M.Tech,Computer Science,9.78,"Computer Vision, Python, PyTorch","Research, Critical Thinking",Introvert,12+ LPA,Deep Learning Specialization,I prefer working alone,Read/Write,Yes,Yes,AI Specialist
B.Tech,Data Science,9.23,"SQL, R, TensorFlow","Problem-Solving, Critical Thinking",Introvert,12+ LPA,IBM Data Science,I prefer working alone,Read/Write,Yes,No,Data Scientist
B.A.,Fine Arts,8.73,"Adobe Photoshop, Figma","Attention to Detail, Creativity",Ambivert,Less than 4 LPA,Adobe Certified Expert (ACE),I prefer working alone,Visual,No,Yes,Graphic Designer
B.Com,Finance,8.51,"Tableau, Financial Modeling","Attention to Detail, Analytical Skills",Ambivert,8-12 LPA,CFA,I prefer working alone,Read/Write,No,No,Financial Analyst
M.Tech,Computer Science,8.98,"Computer Vision, PyTorch, NLP","Critical Thinking, Research",Introvert,12+ LPA,Deep Learning Specialization,I prefer working alone,Read/Write,Yes,Yes,AI Specialist
B.Tech,Graphic Design,8.49,"Sketch, Figma","Problem-Solving, Empathy",Ambivert,8-12 LPA,Nielsen Norman Group UX Certification,I like a mix of both,Visual,Yes,No,UI/UX Designer
B.Des,Fine Arts,7.46,"Figma, Adobe Illustrator","Creativity, Attention to Detail",Introvert,4-8 LPA,Adobe Certified Expert (ACE),I like a mix of both,Visual,No,Yes,Graphic Designer
BBA,Marketing,8.13,"Google Analytics, Social Media Management","Creativity, Leadership",Extrovert,12+ LPA,HubSpot Content Marketing,I prefer working in a team,Auditory,Yes,No,Marketing Manager
B.Com,Commerce,8.34,"Financial Modeling, Tableau","Attention to Detail, Analytical Skills",Extrovert,4-8 LPA,CFA,I prefer working alone,Visual,No,No,Financial Analyst
B.Tech,Data Science,8.88,"SQL, R, Scikit-learn, Python","Problem-Solving, Critical Thinking",Ambivert,8-12 LPA,IBM Data Science,I prefer working alone,Read/Write,Yes,No,Data Scientist
B.Des,Graphic Design,6.63,"Adobe Photoshop, Figma, Adobe Illustrator","Attention to Detail, Creativity",Ambivert,Less than 4 LPA,Adobe Certified Expert (ACE),I like a mix of both,Kinesthetic,No,Yes,Graphic Designer
M.Tech,AI & ML,8.85,"Python, Computer Vision","Critical Thinking, Research",Introvert,12+ LPA,TensorFlow Developer,I prefer working alone,Read/Write,Yes,Yes,AI Specialist
B.Tech,Computer Science,9.29,"SQL, Java, Python, JavaScript","Teamwork, Problem-Solving",Ambivert,8-12 LPA,No Certification,I prefer working alone,Kinesthetic,Maybe,No,Software Developer
B.Des,Human-Computer Interaction,8.78,"Sketch, User Research, Figma","Empathy, Problem-Solving",Ambivert,8-12 LPA,Nielsen Norman Group UX Certification,I like a mix of both,Kinesthetic,No,No,UI/UX Designer
B.Tech,Computer Science,9.49,"Java, JavaScript, Python, Git","Teamwork, Problem-Solving",Ambivert,12+ LPA,No Certification,I like a mix of both,Kinesthetic,Yes,No,Software Developer
MBA,Finance,9.11,"Financial Modeling, SQL","Analytical Skills, Attention to Detail",Extrovert,4-8 LPA,No Certification,I prefer working alone,Read/Write,No,Yes,Financial Analyst
B.A.,Graphic Design,7.62,"Adobe Photoshop, Adobe Illustrator","Creativity, Attention to Detail",Ambivert,Less than 4 LPA,Adobe Certified Expert (ACE),I prefer working alone,Kinesthetic,No,Yes,Graphic Designer
B.Tech,Computer Science,8.99,"Git, Python","Problem-Solving, Teamwork",Introvert,12+ LPA,No Certification,I prefer working alone,Visual,Maybe,No,Software Developer
B.Tech,Mechanical Engineering,8.98,"AutoCAD, SolidWorks, MATLAB","Problem-Solving, Teamwork",Ambivert,8-12 LPA,No Certification,I prefer working in a team,Kinesthetic,Maybe,Yes,Civil Engineer
M.Tech,Computer Science,9.53,"NLP, PyTorch, Python","Critical Thinking, Research",Introvert,12+ LPA,Deep Learning Specialization,I prefer working alone,Read/Write,Yes,Yes,Data Scientist
B.Tech,Mechanical Engineering,8.72,"SolidWorks, MATLAB, AutoCAD","Teamwork, Problem-Solving",Ambivert,4-8 LPA,Certified SOLIDWORKS Professional,I prefer working in a team,Kinesthetic,Yes,Yes,Civil Engineer
MBA,Marketing,8.15,"Google Analytics, Social Media Management","Creativity, Leadership",Extrovert,12+ LPA,Google Digital Marketing,I prefer working in a team,Visual,Maybe,No,Social Media Manager
B.Com,Commerce,8.49,"SQL, Financial Modeling, Tableau","Attention to Detail, Analytical Skills",Ambivert,8-12 LPA,No Certification,I prefer working alone,Read/Write,No,Yes,Financial Analyst
M.Tech,Data Science,9.1,"Python, R","Problem-Solving, Critical Thinking",Ambivert,8-12 LPA,Google Data Analytics,I prefer working alone,Read/Write,Yes,No,Data Scientist
MBA,Business Administration,7.05,"Social Media Management, Digital Marketing, Google Analytics","Communication, Creativity",Extrovert,12+ LPA,Google Digital Marketing,I prefer working in a team,Visual,Maybe,No,Marketing Manager
B.Com,Commerce,7.87,"Financial Modeling, MS Excel, SQL","Attention to Detail, Analytical Skills",Ambivert,4-8 LPA,CFA,I prefer working alone,Read/Write,Maybe,No,Financial Analyst
Diploma,Mechanical Engineering,7.62,"AutoCAD, SolidWorks, MATLAB","Teamwork, Problem-Solving",Ambivert,8-12 LPA,Certified SOLIDWORKS Professional,I prefer working in a team,Kinesthetic,Yes,Yes,Mechanical Engineer
BBA,Marketing,8.66,"Digital Marketing, SEO","Communication, Leadership",Extrovert,8-12 LPA,Google Digital Marketing,I prefer working in a team,Visual,Maybe,No,Marketing Manager
M.Tech,Computer Science,9.62,"NLP, Computer Vision, TensorFlow","Critical Thinking, Research",Introvert,12+ LPA,Deep Learning Specialization,I prefer working alone,Read/Write,Yes,Yes,AI Specialist
M.Tech,AI & ML,9.13,"Computer Vision, NLP, PyTorch, Python","Critical Thinking, Research",Introvert,12+ LPA,TensorFlow Developer,I prefer working alone,Read/Write,Yes,Yes,AI Specialist
MBA,Commerce,8.65,"SQL, MS Excel, Financial Modeling, Tableau","Analytical Skills, Attention to Detail",Ambivert,4-8 LPA,No Certification,I prefer working alone,Visual,Maybe,Yes,Business Analyst
B.A.,Fine Arts,8.63,"Figma, Adobe Illustrator, Adobe Photoshop","Creativity, Attention to Detail",Ambivert,4-8 LPA,Adobe Certified Expert (ACE),I like a mix of both,Kinesthetic,No,No,UI/UX Designer
B.Tech,Computer Science,8.83,"Python, Java, SQL, Git","Teamwork, Problem-Solving",Introvert,8-12 LPA,No Certification,I like a mix of both,Kinesthetic,Yes,No,Software Developer
M.Tech,Computer Science,8.87,"PyTorch, TensorFlow, NLP, Python","Research, Critical Thinking",Introvert,12+ LPA,Deep Learning Specialization,I prefer working alone,Read/Write,Yes,Yes,AI Specialist
B.Tech,Mechanical Engineering,7.85,"SolidWorks, AutoCAD, MATLAB","Problem-Solving, Teamwork",Ambivert,4-8 LPA,No Certification,I prefer working in a team,Kinesthetic,Maybe,Yes,Civil Engineer
M.Tech,AI & ML,9.57,"TensorFlow, Python, Computer Vision","Critical Thinking, Research",Introvert,12+ LPA,Deep Learning Specialization,I prefer working alone,Read/Write,Yes,Yes,AI Specialist
B.Com,Finance,8.15,"SQL, MS Excel, Tableau, Financial Modeling","Analytical Skills, Attention to Detail",Extrovert,8-12 LPA,CFA,I prefer working alone,Visual,No,No,Financial Analyst
M.Tech,Data Science,8.89,"SQL, R, Scikit-learn","Problem-Solving, Critical Thinking",Introvert,8-12 LPA,IBM Data Science,I prefer working alone,Read/Write,Yes,Yes,Data Scientist
B.Tech,Computer Science,8.35,"Git, SQL, Java","Problem-Solving, Teamwork",Introvert,8-12 LPA,No Certification,I like a mix of both,Visual,Maybe,No,Software Developer
Diploma,Mechanical Engineering,7.37,"AutoCAD, SolidWorks, MATLAB","Teamwork, Problem-Solving",Ambivert,4-8 LPA,Certified SOLIDWORKS Professional,I prefer working in a team,Kinesthetic,Maybe,Yes,Mechanical Engineer
M.Tech,AI & ML,9.59,"Computer Vision, TensorFlow, Python","Critical Thinking, Research",Introvert,12+ LPA,TensorFlow Developer,I prefer working alone,Read/Write,Yes,Yes,AI Specialist
MBA,Marketing,8.22,"Google Analytics, SEO","Leadership, Creativity",Extrovert,8-12 LPA,Google Digital Marketing,I prefer working in a team,Auditory,Maybe,No,Marketing Manager
B.Tech,Human-Computer Interaction,8.76,"Adobe XD, User Research","Problem-Solving, Empathy",Ambivert,8-12 LPA,Nielsen Norman Group UX Certification,I like a mix of both,Visual,Yes,No,UI/UX Designer
M.Tech,Data Science,9.32,"Scikit-learn, R, TensorFlow","Critical Thinking, Problem-Solving",Ambivert,12+ LPA,IBM Data Science,I prefer working alone,Visual,Yes,No,Data Scientist
Diploma,Mechanical Engineering,7.28,"AutoCAD, MATLAB, SolidWorks","Teamwork, Problem-Solving",Ambivert,4-8 LPA,No Certification,I prefer working in a team,Kinesthetic,Yes,Yes,Mechanical Engineer
B.Tech,Computer Science,8.8,"Git, Python, SQL, JavaScript, Java","Problem-Solving, Teamwork",Introvert,12+ LPA,No Certification,I like a mix of both,Kinesthetic,Yes,No,Data Scientist
B.Tech,Mechanical Engineering,8.79,"AutoCAD, MATLAB, SolidWorks","Teamwork, Problem-Solving",Ambivert,8-12 LPA,No Certification,I prefer working in a team,Kinesthetic,Maybe,Yes,Mechanical Engineer
B.Tech,Computer Science,8.95,"JavaScript, Java, Python","Problem-Solving, Teamwork",Ambivert,12+ LPA,No Certification,I like a mix of both,Visual,Yes,No,Data Scientist
B.A.,Graphic Design,6.97,"Adobe Photoshop, Adobe Illustrator","Creativity, Attention to Detail",Ambivert,Less than 4 LPA,No Certification,I prefer working alone,Kinesthetic,No,No,Graphic Designer
BBA,Marketing,8.41,"SEO, Digital Marketing, Social Media Management, Google Analytics","Creativity, Communication",Extrovert,12+ LPA,HubSpot Content Marketing,I prefer working in a team,Auditory,Maybe,No,Marketing Manager
B.A.,Fine Arts,8.12,"Adobe Illustrator, Figma","Attention to Detail, Creativity",Introvert,Less than 4 LPA,No Certification,I like a mix of both,Visual,No,Yes,Graphic Designer
B.Des,Graphic Design,8.15,"Figma, Adobe Photoshop","Creativity, Attention to Detail",Introvert,Less than 4 LPA,No Certification,I like a mix of both,Visual,No,No,Graphic Designer
B.Des,Fine Arts,8.03,"Adobe Photoshop, Adobe Illustrator, Figma","Creativity, Attention to Detail",Ambivert,Less than 4 LPA,Adobe Certified Expert (ACE),I like a mix of both,Visual,No,No,Graphic Designer
BBA,Marketing,7.98,"Social Media Management, Google Analytics","Creativity, Communication",Extrovert,12+ LPA,HubSpot Content Marketing,I prefer working in a team,Auditory,Yes,No,Marketing Manager
MBA,Commerce,8.5,"MS Excel, SQL, Tableau","Analytical Skills, Attention to Detail",Extrovert,8-12 LPA,No Certification,I prefer working alone,Visual,No,Yes,Financial Analyst
B.Des,Fine Arts,8.84,"Adobe Photoshop, Figma","Creativity, Attention to Detail",Introvert,4-8 LPA,No Certification,I prefer working alone,Kinesthetic,No,No,Graphic Designer
B.Tech,Mechanical Engineering,8.28,"SolidWorks, MATLAB, AutoCAD","Teamwork, Problem-Solving",Ambivert,4-8 LPA,Certified SOLIDWORKS Professional,I prefer working in a team,Kinesthetic,Yes,Yes,Mechanical Engineer
Diploma,Mechanical Engineering,7.47,"MATLAB, AutoCAD","Teamwork, Problem-Solving",Ambivert,4-8 LPA,No Certification,I prefer working in a team,Kinesthetic,Maybe,Yes,Mechanical Engineer
BBA,Business Administration,7.16,"Google Analytics, SEO, Social Media Management","Communication, Leadership",Extrovert,12+ LPA,HubSpot Content Marketing,I prefer working in a team,Visual,Maybe,No,Social Media Manager
MBA,Marketing,8.73,"Social Media Management, Digital Marketing","Communication, Creativity",Extrovert,12+ LPA,HubSpot Content Marketing,I prefer working in a team,Visual,Maybe,No,Marketing Manager
B.Com,Commerce,9.06,"SQL, MS Excel","Analytical Skills, Attention to Detail",Extrovert,4-8 LPA,No Certification,I prefer working alone,Visual,Maybe,No,Financial Analyst
M.Tech,Data Science,9.74,"R, Python, Scikit-learn","Critical Thinking, Problem-Solving",Ambivert,8-12 LPA,Google Data Analytics,I prefer working alone,Read/Write,Yes,No,Data Scientist
M.Tech,Computer Science,9.12,"SQL, TensorFlow, Python, Scikit-learn","Problem-Solving, Critical Thinking",Ambivert,8-12 LPA,IBM Data Science,I prefer working alone,Read/Write,Yes,No,Data Scientist
B.Tech,Computer Science,8.43,"SQL, Java, JavaScript, Git, Python","Teamwork, Problem-Solving",Introvert,12+ LPA,No Certification,I like a mix of both,Visual,Maybe,No,Software Developer
B.Des,Human-Computer Interaction,7.89,"Sketch, Figma","Empathy, Problem-Solving",Ambivert,8-12 LPA,Nielsen Norman Group UX Certification,I like a mix of both,Kinesthetic,No,No,Graphic Designer
MBA,Finance,8.06,"MS Excel, SQL, Tableau","Analytical Skills, Attention to Detail",Ambivert,8-12 LPA,No Certification,I prefer working alone,Read/Write,Maybe,No,Financial Analyst
B.Tech,Data Science,9.5,"R, SQL, TensorFlow","Problem-Solving, Critical Thinking",Ambivert,12+ LPA,Google Data Analytics,I prefer working alone,Read/Write,Yes,Yes,Data Scientist
Diploma,Mechanical Engineering,8.18,"SolidWorks, AutoCAD","Problem-Solving, Teamwork",Ambivert,4-8 LPA,No Certification,I prefer working in a team,Kinesthetic,Maybe,Yes,Civil Engineer
MBA,Commerce,8.61,"Financial Modeling, MS Excel, Tableau, SQL","Analytical Skills, Attention to Detail",Ambivert,8-12 LPA,CFA,I prefer working alone,Visual,No,Yes,Financial Analyst
B.Des,Fine Arts,6.54,"Adobe Photoshop, Figma, Adobe Illustrator","Attention to Detail, Creativity",Introvert,Less than 4 LPA,No Certification,I like a mix of both,Kinesthetic,No,Yes,UI/UX Designer
M.Tech,Computer Science,9.07,"Computer Vision, TensorFlow, PyTorch, Python","Critical Thinking, Research",Introvert,12+ LPA,TensorFlow Developer,I prefer working alone,Read/Write,Yes,Yes,AI Specialist
B.Tech,Graphic Design,8.21,"Adobe XD, User Research","Empathy, Problem-Solving",Ambivert,12+ LPA,Nielsen Norman Group UX Certification,I like a mix of both,Kinesthetic,No,No,UI/UX Designer
MBA,Commerce,8.52,"SQL, Tableau, MS Excel","Attention to Detail, Analytical Skills",Ambivert,4-8 LPA,No Certification,I prefer working alone,Visual,No,No,Business Analyst
M.Tech,AI & ML,9.21,"TensorFlow, NLP, Computer Vision, PyTorch","Research, Critical Thinking",Introvert,12+ LPA,Deep Learning Specialization,I prefer working alone,Read/Write,Yes,Yes,AI Specialist
M.Tech,Computer Science,9.07,"NLP, TensorFlow, PyTorch, Python, Computer Vision","Critical Thinking, Research",Introvert,12+ LPA,TensorFlow Developer,I prefer working alone,Read/Write,Yes,Yes,AI Specialist
BBA,Business Administration,7.85,"Social Media Management, SEO, Digital Marketing","Communication, Creativity",Extrovert,8-12 LPA,HubSpot Content Marketing,I prefer working in a team,Visual,Maybe,No,Marketing Manager
BBA,Business Administration,8.19,"Google Analytics, Digital Marketing, SEO","Communication, Creativity",Extrovert,8-12 LPA,Google Digital Marketing,I prefer working in a team,Auditory,Yes,No,Marketing Manager
Diploma,Mechanical Engineering,7.53,"MATLAB, AutoCAD, SolidWorks","Teamwork, Problem-Solving",Ambivert,4-8 LPA,No Certification,I prefer working in a team,Kinesthetic,Yes,Yes,Mechanical Engineer
MBA,Marketing,8.33,"Digital Marketing, SEO, Google Analytics, Social Media Management","Communication, Creativity",Extrovert,12+ LPA,HubSpot Content Marketing,I prefer working in a team,Visual,Maybe,No,Marketing Manager
B.Tech,Data Science,9.12,"SQL, Python, R, Scikit-learn","Problem-Solving, Critical Thinking",Ambivert,12+ LPA,Google Data Analytics,I prefer working alone,Read/Write,Yes,Yes,Data Scientist
B.Tech,Data Science,9.8,"R, Scikit-learn, Python","Problem-Solving, Critical Thinking",Ambivert,12+ LPA,Google Data Analytics,I prefer working alone,Visual,Yes,Yes,Data Scientist
B.Tech,Mechanical Engineering,8.68,"AutoCAD, SolidWorks","Teamwork, Problem-Solving",Ambivert,8-12 LPA,Certified SOLIDWORKS Professional,I prefer working in a team,Kinesthetic,Yes,Yes,Mechanical Engineer
M.Tech,AI & ML,9.85,"Python, TensorFlow, NLP, PyTorch, Computer Vision","Research, Critical Thinking",Introvert,12+ LPA,TensorFlow Developer,I prefer working alone,Read/Write,Yes,Yes,AI Specialist
B.Tech,Computer Science,9.55,"Git, Java, SQL","Problem-Solving, Teamwork",Introvert,12+ LPA,No Certification,I like a mix of both,Kinesthetic,Yes,No,Software Developer
B.A.,Fine Arts,7.68,"Adobe Illustrator, Figma, Adobe Photoshop","Creativity, Attention to Detail",Ambivert,4-8 LPA,No Certification,I like a mix of both,Visual,No,Yes,Graphic Designer
B.Tech,Human-Computer Interaction,8.37,"Figma, User Research","Empathy, Creativity",Ambivert,8-12 LPA,No Certification,I like a mix of both,Kinesthetic,Yes,No,UI/UX Designer
M.Tech,AI & ML,9.9,"TensorFlow, Python, NLP, Computer Vision, PyTorch","Research, Critical Thinking",Introvert,12+ LPA,Deep Learning Specialization,I prefer working alone,Read/Write,Yes,Yes,AI Specialist
B.Tech,Computer Science,9.89,"Python, R, TensorFlow","Problem-Solving, Critical Thinking",Introvert,12+ LPA,Google Data Analytics,I prefer working alone,Read/Write,Yes,No,Data Scientist
M.Tech,AI & ML,9.8,"NLP, PyTorch, Python, Computer Vision","Critical Thinking, Research",Introvert,12+ LPA,Deep Learning Specialization,I prefer working alone,Read/Write,Yes,Yes,AI Specialist
B.A.,Graphic Design,6.54,"Figma, Adobe Photoshop","Attention to Detail, Creativity",Introvert,4-8 LPA,Adobe Certified Expert (ACE),I like a mix of both,Kinesthetic,No,Yes,Graphic Designer
B.Tech,Human-Computer Interaction,9.01,"Sketch, Figma","Creativity, Empathy",Ambivert,12+ LPA,No Certification,I like a mix of both,Kinesthetic,No,No,UI/UX Designer
B.Tech,Graphic Design,8.15,"Sketch, Adobe XD, Figma, User Research","Problem-Solving, Creativity",Ambivert,12+ LPA,No Certification,I like a mix of both,Kinesthetic,Yes,No,UI/UX Designer
B.Tech,Computer Science,8.62,"Java, JavaScript, Git","Problem-Solving, Teamwork",Introvert,12+ LPA,No Certification,I prefer working alone,Kinesthetic,Maybe,No,Software Developer
B.Tech,Computer Science,9.13,"Java, Python, JavaScript, Git, SQL","Problem-Solving, Teamwork",Introvert,12+ LPA,No Certification,I like a mix of both,Kinesthetic,Maybe,No,Software Developer
MBA,Marketing,7.75,"Social Media Management, SEO, Google Analytics","Communication, Creativity",Extrovert,8-12 LPA,Google Digital Marketing,I prefer working in a team,Visual,Yes,No,Marketing Manager
B.A.,Fine Arts,7.08,"Adobe Photoshop, Adobe Illustrator","Attention to Detail, Creativity",Introvert,Less than 4 LPA,Adobe Certified Expert (ACE),I like a mix of both,Visual,No,Yes,Graphic Designer
B.Tech,Computer Science,8.58,"Python, SQL, Git","Problem-Solving, Teamwork",Ambivert,8-12 LPA,Coursera - Python for Everybody,I prefer working alone,Visual,Maybe,No,Data Scientist
MBA,Commerce,8.72,"SQL, Financial Modeling, Tableau","Attention to Detail, Analytical Skills",Ambivert,4-8 LPA,CFA,I prefer working alone,Read/Write,Maybe,Yes,Financial Analyst
B.Tech,Computer Science,9.57,"Python, Java, Git, SQL","Teamwork, Problem-Solving",Ambivert,12+ LPA,Coursera - Python for Everybody,I prefer working alone,Kinesthetic,Yes,No,Software Developer
B.Des,Fine Arts,7.2,"Adobe Illustrator, Adobe Photoshop","Creativity, Attention to Detail",Introvert,4-8 LPA,No Certification,I like a mix of both,Visual,No,Yes,Graphic Designer
B.Tech,Mechanical Engineering,7.47,"SolidWorks, AutoCAD, MATLAB","Teamwork, Problem-Solving",Ambivert,4-8 LPA,No Certification,I prefer working in a team,Kinesthetic,Yes,Yes,Mechanical Engineer
B.Tech,Mechanical Engineering,7.07,"MATLAB, AutoCAD","Teamwork, Problem-Solving",Ambivert,4-8 LPA,No Certification,I prefer working in a team,Kinesthetic,Yes,Yes,Mechanical Engineer
B.Tech,Mechanical Engineering,7.23,"MATLAB, AutoCAD","Teamwork, Problem-Solving",Ambivert,8-12 LPA,No Certification,I prefer working in a team,Kinesthetic,Maybe,Yes,Mechanical Engineer
B.Tech,Data Science,8.53,"SQL, Scikit-learn","Critical Thinking, Problem-Solving",Introvert,12+ LPA,Google Data Analytics,I prefer working alone,Visual,Yes,Yes,Data Scientist
B.Tech,Mechanical Engineering,8.66,"MATLAB, AutoCAD","Teamwork, Problem-Solving",Ambivert,4-8 LPA,No Certification,I prefer working in a team,Kinesthetic,Yes,Yes,Mechanical Engineer
B.Tech,Human-Computer Interaction,8.83,"Adobe XD, User Research","Problem-Solving, Creativity",Ambivert,12+ LPA,Nielsen Norman Group UX Certification,I like a mix of both,Kinesthetic,No,No,Graphic Designer
Diploma,Mechanical Engineering,7.55,"AutoCAD, SolidWorks","Teamwork, Problem-Solving",Ambivert,8-12 LPA,Certified SOLIDWORKS Professional,I prefer working in a team,Kinesthetic,Maybe,Yes,Mechanical Engineer
B.A.,Fine Arts,8.03,"Adobe Photoshop, Figma","Attention to Detail, Creativity",Introvert,Less than 4 LPA,No Certification,I like a mix of both,Visual,No,Yes,Graphic Designer
B.Tech,Mechanical Engineering,7.47,"AutoCAD, SolidWorks, MATLAB","Teamwork, Problem-Solving",Ambivert,4-8 LPA,No Certification,I prefer working in a team,Kinesthetic,Yes,Yes,Mechanical Engineer
MBA,Finance,9.2,"SQL, Tableau, MS Excel, Financial Modeling","Attention to Detail, Analytical Skills",Extrovert,8-12 LPA,CFA,I prefer working alone,Visual,Maybe,Yes,Financial Analyst
B.Com,Commerce,8.7,"SQL, Financial Modeling, Tableau, MS Excel","Attention to Detail, Analytical Skills",Ambivert,4-8 LPA,No Certification,I prefer working alone,Read/Write,Maybe,Yes,Financial Analyst
B.Tech,Mechanical Engineering,7.6,"SolidWorks, AutoCAD, MATLAB","Problem-Solving, Teamwork",Ambivert,4-8 LPA,No Certification,I prefer working in a team,Kinesthetic,Yes,Yes,Mechanical Engineer
Diploma,Mechanical Engineering,8.31,"SolidWorks, MATLAB","Problem-Solving, Teamwork",Ambivert,8-12 LPA,No Certification,I prefer working in a team,Kinesthetic,Maybe,Yes,Mechanical Engineer
B.Tech,Computer Science,9.39,"SQL, R","Problem-Solving, Critical Thinking",Ambivert,8-12 LPA,Google Data Analytics,I prefer working alone,Read/Write,Yes,Yes,Data Scientist
B.Tech,Computer Science,9.79,"Git, SQL","Problem-Solving, Teamwork",Ambivert,12+ LPA,No Certification,I like a mix of both,Visual,Maybe,No,Software Developer
BBA,Marketing,8.99,"Digital Marketing, SEO, Google Analytics, Social Media Management","Communication, Creativity",Extrovert,8-12 LPA,HubSpot Content Marketing,I prefer working in a team,Visual,Maybe,No,Marketing Manager
B.Des,Graphic Design,8.75,"Figma, Adobe Photoshop, Adobe Illustrator","Creativity, Attention to Detail",Ambivert,4-8 LPA,Adobe Certified Expert (ACE),I like a mix of both,Visual,No,Yes,Graphic Designer
B.Des,Human-Computer Interaction,7.85,"User Research, Sketch, Adobe XD, Figma","Creativity, Empathy",Ambivert,12+ LPA,Nielsen Norman Group UX Certification,I like a mix of both,Visual,Yes,No,Graphic Designer
B.Tech,Data Science,8.64,"Python, R, SQL, Scikit-learn","Critical Thinking, Problem-Solving",Ambivert,8-12 LPA,Google Data Analytics,I prefer working alone,Read/Write,Yes,Yes,Data Scientist
B.Tech,Mechanical Engineering,8.48,"AutoCAD, MATLAB","Teamwork, Problem-Solving",Ambivert,4-8 LPA,Certified SOLIDWORKS Professional,I prefer working in a team,Kinesthetic,Yes,Yes,Mechanical Engineer
M.Tech,Computer Science,9.74,"NLP, Computer Vision, PyTorch","Critical Thinking, Research",Introvert,12+ LPA,Deep Learning Specialization,I prefer working alone,Read/Write,Yes,Yes,AI Specialist
Diploma,Mechanical Engineering,8.97,"MATLAB, SolidWorks","Teamwork, Problem-Solving",Ambivert,4-8 LPA,Certified SOLIDWORKS Professional,I prefer working in a team,Kinesthetic,Yes,Yes,Mechanical Engineer
B.Des,Graphic Design,9.0,"Adobe XD, Sketch, User Research","Creativity, Problem-Solving",Ambivert,8-12 LPA,Nielsen Norman Group UX Certification,I like a mix of both,Visual,No,No,UI/UX Designer
B.Des,Graphic Design,6.85,"Adobe Photoshop, Adobe Illustrator","Creativity, Attention to Detail",Introvert,4-8 LPA,No Certification,I prefer working alone,Visual,No,Yes,UI/UX Designer
B.Tech,Computer Science,9.15,"SQL, Java, JavaScript, Git","Problem-Solving, Teamwork",Introvert,8-12 LPA,Coursera - Python for Everybody,I like a mix of both,Kinesthetic,Yes,No,Data Scientist
MBA,Marketing,8.27,"Social Media Management, Digital Marketing, Google Analytics, SEO","Leadership, Communication",Extrovert,8-12 LPA,Google Digital Marketing,I prefer working in a team,Visual,Maybe,No,Marketing Manager
B.Tech,Computer Science,9.79,"Git, Java, SQL","Problem-Solving, Teamwork",Ambivert,12+ LPA,Coursera - Python for Everybody,I like a mix of both,Kinesthetic,Yes,No,Software Developer
MBA,Marketing,7.79,"SEO, Google Analytics, Social Media Management, Digital Marketing","Creativity, Leadership",Extrovert,12+ LPA,Google Digital Marketing,I prefer working in a team,Visual,Maybe,No,Marketing Manager
M.Tech,Computer Science,8.8,"NLP, PyTorch, Python","Research, Critical Thinking",Introvert,12+ LPA,TensorFlow Developer,I prefer working alone,Read/Write,Yes,Yes,Data Scientist
B.Tech,Mechanical Engineering,7.86,"MATLAB, AutoCAD","Problem-Solving, Teamwork",Ambivert,4-8 LPA,No Certification,I prefer working in a team,Kinesthetic,Maybe,Yes,Mechanical Engineer
BBA,Marketing,7.16,"Google Analytics, SEO","Leadership, Communication",Extrovert,8-12 LPA,HubSpot Content Marketing,I prefer working in a team,Visual,Yes,No,Marketing Manager
B.Tech,Human-Computer Interaction,9.05,"Figma, Sketch, Adobe XD, User Research","Creativity, Empathy",Ambivert,12+ LPA,Nielsen Norman Group UX Certification,I like a mix of both,Visual,No,No,UI/UX Designer
MBA,Marketing,8.27,"Google Analytics, Social Media Management, SEO, Digital Marketing","Leadership, Communication",Extrovert,12+ LPA,Google Digital Marketing,I prefer working in a team,Visual,Yes,No,Marketing Manager
B.Tech,Mechanical Engineering,7.6,"SolidWorks, MATLAB","Problem-Solving, Teamwork",Ambivert,4-8 LPA,No Certification,I prefer working in a team,Kinesthetic,Maybe,Yes,Mechanical Engineer
B.Com,Finance,7.65,"Financial Modeling, SQL, Tableau, MS Excel","Analytical Skills, Attention to Detail",Extrovert,4-8 LPA,No Certification,I prefer working alone,Read/Write,No,No,Financial Analyst
M.Tech,AI & ML,8.82,"TensorFlow, NLP, PyTorch","Critical Thinking, Research",Introvert,12+ LPA,TensorFlow Developer,I prefer working alone,Read/Write,Yes,Yes,AI Specialist
Diploma,Mechanical Engineering,8.17,"MATLAB, AutoCAD","Teamwork, Problem-Solving",Ambivert,8-12 LPA,No Certification,I prefer working in a team,Kinesthetic,Maybe,Yes,Mechanical Engineer
B.Tech,Graphic Design,9.08,"Sketch, Adobe XD, User Research","Creativity, Empathy",Ambivert,12+ LPA,Nielsen Norman Group UX Certification,I like a mix of both,Kinesthetic,No,No,Graphic Designer
MBA,Commerce,8.55,"SQL, MS Excel, Financial Modeling, Tableau","Attention to Detail, Analytical Skills",Extrovert,4-8 LPA,CFA,I prefer working alone,Read/Write,No,Yes,Financial Analyst
M.Tech,Computer Science,9.59,"NLP, TensorFlow","Critical Thinking, Research",Introvert,12+ LPA,TensorFlow Developer,I prefer working alone,Read/Write,Yes,Yes,AI Specialist
B.Tech,Data Science,8.91,"Scikit-learn, Python, R, SQL","Critical Thinking, Problem-Solving",Introvert,8-12 LPA,IBM Data Science,I prefer working alone,Visual,Yes,No,Data Scientist
B.Des,Graphic Design,8.39,"Adobe Photoshop, Adobe Illustrator, Figma","Creativity, Attention to Detail",Introvert,4-8 LPA,Adobe Certified Expert (ACE),I prefer working alone,Visual,No,No,Graphic Designer
B.Tech,Data Science,9.48,"SQL, Scikit-learn","Critical Thinking, Problem-Solving",Introvert,8-12 LPA,IBM Data Science,I prefer working alone,Read/Write,Yes,Yes,Data Scientist
M.Tech,Computer Science,9.77,"Scikit-learn, TensorFlow, R, Python, SQL","Critical Thinking, Problem-Solving",Ambivert,12+ LPA,Google Data Analytics,I prefer working alone,Visual,Yes,Yes,Data Scientist
B.A.,Fine Arts,7.84,"Figma, Adobe Photoshop, Adobe Illustrator","Attention to Detail, Creativity",Ambivert,Less than 4 LPA,No Certification,I like a mix of both,Visual,No,No,Graphic Designer
M.Tech,Computer Science,9.18,"Python, PyTorch, Computer Vision","Critical Thinking, Research",Introvert,12+ LPA,Deep Learning Specialization,I prefer working alone,Read/Write,Yes,Yes,AI Specialist
B.Tech,Graphic Design,7.59,"Sketch, User Research, Adobe XD","Problem-Solving, Empathy",Ambivert,8-12 LPA,Nielsen Norman Group UX Certification,I like a mix of both,Visual,Yes,No,UI/UX Designer
B.A.,Graphic Design,6.76,"Adobe Photoshop, Figma, Adobe Illustrator","Creativity, Attention to Detail",Introvert,4-8 LPA,No Certification,I like a mix of both,Visual,No,No,Graphic Designer
B.Com,Finance,8.89,"MS Excel, Financial Modeling, SQL","Analytical Skills, Attention to Detail",Extrovert,4-8 LPA,No Certification,I prefer working alone,Read/Write,Maybe,No,Financial Analyst
B.Tech,Graphic Design,8.59,"User Research, Figma, Adobe XD, Sketch","Creativity, Problem-Solving",Ambivert,12+ LPA,Nielsen Norman Group UX Certification,I like a mix of both,Visual,No,No,UI/UX Designer
Diploma,Mechanical Engineering,7.47,"AutoCAD, SolidWorks","Teamwork, Problem-Solving",Ambivert,4-8 LPA,No Certification,I prefer working in a team,Kinesthetic,Yes,Yes,Mechanical Engineer
B.Com,Finance,8.75,"Tableau, MS Excel","Attention to Detail, Analytical Skills",Extrovert,4-8 LPA,CFA,I prefer working alone,Visual,No,Yes,Business Analyst
Diploma,Mechanical Engineering,7.9,"AutoCAD, SolidWorks, MATLAB","Teamwork, Problem-Solving",Ambivert,4-8 LPA,No Certification,I prefer working in a team,Kinesthetic,Yes,Yes,Mechanical Engineer
B.Tech,Computer Science,8.69,"Python, JavaScript, Git, Java, SQL","Problem-Solving, Teamwork",Ambivert,8-12 LPA,Coursera - Python for Everybody,I like a mix of both,Visual,Yes,No,Software Developer
B.Tech,Mechanical Engineering,8.88,"MATLAB, AutoCAD, SolidWorks","Problem-Solving, Teamwork",Ambivert,8-12 LPA,Certified SOLIDWORKS Professional,I prefer working in a team,Kinesthetic,Maybe,Yes,Mechanical Engineer
M.Tech,Computer Science,9.45,"SQL, R","Critical Thinking, Problem-Solving",Introvert,12+ LPA,Google Data Analytics,I prefer working alone,Read/Write,Yes,Yes,Data Scientist
MBA,Business Administration,8.02,"Social Media Management, Google Analytics, Digital Marketing","Communication, Leadership",Extrovert,12+ LPA,Google Digital Marketing,I prefer working in a team,Auditory,Maybe,No,Marketing Manager
B.Com,Commerce,8.93,"SQL, MS Excel, Financial Modeling, Tableau","Attention to Detail, Analytical Skills",Extrovert,8-12 LPA,No Certification,I prefer working alone,Read/Write,Maybe,Yes,Financial Analyst
BBA,Marketing,7.86,"Digital Marketing, SEO, Google Analytics, Social Media Management","Leadership, Creativity",Extrovert,8-12 LPA,HubSpot Content Marketing,I prefer working in a team,Visual,Yes,No,Marketing Manager
B.Des,Human-Computer Interaction,8.78,"Adobe XD, Figma, User Research","Creativity, Empathy",Ambivert,8-12 LPA,No Certification,I like a mix of both,Kinesthetic,Yes,No,UI/UX Designer
MBA,Finance,8.58,"MS Excel, Financial Modeling, SQL","Analytical Skills, Attention to Detail",Extrovert,4-8 LPA,CFA,I prefer working alone,Visual,No,No,Financial Analyst
B.Tech,Mechanical Engineering,8.59,"MATLAB, AutoCAD, SolidWorks","Teamwork, Problem-Solving",Ambivert,8-12 LPA,Certified SOLIDWORKS Professional,I prefer working in a team,Kinesthetic,Maybe,Yes,Mechanical Engineer
Diploma,Mechanical Engineering,7.2,"MATLAB, AutoCAD, SolidWorks","Problem-Solving, Teamwork",Ambivert,8-12 LPA,No Certification,I prefer working in a team,Kinesthetic,Yes,Yes,Mechanical Engineer
B.Tech,Computer Science,8.17,"Java, JavaScript, Git","Problem-Solving, Teamwork",Introvert,8-12 LPA,Coursera - Python for Everybody,I like a mix of both,Kinesthetic,Maybe,No,Software Developer
M.Tech,Data Science,9.33,"TensorFlow, Python, Scikit-learn, SQL","Critical Thinking, Problem-Solving",Introvert,8-12 LPA,Google Data Analytics,I prefer working alone,Visual,Yes,No,AI Specialist
B.Tech,Computer Science,9.28,"JavaScript, SQL","Problem-Solving, Teamwork",Ambivert,8-12 LPA,Coursera - Python for Everybody,I like a mix of both,Visual,Yes,No,Data Scientist
M.Tech,Computer Science,9.13,"PyTorch, Computer Vision, TensorFlow","Research, Critical Thinking",Introvert,12+ LPA,Deep Learning Specialization,I prefer working alone,Read/Write,Yes,Yes,AI Specialist
B.Tech,Mechanical Engineering,7.6,"SolidWorks, AutoCAD, MATLAB","Teamwork, Problem-Solving",Ambivert,8-12 LPA,Certified SOLIDWORKS Professional,I prefer working in a team,Kinesthetic,Yes,Yes,Mechanical Engineer
BBA,Marketing,8.42,"Social Media Management, Google Analytics, SEO","Communication, Creativity",Extrovert,12+ LPA,HubSpot Content Marketing,I prefer working in a team,Visual,Maybe,No,Marketing Manager
M.Tech,AI & ML,9.46,"Computer Vision, TensorFlow, Python, PyTorch","Research, Critical Thinking",Introvert,12+ LPA,TensorFlow Developer,I prefer working alone,Read/Write,Yes,Yes,AI Specialist
B.Com,Finance,8.14,"Financial Modeling, Tableau, SQL","Attention to Detail, Analytical Skills",Ambivert,8-12 LPA,No Certification,I prefer working alone,Read/Write,Maybe,Yes,Financial Analyst
M.Tech,AI & ML,9.7,"Python, PyTorch, NLP, Computer Vision","Research, Critical Thinking",Introvert,12+ LPA,TensorFlow Developer,I prefer working alone,Read/Write,Yes,Yes,AI Specialist
B.Tech,Data Science,9.69,"Scikit-learn, TensorFlow","Critical Thinking, Problem-Solving",Introvert,12+ LPA,IBM Data Science,I prefer working alone,Read/Write,Yes,Yes,Data Scientist
B.Tech,Computer Science,8.82,"SQL, Git","Problem-Solving, Teamwork",Introvert,12+ LPA,Coursera - Python for Everybody,I like a mix of both,Visual,Yes,No,Software Developer
B.Des,Graphic Design,8.78,"Sketch, Figma, User Research, Adobe XD","Creativity, Problem-Solving",Ambivert,8-12 LPA,Nielsen Norman Group UX Certification,I like a mix of both,Kinesthetic,Yes,No,UI/UX Designer
MBA,Marketing,8.25,"Social Media Management, Google Analytics","Creativity, Leadership",Extrovert,12+ LPA,HubSpot Content Marketing,I prefer working in a team,Visual,Maybe,No,Marketing Manager
M.Tech,AI & ML,9.75,"NLP, Python","Critical Thinking, Research",Introvert,12+ LPA,TensorFlow Developer,I prefer working alone,Read/Write,Yes,Yes,AI Specialist
B.A.,Graphic Design,7.16,"Figma, Adobe Illustrator, Adobe Photoshop","Creativity, Attention to Detail",Introvert,Less than 4 LPA,Adobe Certified Expert (ACE),I prefer working alone,Kinesthetic,No,Yes,Graphic Designer
B.Tech,Mechanical Engineering,8.27,"MATLAB, SolidWorks","Problem-Solving, Teamwork",Ambivert,8-12 LPA,Certified SOLIDWORKS Professional,I prefer working in a team,Kinesthetic,Maybe,Yes,Civil Engineer
B.A.,Fine Arts,7.32,"Adobe Photoshop, Adobe Illustrator","Attention to Detail, Creativity",Introvert,Less than 4 LPA,No Certification,I prefer working alone,Visual,No,No,Graphic Designer
B.Tech,Mechanical Engineering,8.58,"SolidWorks, MATLAB","Problem-Solving, Teamwork",Ambivert,8-12 LPA,Certified SOLIDWORKS Professional,I prefer working in a team,Kinesthetic,Yes,Yes,Mechanical Engineer
MBA,Marketing,8.23,"Social Media Management, Google Analytics, Digital Marketing, SEO","Creativity, Communication",Extrovert,8-12 LPA,HubSpot Content Marketing,I prefer working in a team,Visual,Maybe,No,Marketing Manager
B.Des,Graphic Design,7.59,"Sketch, User Research","Creativity, Problem-Solving",Ambivert,12+ LPA,No Certification,I like a mix of both,Visual,Yes,No,UI/UX Designer
Diploma,Mechanical Engineering,7.75,"SolidWorks, MATLAB, AutoCAD","Problem-Solving, Teamwork",Ambivert,4-8 LPA,No Certification,I prefer working in a team,Kinesthetic,Yes,Yes,Civil Engineer
B.A.,Graphic Design,8.63,"Adobe Photoshop, Figma","Creativity, Attention to Detail",Ambivert,Less than 4 LPA,Adobe Certified Expert (ACE),I prefer working alone,Visual,No,No,Graphic Designer
B.A.,Fine Arts,6.61,"Adobe Illustrator, Figma, Adobe Photoshop","Attention to Detail, Creativity",Introvert,4-8 LPA,No Certification,I prefer working alone,Kinesthetic,No,Yes,Graphic Designer
M.Tech,AI & ML,9.87,"NLP, PyTorch, Python, Computer Vision","Critical Thinking, Research",Introvert,12+ LPA,TensorFlow Developer,I prefer working alone,Read/Write,Yes,Yes,AI Specialist
M.Tech,AI & ML,8.8,"Computer Vision, PyTorch, NLP, TensorFlow","Research, Critical Thinking",Introvert,12+ LPA,Deep Learning Specialization,I prefer working alone,Read/Write,Yes,Yes,AI Specialist
M.Tech,Computer Science,9.89,"SQL, R, Scikit-learn, Python, TensorFlow","Problem-Solving, Critical Thinking",Introvert,8-12 LPA,IBM Data Science,I prefer working alone,Visual,Yes,Yes,Data Scientist
B.Des,Graphic Design,8.36,"Figma, User Research","Creativity, Empathy",Ambivert,8-12 LPA,No Certification,I like a mix of both,Visual,No,No,UI/UX Designer
B.Des,Human-Computer Interaction,8.48,"Figma, Sketch, Adobe XD, User Research","Problem-Solving, Empathy",Ambivert,8-12 LPA,No Certification,I like a mix of both,Kinesthetic,Yes,No,UI/UX Designer
BBA,Marketing,7.68,"Google Analytics, Digital Marketing, Social Media Management, SEO","Communication, Leadership",Extrovert,12+ LPA,HubSpot Content Marketing,I prefer working in a team,Visual,Maybe,No,Social Media Manager
B.Tech,Computer Science,9.49,"Python, JavaScript, Java, SQL","Problem-Solving, Teamwork",Introvert,12+ LPA,Coursera - Python for Everybody,I prefer working alone,Visual,Maybe,No,Software Developer
M.Tech,Computer Science,9.31,"Scikit-learn, Python, R, TensorFlow","Problem-Solving, Critical Thinking",Introvert,12+ LPA,IBM Data Science,I prefer working alone,Visual,Yes,No,Data Scientist
M.Tech,AI & ML,9.53,"PyTorch, NLP, TensorFlow, Python","Research, Critical Thinking",Introvert,12+ LPA,TensorFlow Developer,I prefer working alone,Read/Write,Yes,Yes,AI Specialist
M.Tech,AI & ML,9.62,"Python, NLP, TensorFlow, Computer Vision, PyTorch","Research, Critical Thinking",Introvert,12+ LPA,Deep Learning Specialization,I prefer working alone,Read/Write,Yes,Yes,AI Specialist
B.Tech,Computer Science,8.38,"Python, JavaScript, Git, Java, SQL","Problem-Solving, Teamwork",Ambivert,8-12 LPA,No Certification,I prefer working alone,Visual,Maybe,No,Software Developer
M.Tech,AI & ML,9.91,"TensorFlow, Python","Research, Critical Thinking",Introvert,12+ LPA,Deep Learning Specialization,I prefer working alone,Read/Write,Yes,Yes,AI Specialist
MBA,Finance,8.32,"MS Excel, SQL, Financial Modeling, Tableau","Analytical Skills, Attention to Detail",Extrovert,4-8 LPA,CFA,I prefer working alone,Visual,No,No,Financial Analyst
B.Des,Human-Computer Interaction,8.51,"Adobe XD, Figma, Sketch","Empathy, Creativity",Ambivert,12+ LPA,No Certification,I like a mix of both,Visual,No,No,UI/UX Designer
B.Tech,Computer Science,9.34,"Python, Scikit-learn, TensorFlow","Problem-Solving, Critical Thinking",Introvert,8-12 LPA,IBM Data Science,I prefer working alone,Read/Write,Yes,Yes,Data Scientist
B.Des,Graphic Design,8.15,"Adobe Illustrator, Adobe Photoshop","Creativity, Attention to Detail",Ambivert,4-8 LPA,Adobe Certified Expert (ACE),I like a mix of both,Visual,No,No,UI/UX Designer
MBA,Marketing,8.84,"Social Media Management, Digital Marketing","Creativity, Communication",Extrovert,8-12 LPA,HubSpot Content Marketing,I prefer working in a team,Visual,Maybe,No,Marketing Manager
B.A.,Graphic Design,8.77,"Adobe Photoshop, Adobe Illustrator, Figma","Creativity, Attention to Detail",Introvert,4-8 LPA,Adobe Certified Expert (ACE),I like a mix of both,Visual,No,No,Graphic Designer
M.Tech,AI & ML,9.08,"NLP, TensorFlow, PyTorch, Python, Computer Vision","Research, Critical Thinking",Introvert,12+ LPA,TensorFlow Developer,I prefer working alone,Read/Write,Yes,Yes,AI Specialist
B.Tech,Human-Computer Interaction,7.79,"Sketch, Adobe XD, Figma","Empathy, Creativity",Ambivert,12+ LPA,Nielsen Norman Group UX Certification,I like a mix of both,Kinesthetic,No,No,Graphic Designer
B.Tech,Computer Science,9.45,"Git, Python","Teamwork, Problem-Solving",Introvert,12+ LPA,No Certification,I like a mix of both,Kinesthetic,Yes,No,Software Developer
M.Tech,Computer Science,9.82,"Python, Scikit-learn, SQL","Problem-Solving, Critical Thinking",Introvert,8-12 LPA,Google Data Analytics,I prefer working alone,Visual,Yes,No,Data Scientist
B.A.,Graphic Design,7.47,"Figma, Adobe Illustrator, Adobe Photoshop","Creativity, Attention to Detail",Ambivert,Less than 4 LPA,No Certification,I like a mix of both,Kinesthetic,No,Yes,UI/UX Designer
B.Tech,Data Science,9.52,"SQL, R, Python, TensorFlow, Scikit-learn","Problem-Solving, Critical Thinking",Introvert,12+ LPA,IBM Data Science,I prefer working alone,Read/Write,Yes,No,Data Scientist
B.Des,Human-Computer Interaction,8.19,"Figma, User Research, Sketch, Adobe XD","Empathy, Problem-Solving",Ambivert,12+ LPA,No Certification,I like a mix of both,Visual,Yes,No,UI/UX Designer
B.Des,Fine Arts,7.45,"Figma, Adobe Photoshop, Adobe Illustrator","Attention to Detail, Creativity",Ambivert,Less than 4 LPA,Adobe Certified Expert (ACE),I prefer working alone,Visual,No,No,Graphic Designer
M.Tech,AI & ML,9.38,"TensorFlow, Python, Computer Vision","Critical Thinking, Research",Introvert,12+ LPA,Deep Learning Specialization,I prefer working alone,Read/Write,Yes,Yes,AI Specialist
B.Tech,Computer Science,9.26,"Java, Git","Teamwork, Problem-Solving",Ambivert,8-12 LPA,No Certification,I prefer working alone,Visual,Maybe,No,Software Developer
M.Tech,Computer Science,9.97,"Computer Vision, TensorFlow, NLP, PyTorch, Python","Critical Thinking, Research",Introvert,12+ LPA,Deep Learning Specialization,I prefer working alone,Read/Write,Yes,Yes,Data Scientist
M.Tech,Computer Science,9.15,"Computer Vision, PyTorch, TensorFlow, NLP","Critical Thinking, Research",Introvert,12+ LPA,Deep Learning Specialization,I prefer working alone,Read/Write,Yes,Yes,AI Specialist
B.A.,Graphic Design,8.32,"Adobe Illustrator, Adobe Photoshop","Attention to Detail, Creativity",Ambivert,Less than 4 LPA,Adobe Certified Expert (ACE),I prefer working alone,Kinesthetic,No,No,UI/UX Designer
B.Des,Human-Computer Interaction,8.18,"Figma, Sketch, Adobe XD, User Research","Problem-Solving, Empathy",Ambivert,8-12 LPA,Nielsen Norman Group UX Certification,I like a mix of both,Visual,Yes,No,UI/UX Designer
MBA,Marketing,7.8,"Social Media Management, Google Analytics, Digital Marketing, SEO","Creativity, Communication",Extrovert,12+ LPA,HubSpot Content Marketing,I prefer working in a team,Visual,Maybe,No,Marketing Manager
B.Tech,Computer Science,9.06,"JavaScript, Git, SQL, Python","Problem-Solving, Teamwork",Introvert,8-12 LPA,Coursera - Python for Everybody,I prefer working alone,Visual,Maybe,No,Software Developer
M.Tech,AI & ML,9.91,"NLP, TensorFlow, Python","Research, Critical Thinking",Introvert,12+ LPA,Deep Learning Specialization,I prefer working alone,Read/Write,Yes,Yes,AI Specialist
B.Tech,Mechanical Engineering,8.84,"SolidWorks, AutoCAD, MATLAB","Problem-Solving, Teamwork",Ambivert,4-8 LPA,Certified SOLIDWORKS Professional,I prefer working in a team,Kinesthetic,Maybe,Yes,Civil Engineer
B.A.,Graphic Design,7.63,"Adobe Illustrator, Adobe Photoshop, Figma","Attention to Detail, Creativity",Ambivert,Less than 4 LPA,No Certification,I like a mix of both,Visual,No,Yes,UI/UX Designer
Diploma,Mechanical Engineering,8.58,"SolidWorks, AutoCAD","Teamwork, Problem-Solving",Ambivert,8-12 LPA,Certified SOLIDWORKS Professional,I prefer working in a team,Kinesthetic,Yes,Yes,Mechanical Engineer
B.Tech,Data Science,9.6,"SQL, Scikit-learn, R","Problem-Solving, Critical Thinking",Introvert,12+ LPA,Google Data Analytics,I prefer working alone,Visual,Yes,No,Data Scientist
B.A.,Graphic Design,7.62,"Adobe Photoshop, Figma, Adobe Illustrator","Creativity, Attention to Detail",Ambivert,Less than 4 LPA,No Certification,I like a mix of both,Kinesthetic,No,No,Graphic Designer
M.Tech,Computer Science,9.7,"Python, Computer Vision","Research, Critical Thinking",Introvert,12+ LPA,Deep Learning Specialization,I prefer working alone,Read/Write,Yes,Yes,AI Specialist
Diploma,Mechanical Engineering,8.19,"SolidWorks, MATLAB","Problem-Solving, Teamwork",Ambivert,8-12 LPA,No Certification,I prefer working in a team,Kinesthetic,Yes,Yes,Mechanical Engineer
M.Tech,Computer Science,9.59,"SQL, Python","Problem-Solving, Critical Thinking",Introvert,8-12 LPA,IBM Data Science,I prefer working alone,Read/Write,Yes,Yes,AI Specialist
B.Des,Graphic Design,8.19,"Sketch, Figma, Adobe XD, User Research","Empathy, Problem-Solving",Ambivert,12+ LPA,No Certification,I like a mix of both,Visual,No,No,Graphic Designer
MBA,Business Administration,7.51,"Social Media Management, Google Analytics","Creativity, Leadership",Extrovert,8-12 LPA,HubSpot Content Marketing,I prefer working in a team,Auditory,Maybe,No,Marketing Manager
B.Tech,Computer Science,9.06,"SQL, Python, Java, JavaScript","Teamwork, Problem-Solving",Ambivert,8-12 LPA,No Certification,I prefer working alone,Visual,Yes,No,Software Developer
BBA,Marketing,7.73,"Digital Marketing, SEO, Social Media Management, Google Analytics","Leadership, Communication",Extrovert,8-12 LPA,HubSpot Content Marketing,I prefer working in a team,Visual,Maybe,No,Marketing Manager
BBA,Marketing,8.82,"Google Analytics, SEO, Digital Marketing, Social Media Management","Creativity, Leadership",Extrovert,8-12 LPA,HubSpot Content Marketing,I prefer working in a team,Visual,Maybe,No,Marketing Manager
M.Tech,Data Science,9.62,"SQL, R, Scikit-learn, TensorFlow","Problem-Solving, Critical Thinking",Ambivert,12+ LPA,IBM Data Science,I prefer working alone,Visual,Yes,Yes,Data Scientist
B.Tech,Mechanical Engineering,8.95,"SolidWorks, AutoCAD","Problem-Solving, Teamwork",Ambivert,8-12 LPA,Certified SOLIDWORKS Professional,I prefer working in a team,Kinesthetic,Maybe,Yes,Mechanical Engineer
B.Com,Finance,9.07,"Tableau, Financial Modeling, SQL","Attention to Detail, Analytical Skills",Extrovert,8-12 LPA,CFA,I prefer working alone,Read/Write,Maybe,No,Business Analyst
M.Tech,Data Science,9.46,"SQL, Scikit-learn, R, Python, TensorFlow","Problem-Solving, Critical Thinking",Introvert,12+ LPA,Google Data Analytics,I prefer working alone,Read/Write,Yes,Yes,Data Scientist
MBA,Commerce,8.84,"Financial Modeling, SQL","Analytical Skills, Attention to Detail",Extrovert,4-8 LPA,No Certification,I prefer working alone,Read/Write,No,Yes,Financial Analyst
B.Tech,Mechanical Engineering,7.72,"AutoCAD, SolidWorks, MATLAB","Problem-Solving, Teamwork",Ambivert,8-12 LPA,No Certification,I prefer working in a team,Kinesthetic,Maybe,Yes,Mechanical Engineer
MBA,Finance,8.13,"Financial Modeling, SQL, MS Excel, Tableau","Analytical Skills, Attention to Detail",Ambivert,8-12 LPA,CFA,I prefer working alone,Visual,Maybe,Yes,Financial Analyst
B.Des,Human-Computer Interaction,8.73,"Adobe XD, Sketch","Creativity, Problem-Solving",Ambivert,8-12 LPA,Nielsen Norman Group UX Certification,I like a mix of both,Visual,No,No,Graphic Designer
MBA,Business Administration,7.48,"SEO, Social Media Management, Google Analytics","Creativity, Communication",Extrovert,12+ LPA,Google Digital Marketing,I prefer working in a team,Visual,Maybe,No,Social Media Manager
B.Tech,Computer Science,8.74,"Git, Python, JavaScript, SQL","Teamwork, Problem-Solving",Introvert,8-12 LPA,No Certification,I prefer working alone,Visual,Yes,No,Software Developer
B.Des,Human-Computer Interaction,7.58,"User Research, Figma, Adobe XD, Sketch","Empathy, Problem-Solving",Ambivert,8-12 LPA,Nielsen Norman Group UX Certification,I like a mix of both,Visual,Yes,No,UI/UX Designer
B.Tech,Mechanical Engineering,7.01,"MATLAB, AutoCAD","Teamwork, Problem-Solving",Ambivert,4-8 LPA,No Certification,I prefer working in a team,Kinesthetic,Yes,Yes,Mechanical Engineer
B.Des,Graphic Design,7.61,"Sketch, Adobe XD, User Research, Figma","Empathy, Creativity",Ambivert,12+ LPA,Nielsen Norman Group UX Certification,I like a mix of both,Kinesthetic,No,No,UI/UX Designer
B.Tech,Computer Science,9.37,"Python, JavaScript, Git, SQL, Java","Problem-Solving, Teamwork",Introvert,12+ LPA,Coursera - Python for Everybody,I like a mix of both,Kinesthetic,Yes,No,Software Developer
B.Tech,Computer Science,9.42,"Java, Git, SQL, JavaScript, Python","Problem-Solving, Teamwork",Introvert,12+ LPA,No Certification,I like a mix of both,Kinesthetic,Maybe,No,Data Scientist
B.Com,Finance,7.65,"Tableau, SQL, Financial Modeling","Attention to Detail, Analytical Skills",Ambivert,8-12 LPA,No Certification,I prefer working alone,Visual,No,No,Financial Analyst
MBA,Finance,8.29,"SQL, MS Excel","Attention to Detail, Analytical Skills",Extrovert,8-12 LPA,No Certification,I prefer working alone,Visual,Maybe,Yes,Financial Analyst
B.Tech,Graphic Design,8.56,"Sketch, Figma, Adobe XD","Empathy, Problem-Solving",Ambivert,8-12 LPA,Nielsen Norman Group UX Certification,I like a mix of both,Visual,Yes,No,UI/UX Designer
B.Tech,Computer Science,8.42,"SQL, Git","Teamwork, Problem-Solving",Introvert,8-12 LPA,Coursera - Python for Everybody,I like a mix of both,Kinesthetic,Yes,No,Software Developer
B.Des,Graphic Design,7.95,"Sketch, Figma, Adobe XD","Creativity, Empathy",Ambivert,12+ LPA,Nielsen Norman Group UX Certification,I like a mix of both,Visual,Yes,No,UI/UX Designer
B.Com,Commerce,7.52,"MS Excel, SQL, Tableau, Financial Modeling","Attention to Detail, Analytical Skills",Extrovert,8-12 LPA,No Certification,I prefer working alone,Visual,Maybe,Yes,Financial Analyst
Diploma,Mechanical Engineering,7.21,"AutoCAD, MATLAB","Teamwork, Problem-Solving",Ambivert,4-8 LPA,Certified SOLIDWORKS Professional,I prefer working in a team,Kinesthetic,Yes,Yes,Civil Engineer
MBA,Marketing,7.5,"SEO, Google Analytics","Leadership, Communication",Extrovert,12+ LPA,Google Digital Marketing,I prefer working in a team,Auditory,Yes,No,Social Media Manager
B.Tech,Computer Science,8.83,"Python, R","Problem-Solving, Critical Thinking",Introvert,8-12 LPA,Google Data Analytics,I prefer working alone,Visual,Yes,No,Data Scientist
Diploma,Mechanical Engineering,7.32,"SolidWorks, MATLAB, AutoCAD","Teamwork, Problem-Solving",Ambivert,8-12 LPA,No Certification,I prefer working in a team,Kinesthetic,Maybe,Yes,Mechanical Engineer
B.Tech,Computer Science,8.35,"JavaScript, Python, Git","Teamwork, Problem-Solving",Introvert,12+ LPA,Coursera - Python for Everybody,I prefer working alone,Kinesthetic,Maybe,No,Data Scientist
M.Tech,Computer Science,9.45,"Computer Vision, NLP, Python, PyTorch","Research, Critical Thinking",Introvert,12+ LPA,Deep Learning Specialization,I prefer working alone,Read/Write,Yes,Yes,AI Specialist
Diploma,Mechanical Engineering,8.37,"MATLAB, SolidWorks, AutoCAD","Problem-Solving, Teamwork",Ambivert,4-8 LPA,No Certification,I prefer working in a team,Kinesthetic,Maybe,Yes,Mechanical Engineer
M.Tech,AI & ML,9.79,"PyTorch, TensorFlow, Python","Critical Thinking, Research",Introvert,12+ LPA,Deep Learning Specialization,I prefer working alone,Read/Write,Yes,Yes,Data Scientist
B.Tech,Human-Computer Interaction,8.12,"User Research, Figma, Adobe XD","Problem-Solving, Creativity",Ambivert,12+ LPA,Nielsen Norman Group UX Certification,I like a mix of both,Visual,No,No,Graphic Designer
MBA,Business Administration,8.03,"Digital Marketing, Social Media Management, SEO","Creativity, Leadership",Extrovert,8-12 LPA,Google Digital Marketing,I prefer working in a team,Visual,Maybe,No,Social Media Manager
MBA,Marketing,7.48,"Social Media Management, Google Analytics","Creativity, Communication",Extrovert,12+ LPA,HubSpot Content Marketing,I prefer working in a team,Auditory,Maybe,No,Marketing Manager
Diploma,Mechanical Engineering,7.51,"AutoCAD, MATLAB","Problem-Solving, Teamwork",Ambivert,8-12 LPA,Certified SOLIDWORKS Professional,I prefer working in a team,Kinesthetic,Maybe,Yes,Mechanical Engineer
M.Tech,Computer Science,8.92,"Scikit-learn, SQL, Python","Critical Thinking, Problem-Solving",Ambivert,12+ LPA,Google Data Analytics,I prefer working alone,Read/Write,Yes,No,Data Scientist
MBA,Commerce,8.77,"Financial Modeling, MS Excel","Analytical Skills, Attention to Detail",Extrovert,4-8 LPA,No Certification,I prefer working alone,Read/Write,Maybe,No,Financial Analyst
M.Tech,Computer Science,9.25,"TensorFlow, Computer Vision, Python, NLP, PyTorch","Critical Thinking, Research",Introvert,12+ LPA,Deep Learning Specialization,I prefer working alone,Read/Write,Yes,Yes,Data Scientist
B.Com,Finance,7.96,"Tableau, MS Excel","Attention to Detail, Analytical Skills",Ambivert,4-8 LPA,CFA,I prefer working alone,Visual,Maybe,Yes,Financial Analyst
B.Com,Commerce,7.77,"Tableau, MS Excel, SQL","Attention to Detail, Analytical Skills",Extrovert,8-12 LPA,No Certification,I prefer working alone,Visual,Maybe,Yes,Financial Analyst
M.Tech,Data Science,9.58,"R, Scikit-learn","Problem-Solving, Critical Thinking",Introvert,12+ LPA,Google Data Analytics,I prefer working alone,Read/Write,Yes,Yes,Data Scientist
M.Tech,Data Science,9.42,"Python, TensorFlow, R, Scikit-learn","Problem-Solving, Critical Thinking",Introvert,12+ LPA,IBM Data Science,I prefer working alone,Read/Write,Yes,Yes,AI Specialist
B.Tech,Computer Science,8.59,"Python, Scikit-learn","Problem-Solving, Critical Thinking",Ambivert,8-12 LPA,Google Data Analytics,I prefer working alone,Visual,Yes,No,Data Scientist
B.Tech,Computer Science,9.72,"SQL, Python","Teamwork, Problem-Solving",Introvert,8-12 LPA,No Certification,I like a mix of both,Visual,Yes,No,Data Scientist
B.Tech,Computer Science,8.86,"Git, JavaScript, Python","Problem-Solving, Teamwork",Ambivert,12+ LPA,Coursera - Python for Everybody,I like a mix of both,Visual,Maybe,No,Software Developer
B.Tech,Computer Science,9.79,"JavaScript, Git, SQL","Teamwork, Problem-Solving",Ambivert,12+ LPA,Coursera - Python for Everybody,I prefer working alone,Kinesthetic,Yes,No,Software Developer
B.Com,Commerce,7.66,"MS Excel, Financial Modeling, Tableau","Analytical Skills, Attention to Detail",Extrovert,4-8 LPA,CFA,I prefer working alone,Visual,No,Yes,Financial Analyst
MBA,Commerce,7.65,"SQL, MS Excel, Financial Modeling, Tableau","Analytical Skills, Attention to Detail",Extrovert,4-8 LPA,CFA,I prefer working alone,Read/Write,No,Yes,Financial Analyst
B.Com,Finance,7.93,"MS Excel, SQL, Financial Modeling","Attention to Detail, Analytical Skills",Ambivert,8-12 LPA,No Certification,I prefer working alone,Read/Write,No,Yes,Financial Analyst
B.Des,Fine Arts,7.39,"Adobe Illustrator, Figma, Adobe Photoshop","Attention to Detail, Creativity",Introvert,4-8 LPA,Adobe Certified Expert (ACE),I like a mix of both,Visual,No,No,Graphic Designer
M.Tech,AI & ML,9.84,"Computer Vision, PyTorch, TensorFlow, Python, NLP","Critical Thinking, Research",Introvert,12+ LPA,Deep Learning Specialization,I prefer working alone,Read/Write,Yes,Yes,AI Specialist
B.Des,Graphic Design,8.25,"Figma, Sketch, User Research","Problem-Solving, Creativity",Ambivert,12+ LPA,Nielsen Norman Group UX Certification,I like a mix of both,Kinesthetic,Yes,No,UI/UX Designer
B.A.,Fine Arts,6.52,"Adobe Illustrator, Adobe Photoshop, Figma","Creativity, Attention to Detail",Introvert,4-8 LPA,No Certification,I prefer working alone,Visual,No,No,Graphic Designer
B.Com,Commerce,7.65,"SQL, MS Excel, Tableau, Financial Modeling","Attention to Detail, Analytical Skills",Extrovert,4-8 LPA,No Certification,I prefer working alone,Visual,Maybe,No,Financial Analyst
B.A.,Graphic Design,6.69,"Adobe Photoshop, Adobe Illustrator, Figma","Attention to Detail, Creativity",Introvert,4-8 LPA,No Certification,I prefer working alone,Visual,No,No,Graphic Designer
MBA,Commerce,8.95,"Financial Modeling, Tableau, SQL, MS Excel","Analytical Skills, Attention to Detail",Extrovert,8-12 LPA,No Certification,I prefer working alone,Read/Write,Maybe,No,Financial Analyst
B.Tech,Computer Science,8.81,"Java, SQL, Git","Teamwork, Problem-Solving",Ambivert,8-12 LPA,Coursera - Python for Everybody,I like a mix of both,Kinesthetic,Maybe,No,Software Developer
B.Des,Graphic Design,8.22,"Sketch, Figma","Problem-Solving, Empathy",Ambivert,12+ LPA,No Certification,I like a mix of both,Visual,No,No,UI/UX Designer
MBA,Finance,8.36,"MS Excel, Tableau","Attention to Detail, Analytical Skills",Extrovert,8-12 LPA,CFA,I prefer working alone,Visual,No,Yes,Financial Analyst
M.Tech,AI & ML,9.94,"TensorFlow, PyTorch, NLP, Python, Computer Vision","Critical Thinking, Research",Introvert,12+ LPA,Deep Learning Specialization,I prefer working alone,Read/Write,Yes,Yes,AI Specialist
B.A.,Fine Arts,7.43,"Figma, Adobe Illustrator","Creativity, Attention to Detail",Introvert,4-8 LPA,Adobe Certified Expert (ACE),I prefer working alone,Kinesthetic,No,Yes,Graphic Designer
B.Tech,Graphic Design,8.78,"User Research, Adobe XD","Empathy, Creativity",Ambivert,8-12 LPA,No Certification,I like a mix of both,Visual,Yes,No,UI/UX Designer
M.Tech,AI & ML,9.93,"NLP, TensorFlow, Computer Vision, Python, PyTorch","Critical Thinking, Research",Introvert,12+ LPA,Deep Learning Specialization,I prefer working alone,Read/Write,Yes,Yes,AI Specialist
B.Des,Graphic Design,6.67,"Adobe Illustrator, Adobe Photoshop","Creativity, Attention to Detail",Introvert,4-8 LPA,Adobe Certified Expert (ACE),I like a mix of both,Visual,No,Yes,Graphic Designer
B.Des,Fine Arts,7.84,"Adobe Illustrator, Adobe Photoshop, Figma","Creativity, Attention to Detail",Introvert,Less than 4 LPA,No Certification,I prefer working alone,Kinesthetic,No,Yes,Graphic Designer
Diploma,Mechanical Engineering,8.15,"MATLAB, AutoCAD","Teamwork, Problem-Solving",Ambivert,4-8 LPA,No Certification,I prefer working in a team,Kinesthetic,Maybe,Yes,Mechanical Engineer
MBA,Marketing,8.29,"Digital Marketing, Google Analytics","Creativity, Leadership",Extrovert,8-12 LPA,HubSpot Content Marketing,I prefer working in a team,Visual,Yes,No,Marketing Manager
B.Des,Graphic Design,9.03,"Adobe XD, Figma, Sketch","Problem-Solving, Empathy",Ambivert,8-12 LPA,No Certification,I like a mix of both,Visual,No,No,UI/UX Designer
B.Tech,Mechanical Engineering,7.01,"SolidWorks, AutoCAD, MATLAB","Teamwork, Problem-Solving",Ambivert,4-8 LPA,No Certification,I prefer working in a team,Kinesthetic,Maybe,Yes,Mechanical Engineer
B.Tech,Human-Computer Interaction,9.0,"Adobe XD, User Research","Problem-Solving, Creativity",Ambivert,8-12 LPA,No Certification,I like a mix of both,Visual,No,No,UI/UX Designer
B.A.,Fine Arts,8.54,"Figma, Adobe Illustrator","Attention to Detail, Creativity",Ambivert,4-8 LPA,No Certification,I prefer working alone,Kinesthetic,No,Yes,UI/UX Designer
M.Tech,AI & ML,9.78,"Computer Vision, TensorFlow, Python, NLP, PyTorch","Critical Thinking, Research",Introvert,12+ LPA,Deep Learning Specialization,I prefer working alone,Read/Write,Yes,Yes,AI Specialist
B.A.,Graphic Design,8.45,"Adobe Photoshop, Figma, Adobe Illustrator","Creativity, Attention to Detail",Introvert,4-8 LPA,Adobe Certified Expert (ACE),I like a mix of both,Visual,No,No,Graphic Designer
B.Tech,Data Science,9.73,"SQL, TensorFlow, Python, Scikit-learn","Critical Thinking, Problem-Solving",Introvert,8-12 LPA,Google Data Analytics,I prefer working alone,Read/Write,Yes,Yes,Data Scientist
B.A.,Fine Arts,8.17,"Figma, Adobe Illustrator, Adobe Photoshop","Creativity, Attention to Detail",Ambivert,Less than 4 LPA,No Certification,I prefer working alone,Visual,No,No,Graphic Designer
M.Tech,Computer Science,9.7,"Computer Vision, TensorFlow, PyTorch","Research, Critical Thinking",Introvert,12+ LPA,TensorFlow Developer,I prefer working alone,Read/Write,Yes,Yes,AI Specialist
B.Tech,Graphic Design,8.75,"User Research, Sketch, Figma, Adobe XD","Empathy, Problem-Solving",Ambivert,12+ LPA,No Certification,I like a mix of both,Visual,No,No,UI/UX Designer
Diploma,Mechanical Engineering,7.2,"SolidWorks, MATLAB","Teamwork, Problem-Solving",Ambivert,4-8 LPA,Certified SOLIDWORKS Professional,I prefer working in a team,Kinesthetic,Yes,Yes,Civil Engineer
B.Tech,Data Science,9.79,"SQL, Python, Scikit-learn, TensorFlow","Critical Thinking, Problem-Solving",Ambivert,8-12 LPA,Google Data Analytics,I prefer working alone,Visual,Yes,No,Data Scientist
B.Des,Graphic Design,9.28,"Figma, Sketch, Adobe XD, User Research","Problem-Solving, Empathy",Ambivert,8-12 LPA,Nielsen Norman Group UX Certification,I like a mix of both,Visual,No,No,UI/UX Designer
B.Tech,Computer Science,9.61,"R, TensorFlow","Critical Thinking, Problem-Solving",Introvert,8-12 LPA,IBM Data Science,I prefer working alone,Read/Write,Yes,No,AI Specialist
B.Tech,Computer Science,8.91,"JavaScript, SQL, Python","Problem-Solving, Teamwork",Introvert,12+ LPA,Coursera - Python for Everybody,I prefer working alone,Kinesthetic,Maybe,No,Software Developer
Diploma,Mechanical Engineering,8.92,"SolidWorks, MATLAB","Problem-Solving, Teamwork",Ambivert,8-12 LPA,No Certification,I prefer working in a team,Kinesthetic,Yes,Yes,Mechanical Engineer
B.Tech,Data Science,9.06,"TensorFlow, SQL, Python, R","Critical Thinking, Problem-Solving",Introvert,12+ LPA,Google Data Analytics,I prefer working alone,Read/Write,Yes,Yes,Data Scientist
B.Tech,Data Science,9.0,"Scikit-learn, R, TensorFlow","Critical Thinking, Problem-Solving",Introvert,12+ LPA,IBM Data Science,I prefer working alone,Read/Write,Yes,Yes,Data Scientist
BBA,Marketing,8.94,"Google Analytics, Digital Marketing, Social Media Management, SEO","Leadership, Creativity",Extrovert,12+ LPA,Google Digital Marketing,I prefer working in a team,Visual,Yes,No,Marketing Manager
BBA,Marketing,7.66,"Digital Marketing, SEO, Social Media Management, Google Analytics","Creativity, Leadership",Extrovert,8-12 LPA,Google Digital Marketing,I prefer working in a team,Auditory,Maybe,No,Marketing Manager
B.Des,Fine Arts,8.13,"Figma, Adobe Illustrator, Adobe Photoshop","Attention to Detail, Creativity",Introvert,Less than 4 LPA,Adobe Certified Expert (ACE),I prefer working alone,Visual,No,Yes,Graphic Designer
BBA,Business Administration,7.37,"Google Analytics, SEO, Social Media Management","Creativity, Communication",Extrovert,8-12 LPA,Google Digital Marketing,I prefer working in a team,Visual,Yes,No,Marketing Manager
B.Tech,Computer Science,9.57,"Python, Scikit-learn, TensorFlow","Critical Thinking, Problem-Solving",Ambivert,12+ LPA,IBM Data Science,I prefer working alone,Visual,Yes,No,AI Specialist
B.Des,Graphic Design,7.55,"Adobe Photoshop, Adobe Illustrator","Attention to Detail, Creativity",Ambivert,4-8 LPA,No Certification,I like a mix of both,Visual,No,Yes,Graphic Designer
B.Des,Graphic Design,9.07,"Sketch, Figma, User Research, Adobe XD","Creativity, Problem-Solving",Ambivert,12+ LPA,No Certification,I like a mix of both,Kinesthetic,Yes,No,UI/UX Designer
B.A.,Graphic Design,7.03,"Adobe Illustrator, Figma, Adobe Photoshop","Attention to Detail, Creativity",Ambivert,4-8 LPA,Adobe Certified Expert (ACE),I like a mix of both,Kinesthetic,No,Yes,Graphic Designer
M.Tech,Data Science,8.61,"TensorFlow, Python","Critical Thinking, Problem-Solving",Introvert,8-12 LPA,IBM Data Science,I prefer working alone,Read/Write,Yes,No,Data Scientist
B.Com,Finance,7.94,"Tableau, MS Excel, Financial Modeling","Attention to Detail, Analytical Skills",Ambivert,4-8 LPA,No Certification,I prefer working alone,Visual,No,No,Business Analyst
B.Tech,Graphic Design,7.78,"Figma, Adobe XD, User Research, Sketch","Empathy, Creativity",Ambivert,12+ LPA,No Certification,I like a mix of both,Kinesthetic,Yes,No,Graphic Designer
B.Tech,Computer Science,8.96,"Python, SQL, Git","Teamwork, Problem-Solving",Ambivert,8-12 LPA,No Certification,I like a mix of both,Visual,Maybe,No,Software Developer
B.Des,Fine Arts,7.53,"Adobe Photoshop, Figma, Adobe Illustrator","Creativity, Attention to Detail",Ambivert,Less than 4 LPA,No Certification,I prefer working alone,Visual,No,Yes,Graphic Designer
B.Tech,Mechanical Engineering,8.5,"MATLAB, AutoCAD","Problem-Solving, Teamwork",Ambivert,4-8 LPA,No Certification,I prefer working in a team,Kinesthetic,Yes,Yes,Mechanical Engineer
Diploma,Mechanical Engineering,7.2,"MATLAB, AutoCAD, SolidWorks","Problem-Solving, Teamwork",Ambivert,8-12 LPA,Certified SOLIDWORKS Professional,I prefer working in a team,Kinesthetic,Maybe,Yes,Mechanical Engineer
B.A.,Fine Arts,8.78,"Figma, Adobe Illustrator, Adobe Photoshop","Attention to Detail, Creativity",Ambivert,Less than 4 LPA,Adobe Certified Expert (ACE),I like a mix of both,Visual,No,Yes,Graphic Designer
B.A.,Fine Arts,7.87,"Adobe Photoshop, Adobe Illustrator","Attention to Detail, Creativity",Introvert,Less than 4 LPA,No Certification,I like a mix of both,Kinesthetic,No,No,UI/UX Designer
B.Tech,Human-Computer Interaction,8.96,"Adobe XD, Sketch, Figma","Problem-Solving, Empathy",Ambivert,8-12 LPA,Nielsen Norman Group UX Certification,I like a mix of both,Visual,No,No,UI/UX Designer
BBA,Marketing,7.11,"Digital Marketing, Google Analytics, SEO, Social Media Management","Communication, Creativity",Extrovert,12+ LPA,HubSpot Content Marketing,I prefer working in a team,Auditory,Maybe,No,Social Media Manager
M.Tech,AI & ML,9.08,"NLP, TensorFlow, Computer Vision, Python","Critical Thinking, Research",Introvert,12+ LPA,Deep Learning Specialization,I prefer working alone,Read/Write,Yes,Yes,AI Specialist
B.Tech,Mechanical Engineering,7.71,"SolidWorks, MATLAB","Problem-Solving, Teamwork",Ambivert,4-8 LPA,No Certification,I prefer working in a team,Kinesthetic,Maybe,Yes,Mechanical Engineer
MBA,Business Administration,7.39,"Digital Marketing, Google Analytics","Creativity, Communication",Extrovert,8-12 LPA,HubSpot Content Marketing,I prefer working in a team,Auditory,Maybe,No,Marketing Manager
B.A.,Graphic Design,6.85,"Figma, Adobe Illustrator","Creativity, Attention to Detail",Introvert,Less than 4 LPA,No Certification,I prefer working alone,Visual,No,No,Graphic Designer
B.Tech,Mechanical Engineering,7.21,"AutoCAD, MATLAB","Problem-Solving, Teamwork",Ambivert,4-8 LPA,No Certification,I prefer working in a team,Kinesthetic,Yes,Yes,Mechanical Engineer
B.A.,Fine Arts,7.91,"Adobe Photoshop, Figma, Adobe Illustrator","Attention to Detail, Creativity",Ambivert,Less than 4 LPA,No Certification,I prefer working alone,Visual,No,Yes,Graphic Designer
B.Tech,Computer Science,8.3,"SQL, Python, Git","Teamwork, Problem-Solving",Introvert,8-12 LPA,No Certification,I prefer working alone,Kinesthetic,Yes,No,Software Developer
MBA,Marketing,8.96,"SEO, Google Analytics, Social Media Management, Digital Marketing","Creativity, Leadership",Extrovert,8-12 LPA,Google Digital Marketing,I prefer working in a team,Visual,Yes,No,Marketing Manager
M.Tech,Data Science,9.67,"SQL, Scikit-learn","Problem-Solving, Critical Thinking",Ambivert,8-12 LPA,IBM Data Science,I prefer working alone,Visual,Yes,Yes,Data Scientist
Diploma,Mechanical Engineering,8.76,"SolidWorks, AutoCAD, MATLAB","Problem-Solving, Teamwork",Ambivert,8-12 LPA,Certified SOLIDWORKS Professional,I prefer working in a team,Kinesthetic,Maybe,Yes,Mechanical Engineer
B.Des,Fine Arts,7.76,"Adobe Photoshop, Figma, Adobe Illustrator","Creativity, Attention to Detail",Ambivert,Less than 4 LPA,Adobe Certified Expert (ACE),I prefer working alone,Visual,No,No,Graphic Designer
BBA,Business Administration,7.74,"Digital Marketing, Social Media Management, SEO, Google Analytics","Leadership, Creativity",Extrovert,12+ LPA,Google Digital Marketing,I prefer working in a team,Visual,Maybe,No,Marketing Manager
B.Tech,Computer Science,8.12,"JavaScript, Python, SQL","Problem-Solving, Teamwork",Introvert,8-12 LPA,Coursera - Python for Everybody,I prefer working alone,Visual,Maybe,No,Software Developer
M.Tech,Computer Science,9.55,"PyTorch, NLP, TensorFlow","Research, Critical Thinking",Introvert,12+ LPA,Deep Learning Specialization,I prefer working alone,Read/Write,Yes,Yes,AI Specialist
B.Des,Fine Arts,7.45,"Figma, Adobe Photoshop","Attention to Detail, Creativity",Introvert,4-8 LPA,Adobe Certified Expert (ACE),I prefer working alone,Kinesthetic,No,No,Graphic Designer
MBA,Marketing,7.35,"Social Media Management, SEO","Communication, Leadership",Extrovert,12+ LPA,HubSpot Content Marketing,I prefer working in a team,Visual,Yes,No,Marketing Manager
M.Tech,Computer Science,9.02,"SQL, Scikit-learn, Python, TensorFlow, R","Problem-Solving, Critical Thinking",Introvert,8-12 LPA,IBM Data Science,I prefer working alone,Visual,Yes,Yes,Data Scientist
B.Des,Graphic Design,8.65,"Figma, Sketch","Empathy, Problem-Solving",Ambivert,8-12 LPA,Nielsen Norman Group UX Certification,I like a mix of both,Kinesthetic,Yes,No,UI/UX Designer
B.A.,Fine Arts,6.5,"Adobe Illustrator, Adobe Photoshop","Attention to Detail, Creativity",Ambivert,4-8 LPA,No Certification,I like a mix of both,Visual,No,No,UI/UX Designer
B.Com,Commerce,8.95,"SQL, MS Excel, Tableau","Attention to Detail, Analytical Skills",Extrovert,4-8 LPA,CFA,I prefer working alone,Visual,Maybe,Yes,Financial Analyst
B.Tech,Computer Science,9.72,"Python, Scikit-learn","Problem-Solving, Critical Thinking",Introvert,8-12 LPA,Google Data Analytics,I prefer working alone,Read/Write,Yes,No,Data Scientist
Diploma,Mechanical Engineering,8.5,"SolidWorks, MATLAB, AutoCAD","Problem-Solving, Teamwork",Ambivert,4-8 LPA,No Certification,I prefer working in a team,Kinesthetic,Maybe,Yes,Mechanical Engineer
M.Tech,Computer Science,9.41,"Computer Vision, NLP, PyTorch, Python","Research, Critical Thinking",Introvert,12+ LPA,TensorFlow Developer,I prefer working alone,Read/Write,Yes,Yes,AI Specialist
M.Tech,Data Science,8.84,"R, Python","Problem-Solving, Critical Thinking",Introvert,12+ LPA,IBM Data Science,I prefer working alone,Visual,Yes,Yes,AI Specialist
M.Tech,Data Science,8.8,"Python, R, SQL","Problem-Solving, Critical Thinking",Ambivert,8-12 LPA,Google Data Analytics,I prefer working alone,Read/Write,Yes,Yes,Data Scientist
B.Tech,Human-Computer Interaction,8.68,"User Research, Sketch, Figma, Adobe XD","Empathy, Creativity",Ambivert,8-12 LPA,Nielsen Norman Group UX Certification,I like a mix of both,Visual,Yes,No,UI/UX Designer
B.Tech,Computer Science,8.28,"Java, SQL","Teamwork, Problem-Solving",Ambivert,12+ LPA,No Certification,I prefer working alone,Kinesthetic,Maybe,No,Software Developer
B.Tech,Data Science,9.48,"R, TensorFlow, Scikit-learn","Problem-Solving, Critical Thinking",Ambivert,8-12 LPA,Google Data Analytics,I prefer working alone,Read/Write,Yes,Yes,AI Specialist
MBA,Business Administration,7.3,"Google Analytics, Social Media Management, SEO","Communication, Leadership",Extrovert,8-12 LPA,HubSpot Content Marketing,I prefer working in a team,Auditory,Maybe,No,Marketing Manager
M.Tech,AI & ML,9.43,"Python, PyTorch","Critical Thinking, Research",Introvert,12+ LPA,TensorFlow Developer,I prefer working alone,Read/Write,Yes,Yes,Data Scientist
BBA,Marketing,8.04,"Social Media Management, Digital Marketing, SEO","Creativity, Communication",Extrovert,8-12 LPA,Google Digital Marketing,I prefer working in a team,Visual,Maybe,No,Marketing Manager
B.Tech,Computer Science,9.0,"Java, SQL","Teamwork, Problem-Solving",Ambivert,12+ LPA,Coursera - Python for Everybody,I like a mix of both,Visual,Yes,No,Data Scientist
B.Des,Fine Arts,8.52,"Adobe Photoshop, Adobe Illustrator, Figma","Creativity, Attention to Detail",Ambivert,4-8 LPA,Adobe Certified Expert (ACE),I like a mix of both,Visual,No,Yes,Graphic Designer
B.Des,Graphic Design,7.37,"Figma, Adobe Photoshop, Adobe Illustrator","Attention to Detail, Creativity",Ambivert,4-8 LPA,No Certification,I like a mix of both,Kinesthetic,No,Yes,UI/UX Designer
B.Tech,Graphic Design,8.09,"Figma, Sketch","Creativity, Empathy",Ambivert,8-12 LPA,Nielsen Norman Group UX Certification,I like a mix of both,Kinesthetic,Yes,No,UI/UX Designer
M.Tech,Data Science,9.54,"Python, R, SQL, TensorFlow","Problem-Solving, Critical Thinking",Ambivert,12+ LPA,Google Data Analytics,I prefer working alone,Visual,Yes,Yes,Data Scientist
B.Tech,Computer Science,9.0,"SQL, Python, Git, JavaScript","Teamwork, Problem-Solving",Introvert,8-12 LPA,No Certification,I like a mix of both,Visual,Yes,No,Software Developer
B.Tech,Mechanical Engineering,7.29,"SolidWorks, AutoCAD, MATLAB","Teamwork, Problem-Solving",Ambivert,4-8 LPA,Certified SOLIDWORKS Professional,I prefer working in a team,Kinesthetic,Yes,Yes,Mechanical Engineer
B.Tech,Computer Science,9.57,"JavaScript, Java","Teamwork, Problem-Solving",Introvert,12+ LPA,Coursera - Python for Everybody,I prefer working alone,Visual,Maybe,No,Software Developer
B.Tech,Computer Science,8.03,"Python, JavaScript","Problem-Solving, Teamwork",Introvert,12+ LPA,No Certification,I prefer working alone,Kinesthetic,Maybe,No,Data Scientist
BBA,Business Administration,8.67,"Digital Marketing, Google Analytics, SEO, Social Media Management","Leadership, Creativity",Extrovert,12+ LPA,Google Digital Marketing,I prefer working in a team,Auditory,Maybe,No,Marketing Manager
B.A.,Fine Arts,8.14,"Figma, Adobe Photoshop, Adobe Illustrator","Creativity, Attention to Detail",Ambivert,Less than 4 LPA,No Certification,I like a mix of both,Kinesthetic,No,No,Graphic Designer
BBA,Business Administration,7.4,"Google Analytics, Social Media Management","Communication, Creativity",Extrovert,12+ LPA,HubSpot Content Marketing,I prefer working in a team,Auditory,Yes,No,Marketing Manager
B.Tech,Computer Science,9.84,"R, TensorFlow, Scikit-learn, Python, SQL","Critical Thinking, Problem-Solving",Introvert,12+ LPA,Google Data Analytics,I prefer working alone,Visual,Yes,Yes,Data Scientist
M.Tech,Computer Science,8.77,"Python, Scikit-learn, SQL","Critical Thinking, Problem-Solving",Introvert,12+ LPA,Google Data Analytics,I prefer working alone,Visual,Yes,No,Data Scientist
B.Tech,Data Science,9.44,"R, SQL, Scikit-learn, TensorFlow","Critical Thinking, Problem-Solving",Ambivert,8-12 LPA,IBM Data Science,I prefer working alone,Read/Write,Yes,Yes,AI Specialist
B.Tech,Mechanical Engineering,8.72,"MATLAB, SolidWorks, AutoCAD","Teamwork, Problem-Solving",Ambivert,4-8 LPA,Certified SOLIDWORKS Professional,I prefer working in a team,Kinesthetic,Maybe,Yes,Mechanical Engineer
M.Tech,Computer Science,9.41,"Python, TensorFlow, Computer Vision","Critical Thinking, Research",Introvert,12+ LPA,Deep Learning Specialization,I prefer working alone,Read/Write,Yes,Yes,AI Specialist
B.Des,Human-Computer Interaction,8.47,"Adobe XD, Figma, Sketch, User Research","Empathy, Problem-Solving",Ambivert,8-12 LPA,No Certification,I like a mix of both,Visual,Yes,No,UI/UX Designer
B.Tech,Human-Computer Interaction,7.89,"Figma, Adobe XD","Problem-Solving, Creativity",Ambivert,12+ LPA,No Certification,I like a mix of both,Kinesthetic,No,No,UI/UX Designer
MBA,Commerce,7.58,"SQL, MS Excel, Financial Modeling, Tableau","Attention to Detail, Analytical Skills",Ambivert,4-8 LPA,No Certification,I prefer working alone,Visual,Maybe,No,Financial Analyst
M.Tech,Computer Science,8.66,"TensorFlow, R, Scikit-learn, Python, SQL","Critical Thinking, Problem-Solving",Ambivert,12+ LPA,IBM Data Science,I prefer working alone,Read/Write,Yes,Yes,Data Scientist
B.Des,Fine Arts,6.89,"Adobe Illustrator, Figma, Adobe Photoshop","Attention to Detail, Creativity",Introvert,4-8 LPA,Adobe Certified Expert (ACE),I like a mix of both,Visual,No,Yes,UI/UX Designer
MBA,Marketing,7.11,"Google Analytics, Digital Marketing, SEO","Leadership, Creativity",Extrovert,8-12 LPA,HubSpot Content Marketing,I prefer working in a team,Visual,Yes,No,Marketing Manager
B.Com,Commerce,8.6,"Tableau, Financial Modeling","Analytical Skills, Attention to Detail",Ambivert,8-12 LPA,No Certification,I prefer working alone,Visual,Maybe,No,Financial Analyst
M.Tech,Computer Science,9.28,"TensorFlow, Python, Scikit-learn","Critical Thinking, Problem-Solving",Introvert,8-12 LPA,Google Data Analytics,I prefer working alone,Read/Write,Yes,Yes,Data Scientist
MBA,Finance,8.2,"SQL, Financial Modeling","Analytical Skills, Attention to Detail",Ambivert,8-12 LPA,CFA,I prefer working alone,Visual,No,No,Financial Analyst
M.Tech,Data Science,9.72,"Python, SQL, Scikit-learn","Critical Thinking, Problem-Solving",Introvert,8-12 LPA,Google Data Analytics,I prefer working alone,Read/Write,Yes,Yes,Data Scientist
B.Tech,Computer Science,9.18,"Java, JavaScript, Git","Teamwork, Problem-Solving",Ambivert,8-12 LPA,Coursera - Python for Everybody,I prefer working alone,Visual,Maybe,No,Software Developer
B.Tech,Data Science,9.53,"Scikit-learn, TensorFlow, SQL","Critical Thinking, Problem-Solving",Introvert,12+ LPA,Google Data Analytics,I prefer working alone,Read/Write,Yes,Yes,AI Specialist
M.Tech,Computer Science,9.3,"TensorFlow, Computer Vision, PyTorch","Research, Critical Thinking",Introvert,12+ LPA,Deep Learning Specialization,I prefer working alone,Read/Write,Yes,Yes,Data Scientist
B.Tech,Mechanical Engineering,8.61,"MATLAB, SolidWorks, AutoCAD","Problem-Solving, Teamwork",Ambivert,8-12 LPA,No Certification,I prefer working in a team,Kinesthetic,Yes,Yes,Mechanical Engineer
B.Tech,Mechanical Engineering,8.22,"AutoCAD, MATLAB, SolidWorks","Teamwork, Problem-Solving",Ambivert,4-8 LPA,No Certification,I prefer working in a team,Kinesthetic,Maybe,Yes,Mechanical Engineer
B.Tech,Computer Science,8.79,"SQL, TensorFlow, Scikit-learn, R, Python","Critical Thinking, Problem-Solving",Introvert,8-12 LPA,IBM Data Science,I prefer working alone,Read/Write,Yes,No,Data Scientist
MBA,Marketing,8.68,"Google Analytics, SEO","Creativity, Leadership",Extrovert,12+ LPA,HubSpot Content Marketing,I prefer working in a team,Auditory,Maybe,No,Social Media Manager
M.Tech,Computer Science,9.23,"Python, R, TensorFlow, Scikit-learn, SQL","Problem-Solving, Critical Thinking",Introvert,8-12 LPA,Google Data Analytics,I prefer working alone,Visual,Yes,No,AI Specialist
B.Tech,Computer Science,9.62,"Java, JavaScript, Python, SQL","Problem-Solving, Teamwork",Ambivert,12+ LPA,No Certification,I prefer working alone,Kinesthetic,Yes,No,Data Scientist
MBA,Finance,8.63,"Financial Modeling, MS Excel, Tableau","Attention to Detail, Analytical Skills",Ambivert,8-12 LPA,No Certification,I prefer working alone,Read/Write,Maybe,Yes,Financial Analyst
B.Tech,Mechanical Engineering,8.56,"SolidWorks, MATLAB","Problem-Solving, Teamwork",Ambivert,4-8 LPA,No Certification,I prefer working in a team,Kinesthetic,Yes,Yes,Mechanical Engineer
MBA,Commerce,8.12,"MS Excel, Financial Modeling, Tableau, SQL","Attention to Detail, Analytical Skills",Extrovert,8-12 LPA,CFA,I prefer working alone,Read/Write,No,No,Business Analyst
M.Tech,Data Science,9.44,"R, Scikit-learn","Problem-Solving, Critical Thinking",Introvert,8-12 LPA,IBM Data Science,I prefer working alone,Visual,Yes,Yes,Data Scientist
MBA,Marketing,7.1,"Google Analytics, Social Media Management, Digital Marketing, SEO","Communication, Creativity",Extrovert,8-12 LPA,Google Digital Marketing,I prefer working in a team,Auditory,Yes,No,Marketing Manager
MBA,Commerce,7.88,"SQL, MS Excel, Tableau","Analytical Skills, Attention to Detail",Ambivert,8-12 LPA,No Certification,I prefer working alone,Read/Write,No,No,Business Analyst
MBA,Finance,7.56,"Financial Modeling, Tableau, SQL, MS Excel","Analytical Skills, Attention to Detail",Ambivert,4-8 LPA,No Certification,I prefer working alone,Visual,No,No,Financial Analyst
B.Tech,Computer Science,8.01,"Java, SQL","Problem-Solving, Teamwork",Introvert,12+ LPA,Coursera - Python for Everybody,I prefer working alone,Kinesthetic,Maybe,No,Data Scientist
M.Tech,AI & ML,9.01,"NLP, PyTorch, TensorFlow","Research, Critical Thinking",Introvert,12+ LPA,Deep Learning Specialization,I prefer working alone,Read/Write,Yes,Yes,AI Specialist
B.Tech,Computer Science,8.4,"Python, SQL","Teamwork, Problem-Solving",Ambivert,8-12 LPA,No Certification,I like a mix of both,Visual,Yes,No,Software Developer
B.Des,Fine Arts,8.06,"Adobe Illustrator, Adobe Photoshop","Creativity, Attention to Detail",Ambivert,Less than 4 LPA,No Certification,I like a mix of both,Visual,No,Yes,Graphic Designer
B.Des,Graphic Design,8.67,"Adobe Illustrator, Adobe Photoshop, Figma","Creativity, Attention to Detail",Ambivert,4-8 LPA,Adobe Certified Expert (ACE),I like a mix of both,Kinesthetic,No,Yes,Graphic Designer
B.Tech,Data Science,9.34,"TensorFlow, Python","Problem-Solving, Critical Thinking",Ambivert,12+ LPA,Google Data Analytics,I prefer working alone,Visual,Yes,No,Data Scientist
MBA,Marketing,8.01,"SEO, Social Media Management, Digital Marketing","Creativity, Leadership",Extrovert,8-12 LPA,HubSpot Content Marketing,I prefer working in a team,Visual,Yes,No,Marketing Manager
MBA,Finance,8.01,"MS Excel, SQL, Tableau","Analytical Skills, Attention to Detail",Extrovert,8-12 LPA,No Certification,I prefer working alone,Read/Write,Maybe,No,Financial Analyst
M.Tech,Computer Science,9.69,"NLP, Computer Vision","Research, Critical Thinking",Introvert,12+ LPA,TensorFlow Developer,I prefer working alone,Read/Write,Yes,Yes,AI Specialist
BBA,Marketing,7.85,"Google Analytics, SEO, Social Media Management","Communication, Leadership",Extrovert,12+ LPA,HubSpot Content Marketing,I prefer working in a team,Auditory,Maybe,No,Marketing Manager
B.Tech,Computer Science,8.88,"Python, SQL, Git, Java","Problem-Solving, Teamwork",Ambivert,8-12 LPA,No Certification,I prefer working alone,Visual,Yes,No,Software Developer
Diploma,Mechanical Engineering,8.24,"MATLAB, SolidWorks","Teamwork, Problem-Solving",Ambivert,8-12 LPA,No Certification,I prefer working in a team,Kinesthetic,Maybe,Yes,Mechanical Engineer
B.Des,Human-Computer Interaction,8.04,"Figma, User Research, Sketch, Adobe XD","Empathy, Creativity",Ambivert,12+ LPA,Nielsen Norman Group UX Certification,I like a mix of both,Kinesthetic,Yes,No,UI/UX Designer
M.Tech,Data Science,9.07,"R, Scikit-learn, Python, SQL","Critical Thinking, Problem-Solving",Ambivert,12+ LPA,IBM Data Science,I prefer working alone,Read/Write,Yes,Yes,Data Scientist
M.Tech,Computer Science,8.86,"NLP, PyTorch","Critical Thinking, Research",Introvert,12+ LPA,Deep Learning Specialization,I prefer working alone,Read/Write,Yes,Yes,AI Specialist
B.Com,Commerce,7.65,"SQL, MS Excel, Financial Modeling","Analytical Skills, Attention to Detail",Extrovert,8-12 LPA,CFA,I prefer working alone,Read/Write,No,Yes,Financial Analyst
B.Tech,Graphic Design,8.81,"Adobe XD, User Research, Sketch, Figma","Empathy, Problem-Solving",Ambivert,12+ LPA,Nielsen Norman Group UX Certification,I like a mix of both,Kinesthetic,Yes,No,Graphic Designer
MBA,Business Administration,8.81,"Social Media Management, Google Analytics","Creativity, Communication",Extrovert,12+ LPA,Google Digital Marketing,I prefer working in a team,Auditory,Yes,No,Marketing Manager
M.Tech,AI & ML,9.28,"Computer Vision, Python, TensorFlow, PyTorch","Critical Thinking, Research",Introvert,12+ LPA,TensorFlow Developer,I prefer working alone,Read/Write,Yes,Yes,AI Specialist
M.Tech,Computer Science,9.61,"NLP, Computer Vision, TensorFlow, Python, PyTorch","Research, Critical Thinking",Introvert,12+ LPA,TensorFlow Developer,I prefer working alone,Read/Write,Yes,Yes,AI Specialist
M.Tech,Data Science,9.74,"Python, TensorFlow","Critical Thinking, Problem-Solving",Introvert,8-12 LPA,Google Data Analytics,I prefer working alone,Visual,Yes,No,Data Scientist
B.Des,Human-Computer Interaction,8.95,"User Research, Sketch, Figma, Adobe XD","Empathy, Problem-Solving",Ambivert,12+ LPA,Nielsen Norman Group UX Certification,I like a mix of both,Visual,No,No,UI/UX Designer
B.Tech,Computer Science,9.1,"Python, SQL, TensorFlow","Critical Thinking, Problem-Solving",Introvert,12+ LPA,Google Data Analytics,I prefer working alone,Visual,Yes,No,Data Scientist
B.Com,Commerce,8.98,"SQL, MS Excel","Analytical Skills, Attention to Detail",Ambivert,4-8 LPA,CFA,I prefer working alone,Read/Write,Maybe,No,Financial Analyst
M.Tech,Computer Science,8.83,"Computer Vision, TensorFlow, NLP, Python","Critical Thinking, Research",Introvert,12+ LPA,Deep Learning Specialization,I prefer working alone,Read/Write,Yes,Yes,Data Scientist
M.Tech,Computer Science,9.43,"NLP, Python, PyTorch, TensorFlow","Research, Critical Thinking",Introvert,12+ LPA,TensorFlow Developer,I prefer working alone,Read/Write,Yes,Yes,AI Specialist
BBA,Business Administration,7.09,"Google Analytics, Social Media Management, Digital Marketing, SEO","Creativity, Leadership",Extrovert,8-12 LPA,HubSpot Content Marketing,I prefer working in a team,Auditory,Yes,No,Marketing Manager
Diploma,Mechanical Engineering,7.35,"SolidWorks, MATLAB, AutoCAD","Teamwork, Problem-Solving",Ambivert,8-12 LPA,Certified SOLIDWORKS Professional,I prefer working in a team,Kinesthetic,Yes,Yes,Civil Engineer
Diploma,Mechanical Engineering,8.71,"MATLAB, SolidWorks, AutoCAD","Problem-Solving, Teamwork",Ambivert,4-8 LPA,No Certification,I prefer working in a team,Kinesthetic,Yes,Yes,Mechanical Engineer
Diploma,Mechanical Engineering,7.72,"SolidWorks, MATLAB","Problem-Solving, Teamwork",Ambivert,8-12 LPA,No Certification,I prefer working in a team,Kinesthetic,Yes,Yes,Mechanical Engineer
M.Tech,Data Science,9.29,"Python, R, Scikit-learn","Critical Thinking, Problem-Solving",Introvert,12+ LPA,IBM Data Science,I prefer working alone,Visual,Yes,No,Data Scientist
B.Tech,Data Science,8.63,"SQL, TensorFlow, Python, Scikit-learn, R","Problem-Solving, Critical Thinking",Ambivert,12+ LPA,Google Data Analytics,I prefer working alone,Visual,Yes,Yes,Data Scientist
B.Tech,Graphic Design,8.48,"Sketch, Figma, User Research","Problem-Solving, Empathy",Ambivert,12+ LPA,Nielsen Norman Group UX Certification,I like a mix of both,Kinesthetic,Yes,No,Graphic Designer
MBA,Marketing,7.24,"Google Analytics, SEO, Social Media Management, Digital Marketing","Leadership, Creativity",Extrovert,8-12 LPA,Google Digital Marketing,I prefer working in a team,Auditory,Yes,No,Marketing Manager
B.Des,Graphic Design,8.31,"Figma, Adobe XD, Sketch, User Research","Problem-Solving, Creativity",Ambivert,12+ LPA,No Certification,I like a mix of both,Kinesthetic,Yes,No,UI/UX Designer
M.Tech,AI & ML,9.24,"Computer Vision, PyTorch, NLP","Research, Critical Thinking",Introvert,12+ LPA,Deep Learning Specialization,I prefer working alone,Read/Write,Yes,Yes,Data Scientist
B.A.,Graphic Design,7.08,"Figma, Adobe Photoshop, Adobe Illustrator","Creativity, Attention to Detail",Introvert,4-8 LPA,No Certification,I like a mix of both,Kinesthetic,No,No,Graphic Designer
B.A.,Fine Arts,7.67,"Adobe Illustrator, Adobe Photoshop, Figma","Attention to Detail, Creativity",Ambivert,4-8 LPA,Adobe Certified Expert (ACE),I prefer working alone,Visual,No,No,Graphic Designer
B.Des,Human-Computer Interaction,8.72,"Adobe XD, User Research, Sketch","Problem-Solving, Empathy",Ambivert,8-12 LPA,Nielsen Norman Group UX Certification,I like a mix of both,Kinesthetic,Yes,No,UI/UX Designer
MBA,Business Administration,7.6,"Digital Marketing, Google Analytics","Leadership, Communication",Extrovert,8-12 LPA,HubSpot Content Marketing,I prefer working in a team,Visual,Maybe,No,Marketing Manager
B.A.,Graphic Design,8.86,"Figma, Adobe Photoshop","Attention to Detail, Creativity",Ambivert,4-8 LPA,No Certification,I like a mix of both,Kinesthetic,No,Yes,Graphic Designer
B.Tech,Computer Science,9.05,"Java, SQL, Python","Teamwork, Problem-Solving",Ambivert,8-12 LPA,Coursera - Python for Everybody,I prefer working alone,Kinesthetic,Maybe,No,Software Developer
B.Com,Commerce,8.91,"Financial Modeling, MS Excel","Analytical Skills, Attention to Detail",Ambivert,8-12 LPA,CFA,I prefer working alone,Visual,No,No,Financial Analyst
B.Tech,Computer Science,9.6,"SQL, TensorFlow","Critical Thinking, Problem-Solving",Introvert,8-12 LPA,IBM Data Science,I prefer working alone,Visual,Yes,No,Data Scientist
B.Tech,Computer Science,8.47,"SQL, Java","Problem-Solving, Teamwork",Ambivert,12+ LPA,No Certification,I like a mix of both,Kinesthetic,Maybe,No,Software Developer
MBA,Marketing,7.99,"Digital Marketing, Google Analytics","Leadership, Communication",Extrovert,8-12 LPA,Google Digital Marketing,I prefer working in a team,Visual,Maybe,No,Marketing Manager
B.Tech,Computer Science,8.26,"Git, JavaScript, SQL, Python","Problem-Solving, Teamwork",Introvert,8-12 LPA,Coursera - Python for Everybody,I prefer working alone,Visual,Yes,No,Software Developer
B.Des,Human-Computer Interaction,8.02,"User Research, Figma","Creativity, Empathy",Ambivert,8-12 LPA,Nielsen Norman Group UX Certification,I like a mix of both,Kinesthetic,Yes,No,UI/UX Designer
B.Tech,Computer Science,8.76,"JavaScript, Git, SQL","Problem-Solving, Teamwork",Ambivert,8-12 LPA,No Certification,I like a mix of both,Kinesthetic,Maybe,No,Software Developer
B.Tech,Computer Science,8.56,"Python, JavaScript","Teamwork, Problem-Solving",Introvert,12+ LPA,Coursera - Python for Everybody,I prefer working alone,Visual,Maybe,No,Software Developer
M.Tech,Data Science,9.33,"SQL, R, Python, TensorFlow","Critical Thinking, Problem-Solving",Introvert,12+ LPA,IBM Data Science,I prefer working alone,Visual,Yes,No,Data Scientist
B.Tech,Mechanical Engineering,7.17,"AutoCAD, MATLAB, SolidWorks","Problem-Solving, Teamwork",Ambivert,4-8 LPA,Certified SOLIDWORKS Professional,I prefer working in a team,Kinesthetic,Maybe,Yes,Mechanical Engineer
MBA,Finance,8.11,"Tableau, MS Excel, SQL, Financial Modeling","Attention to Detail, Analytical Skills",Ambivert,8-12 LPA,CFA,I prefer working alone,Visual,Maybe,Yes,Business Analyst
MBA,Marketing,7.48,"SEO, Google Analytics, Social Media Management, Digital Marketing","Communication, Creativity",Extrovert,12+ LPA,HubSpot Content Marketing,I prefer working in a team,Visual,Yes,No,Marketing Manager
B.Tech,Human-Computer Interaction,8.02,"Adobe XD, Figma, User Research","Problem-Solving, Empathy",Ambivert,12+ LPA,No Certification,I like a mix of both,Kinesthetic,Yes,No,UI/UX Designer
M.Tech,Computer Science,9.04,"Computer Vision, PyTorch","Critical Thinking, Research",Introvert,12+ LPA,TensorFlow Developer,I prefer working alone,Read/Write,Yes,Yes,AI Specialist
M.Tech,Computer Science,9.59,"TensorFlow, Python, PyTorch, Computer Vision, NLP","Research, Critical Thinking",Introvert,12+ LPA,Deep Learning Specialization,I prefer working alone,Read/Write,Yes,Yes,AI Specialist
B.Tech,Data Science,8.56,"Scikit-learn, Python, R, SQL","Problem-Solving, Critical Thinking",Ambivert,8-12 LPA,Google Data Analytics,I prefer working alone,Read/Write,Yes,Yes,Data Scientist
BBA,Business Administration,8.56,"Social Media Management, Digital Marketing, SEO","Creativity, Communication",Extrovert,12+ LPA,Google Digital Marketing,I prefer working in a team,Visual,Yes,No,Marketing Manager
BBA,Business Administration,7.98,"Social Media Management, Digital Marketing","Leadership, Creativity",Extrovert,8-12 LPA,HubSpot Content Marketing,I prefer working in a team,Visual,Maybe,No,Marketing Manager
MBA,Marketing,7.02,"Google Analytics, Digital Marketing","Communication, Creativity",Extrovert,8-12 LPA,HubSpot Content Marketing,I prefer working in a team,Visual,Maybe,No,Marketing Manager
B.Tech,Data Science,8.7,"SQL, Python","Critical Thinking, Problem-Solving",Introvert,12+ LPA,Google Data Analytics,I prefer working alone,Visual,Yes,Yes,Data Scientist
MBA,Marketing,8.0,"SEO, Digital Marketing, Google Analytics, Social Media Management","Leadership, Creativity",Extrovert,8-12 LPA,HubSpot Content Marketing,I prefer working in a team,Auditory,Maybe,No,Marketing Manager
B.Tech,Computer Science,9.72,"TensorFlow, Python","Problem-Solving, Critical Thinking",Ambivert,8-12 LPA,IBM Data Science,I prefer working alone,Read/Write,Yes,No,Data Scientist
B.A.,Fine Arts,8.07,"Adobe Illustrator, Adobe Photoshop","Attention to Detail, Creativity",Introvert,Less than 4 LPA,Adobe Certified Expert (ACE),I like a mix of both,Kinesthetic,No,Yes,Graphic Designer
B.Tech,Computer Science,9.65,"SQL, Python, Java, Git","Teamwork, Problem-Solving",Introvert,12+ LPA,Coursera - Python for Everybody,I like a mix of both,Visual,Maybe,No,Software Developer
B.Tech,Computer Science,9.31,"SQL, Java, Python, JavaScript","Teamwork, Problem-Solving",Ambivert,8-12 LPA,Coursera - Python for Everybody,I like a mix of both,Visual,Maybe,No,Software Developer
B.Tech,Human-Computer Interaction,8.2,"Figma, User Research, Adobe XD, Sketch","Creativity, Problem-Solving",Ambivert,8-12 LPA,No Certification,I like a mix of both,Kinesthetic,No,No,UI/UX Designer
B.Tech,Data Science,9.23,"SQL, Python, Scikit-learn","Critical Thinking, Problem-Solving",Introvert,8-12 LPA,IBM Data Science,I prefer working alone,Visual,Yes,Yes,Data Scientist
MBA,Business Administration,7.6,"Social Media Management, Google Analytics, Digital Marketing, SEO","Creativity, Leadership",Extrovert,12+ LPA,HubSpot Content Marketing,I prefer working in a team,Visual,Maybe,No,Marketing Manager
M.Tech,Computer Science,9.03,"TensorFlow, Python, NLP, Computer Vision","Research, Critical Thinking",Introvert,12+ LPA,TensorFlow Developer,I prefer working alone,Read/Write,Yes,Yes,Data Scientist
Diploma,Mechanical Engineering,8.69,"AutoCAD, MATLAB, SolidWorks","Teamwork, Problem-Solving",Ambivert,4-8 LPA,Certified SOLIDWORKS Professional,I prefer working in a team,Kinesthetic,Maybe,Yes,Mechanical Engineer
B.Tech,Mechanical Engineering,7.93,"MATLAB, AutoCAD, SolidWorks","Teamwork, Problem-Solving",Ambivert,8-12 LPA,No Certification,I prefer working in a team,Kinesthetic,Yes,Yes,Mechanical Engineer
B.Des,Human-Computer Interaction,8.23,"Sketch, Adobe XD, Figma, User Research","Empathy, Problem-Solving",Ambivert,8-12 LPA,No Certification,I like a mix of both,Visual,Yes,No,UI/UX Designer
B.Tech,Computer Science,8.34,"SQL, JavaScript, Python","Problem-Solving, Teamwork",Introvert,8-12 LPA,No Certification,I prefer working alone,Visual,Yes,No,Software Developer
B.Tech,Mechanical Engineering,8.52,"SolidWorks, MATLAB, AutoCAD","Teamwork, Problem-Solving",Ambivert,8-12 LPA,Certified SOLIDWORKS Professional,I prefer working in a team,Kinesthetic,Yes,Yes,Mechanical Engineer
MBA,Commerce,8.25,"MS Excel, Financial Modeling, SQL, Tableau","Attention to Detail, Analytical Skills",Extrovert,8-12 LPA,CFA,I prefer working alone,Read/Write,No,No,Financial Analyst
MBA,Marketing,7.9,"Digital Marketing, Social Media Management","Communication, Leadership",Extrovert,8-12 LPA,HubSpot Content Marketing,I prefer working in a team,Visual,Yes,No,Marketing Manager
MBA,Commerce,8.76,"MS Excel, Tableau, Financial Modeling","Attention to Detail, Analytical Skills",Extrovert,4-8 LPA,CFA,I prefer working alone,Read/Write,No,No,Financial Analyst
B.Tech,Computer Science,9.06,"Python, JavaScript, Git","Problem-Solving, Teamwork",Ambivert,8-12 LPA,No Certification,I prefer working alone,Kinesthetic,Maybe,No,Software Developer
B.Tech,Computer Science,9.9,"SQL, R","Critical Thinking, Problem-Solving",Introvert,12+ LPA,IBM Data Science,I prefer working alone,Read/Write,Yes,No,Data Scientist
B.Des,Fine Arts,8.89,"Adobe Illustrator, Figma","Attention to Detail, Creativity",Introvert,Less than 4 LPA,No Certification,I prefer working alone,Visual,No,Yes,Graphic Designer
B.Com,Commerce,7.67,"Financial Modeling, Tableau, MS Excel","Analytical Skills, Attention to Detail",Ambivert,4-8 LPA,No Certification,I prefer working alone,Visual,Maybe,Yes,Business Analyst
B.Tech,Computer Science,9.18,"JavaScript, Python, SQL, Git, Java","Teamwork, Problem-Solving",Introvert,12+ LPA,Coursera - Python for Everybody,I like a mix of both,Visual,Maybe,No,Software Developer
B.Des,Human-Computer Interaction,8.34,"Sketch, Figma","Empathy, Problem-Solving",Ambivert,12+ LPA,No Certification,I like a mix of both,Kinesthetic,No,No,UI/UX Designer
B.Tech,Computer Science,8.84,"Git, JavaScript, Java","Problem-Solving, Teamwork",Ambivert,8-12 LPA,No Certification,I prefer working alone,Kinesthetic,Yes,No,Software Developer
B.Tech,Mechanical Engineering,8.06,"MATLAB, AutoCAD, SolidWorks","Teamwork, Problem-Solving",Ambivert,4-8 LPA,Certified SOLIDWORKS Professional,I prefer working in a team,Kinesthetic,Yes,Yes,Mechanical Engineer
B.A.,Fine Arts,7.61,"Adobe Photoshop, Figma","Attention to Detail, Creativity",Ambivert,4-8 LPA,Adobe Certified Expert (ACE),I prefer working alone,Kinesthetic,No,Yes,Graphic Designer
BBA,Marketing,7.04,"Google Analytics, SEO, Digital Marketing","Creativity, Communication",Extrovert,8-12 LPA,HubSpot Content Marketing,I prefer working in a team,Visual,Maybe,No,Marketing Manager
BBA,Business Administration,8.85,"SEO, Google Analytics, Social Media Management","Communication, Leadership",Extrovert,12+ LPA,Google Digital Marketing,I prefer working in a team,Auditory,Maybe,No,Marketing Manager
BBA,Business Administration,7.72,"Social Media Management, Digital Marketing","Communication, Creativity",Extrovert,12+ LPA,Google Digital Marketing,I prefer working in a team,Auditory,Maybe,No,Social Media Manager
MBA,Business Administration,8.29,"SEO, Google Analytics, Social Media Management, Digital Marketing","Communication, Leadership",Extrovert,8-12 LPA,Google Digital Marketing,I prefer working in a team,Auditory,Yes,No,Marketing Manager
B.Des,Human-Computer Interaction,9.12,"Adobe XD, Figma, User Research, Sketch","Problem-Solving, Empathy",Ambivert,8-12 LPA,No Certification,I like a mix of both,Visual,Yes,No,UI/UX Designer
B.Tech,Computer Science,8.11,"SQL, Python, Git, Java","Problem-Solving, Teamwork",Ambivert,12+ LPA,Coursera - Python for Everybody,I like a mix of both,Visual,Yes,No,Data Scientist
B.Tech,Computer Science,8.42,"Python, Java, SQL, JavaScript","Teamwork, Problem-Solving",Introvert,8-12 LPA,Coursera - Python for Everybody,I prefer working alone,Kinesthetic,Yes,No,Software Developer
B.Des,Human-Computer Interaction,8.99,"User Research, Adobe XD, Sketch","Creativity, Problem-Solving",Ambivert,12+ LPA,No Certification,I like a mix of both,Kinesthetic,No,No,UI/UX Designer
M.Tech,Computer Science,9.15,"SQL, R, Scikit-learn, TensorFlow","Critical Thinking, Problem-Solving",Introvert,12+ LPA,IBM Data Science,I prefer working alone,Read/Write,Yes,No,AI Specialist
BBA,Business Administration,8.95,"Social Media Management, SEO, Digital Marketing","Creativity, Communication",Extrovert,8-12 LPA,Google Digital Marketing,I prefer working in a team,Visual,Maybe,No,Social Media Manager
B.Des,Graphic Design,8.09,"Adobe Photoshop, Figma, Adobe Illustrator","Creativity, Attention to Detail",Introvert,Less than 4 LPA,No Certification,I like a mix of both,Kinesthetic,No,Yes,Graphic Designer
B.Des,Fine Arts,8.36,"Adobe Photoshop, Adobe Illustrator","Attention to Detail, Creativity",Ambivert,4-8 LPA,Adobe Certified Expert (ACE),I like a mix of both,Visual,No,Yes,Graphic Designer
BBA,Business Administration,8.12,"Digital Marketing, Google Analytics","Creativity, Leadership",Extrovert,8-12 LPA,HubSpot Content Marketing,I prefer working in a team,Visual,Yes,No,Marketing Manager
M.Tech,Computer Science,8.85,"Python, TensorFlow, PyTorch, Computer Vision, NLP","Critical Thinking, Research",Introvert,12+ LPA,TensorFlow Developer,I prefer working alone,Read/Write,Yes,Yes,Data Scientist
B.Des,Fine Arts,8.19,"Adobe Illustrator, Adobe Photoshop","Creativity, Attention to Detail",Ambivert,4-8 LPA,Adobe Certified Expert (ACE),I like a mix of both,Visual,No,Yes,Graphic Designer
B.Tech,Graphic Design,7.93,"User Research, Adobe XD, Figma","Creativity, Problem-Solving",Ambivert,12+ LPA,No Certification,I like a mix of both,Kinesthetic,No,No,UI/UX Designer
B.Des,Fine Arts,6.92,"Figma, Adobe Photoshop","Attention to Detail, Creativity",Introvert,Less than 4 LPA,No Certification,I like a mix of both,Kinesthetic,No,Yes,Graphic Designer
B.Tech,Data Science,8.91,"Python, TensorFlow, R","Problem-Solving, Critical Thinking",Ambivert,12+ LPA,IBM Data Science,I prefer working alone,Visual,Yes,No,Data Scientist
B.Tech,Data Science,8.72,"TensorFlow, SQL, Python, Scikit-learn, R","Critical Thinking, Problem-Solving",Ambivert,12+ LPA,Google Data Analytics,I prefer working alone,Visual,Yes,No,Data Scientist
B.Tech,Data Science,9.65,"R, Scikit-learn, Python, SQL, TensorFlow","Problem-Solving, Critical Thinking",Ambivert,12+ LPA,IBM Data Science,I prefer working alone,Visual,Yes,Yes,Data Scientist
B.Tech,Data Science,9.61,"R, SQL, Scikit-learn, TensorFlow, Python","Critical Thinking, Problem-Solving",Ambivert,12+ LPA,IBM Data Science,I prefer working alone,Visual,Yes,Yes,Data Scientist
M.Tech,Computer Science,9.74,"Python, Scikit-learn, SQL, TensorFlow, R","Problem-Solving, Critical Thinking",Ambivert,8-12 LPA,Google Data Analytics,I prefer working alone,Visual,Yes,No,AI Specialist
M.Tech,Computer Science,9.44,"TensorFlow, SQL, R, Scikit-learn, Python","Critical Thinking, Problem-Solving",Ambivert,12+ LPA,Google Data Analytics,I prefer working alone,Visual,Yes,Yes,AI Specialist
M.Tech,Computer Science,9.32,"TensorFlow, Scikit-learn, Python","Critical Thinking, Problem-Solving",Introvert,12+ LPA,Google Data Analytics,I prefer working alone,Visual,Yes,Yes,Data Scientist
Diploma,Mechanical Engineering,8.73,"SolidWorks, AutoCAD, MATLAB","Problem-Solving, Teamwork",Ambivert,8-12 LPA,No Certification,I prefer working in a team,Kinesthetic,Yes,Yes,Civil Engineer
M.Tech,Computer Science,8.98,"Python, TensorFlow","Research, Critical Thinking",Introvert,12+ LPA,Deep Learning Specialization,I prefer working alone,Read/Write,Yes,Yes,AI Specialist
B.A.,Graphic Design,8.72,"Adobe Illustrator, Adobe Photoshop","Attention to Detail, Creativity",Ambivert,4-8 LPA,Adobe Certified Expert (ACE),I like a mix of both,Visual,No,Yes,Graphic Designer
B.Com,Commerce,9.09,"SQL, Tableau, MS Excel","Analytical Skills, Attention to Detail",Extrovert,4-8 LPA,CFA,I prefer working alone,Visual,Maybe,No,Financial Analyst
M.Tech,AI & ML,9.0,"TensorFlow, NLP, PyTorch, Computer Vision, Python","Critical Thinking, Research",Introvert,12+ LPA,Deep Learning Specialization,I prefer working alone,Read/Write,Yes,Yes,AI Specialist
B.Tech,Computer Science,8.84,"SQL, JavaScript, Python, Java, Git","Teamwork, Problem-Solving",Introvert,8-12 LPA,Coursera - Python for Everybody,I like a mix of both,Kinesthetic,Yes,No,Software Developer
M.Tech,Data Science,9.21,"Scikit-learn, R","Problem-Solving, Critical Thinking",Ambivert,8-12 LPA,IBM Data Science,I prefer working alone,Read/Write,Yes,No,Data Scientist
B.Tech,Computer Science,8.88,"SQL, R","Problem-Solving, Critical Thinking",Introvert,12+ LPA,Google Data Analytics,I prefer working alone,Visual,Yes,No,Data Scientist
B.A.,Graphic Design,7.92,"Adobe Photoshop, Figma, Adobe Illustrator","Attention to Detail, Creativity",Ambivert,Less than 4 LPA,No Certification,I prefer working alone,Visual,No,Yes,Graphic Designer
MBA,Business Administration,8.93,"SEO, Social Media Management","Leadership, Communication",Extrovert,8-12 LPA,Google Digital Marketing,I prefer working in a team,Visual,Yes,No,Social Media Manager
B.Tech,Mechanical Engineering,8.2,"MATLAB, SolidWorks","Teamwork, Problem-Solving",Ambivert,8-12 LPA,Certified SOLIDWORKS Professional,I prefer working in a team,Kinesthetic,Yes,Yes,Mechanical Engineer
Diploma,Mechanical Engineering,8.23,"SolidWorks, AutoCAD","Teamwork, Problem-Solving",Ambivert,8-12 LPA,No Certification,I prefer working in a team,Kinesthetic,Maybe,Yes,Mechanical Engineer
B.Tech,Computer Science,8.85,"TensorFlow, R, Scikit-learn, SQL","Critical Thinking, Problem-Solving",Introvert,12+ LPA,Google Data Analytics,I prefer working alone,Visual,Yes,No,Data Scientist
B.Tech,Computer Science,8.4,"Java, Python, Git, SQL, JavaScript","Teamwork, Problem-Solving",Introvert,8-12 LPA,No Certification,I like a mix of both,Visual,Maybe,No,Software Developer
M.Tech,Data Science,9.5,"Scikit-learn, Python","Problem-Solving, Critical Thinking",Introvert,12+ LPA,IBM Data Science,I prefer working alone,Read/Write,Yes,No,Data Scientist
B.Des,Graphic Design,8.66,"Adobe Photoshop, Figma, Adobe Illustrator","Attention to Detail, Creativity",Ambivert,4-8 LPA,No Certification,I prefer working alone,Visual,No,No,Graphic Designer
B.Tech,Computer Science,9.54,"Python, TensorFlow, Scikit-learn, SQL","Problem-Solving, Critical Thinking",Introvert,12+ LPA,IBM Data Science,I prefer working alone,Visual,Yes,Yes,Data Scientist
M.Tech,Computer Science,9.94,"Computer Vision, NLP, PyTorch","Critical Thinking, Research",Introvert,12+ LPA,TensorFlow Developer,I prefer working alone,Read/Write,Yes,Yes,AI Specialist
B.Tech,Computer Science,8.54,"JavaScript, Git, SQL, Python, Java","Problem-Solving, Teamwork",Introvert,12+ LPA,Coursera - Python for Everybody,I prefer working alone,Kinesthetic,Yes,No,Software Developer
B.Com,Finance,8.85,"Tableau, SQL, MS Excel","Attention to Detail, Analytical Skills",Extrovert,8-12 LPA,CFA,I prefer working alone,Visual,Maybe,No,Financial Analyst
B.Tech,Mechanical Engineering,8.67,"SolidWorks, MATLAB, AutoCAD","Teamwork, Problem-Solving",Ambivert,4-8 LPA,No Certification,I prefer working in a team,Kinesthetic,Yes,Yes,Mechanical Engineer
B.Com,Finance,7.57,"SQL, Tableau","Analytical Skills, Attention to Detail",Ambivert,4-8 LPA,No Certification,I prefer working alone,Read/Write,No,Yes,Financial Analyst
B.A.,Fine Arts,7.31,"Figma, Adobe Illustrator, Adobe Photoshop","Creativity, Attention to Detail",Ambivert,Less than 4 LPA,No Certification,I like a mix of both,Kinesthetic,No,Yes,Graphic Designer
B.Tech,Human-Computer Interaction,7.72,"Figma, Adobe XD, User Research, Sketch","Creativity, Problem-Solving",Ambivert,8-12 LPA,No Certification,I like a mix of both,Kinesthetic,No,No,Graphic Designer
MBA,Finance,8.87,"Financial Modeling, Tableau","Attention to Detail, Analytical Skills",Extrovert,4-8 LPA,CFA,I prefer working alone,Read/Write,No,Yes,Financial Analyst
B.Tech,Computer Science,8.84,"Git, SQL, JavaScript, Java, Python","Problem-Solving, Teamwork",Ambivert,12+ LPA,Coursera - Python for Everybody,I like a mix of both,Kinesthetic,Maybe,No,Software Developer
B.Tech,Data Science,9.77,"SQL, Python, R, Scikit-learn","Problem-Solving, Critical Thinking",Introvert,8-12 LPA,Google Data Analytics,I prefer working alone,Visual,Yes,No,Data Scientist
M.Tech,Computer Science,8.93,"TensorFlow, Computer Vision","Critical Thinking, Research",Introvert,12+ LPA,TensorFlow Developer,I prefer working alone,Read/Write,Yes,Yes,Data Scientist
M.Tech,Computer Science,8.82,"Python, Computer Vision, PyTorch, TensorFlow","Critical Thinking, Research",Introvert,12+ LPA,TensorFlow Developer,I prefer working alone,Read/Write,Yes,Yes,AI Specialist
B.Tech,Computer Science,9.43,"JavaScript, Python, Git, Java, SQL","Teamwork, Problem-Solving",Introvert,12+ LPA,Coursera - Python for Everybody,I prefer working alone,Visual,Yes,No,Software Developer
MBA,Commerce,9.1,"SQL, MS Excel, Financial Modeling, Tableau","Analytical Skills, Attention to Detail",Ambivert,8-12 LPA,No Certification,I prefer working alone,Read/Write,No,Yes,Business Analyst
B.Tech,Data Science,9.89,"TensorFlow, Scikit-learn","Problem-Solving, Critical Thinking",Ambivert,8-12 LPA,Google Data Analytics,I prefer working alone,Visual,Yes,Yes,Data Scientist
B.Tech,Data Science,9.39,"TensorFlow, Scikit-learn","Critical Thinking, Problem-Solving",Ambivert,8-12 LPA,IBM Data Science,I prefer working alone,Read/Write,Yes,Yes,Data Scientist
B.Des,Graphic Design,7.6,"Adobe XD, Figma","Empathy, Problem-Solving",Ambivert,12+ LPA,Nielsen Norman Group UX Certification,I like a mix of both,Visual,Yes,No,Graphic Designer
M.Tech,Computer Science,8.67,"TensorFlow, SQL","Problem-Solving, Critical Thinking",Introvert,8-12 LPA,Google Data Analytics,I prefer working alone,Read/Write,Yes,No,Data Scientist
B.Tech,Human-Computer Interaction,8.21,"Adobe XD, User Research, Sketch, Figma","Empathy, Problem-Solving",Ambivert,12+ LPA,Nielsen Norman Group UX Certification,I like a mix of both,Visual,Yes,No,Graphic Designer
B.Tech,Data Science,9.07,"SQL, Python, Scikit-learn, R, TensorFlow","Critical Thinking, Problem-Solving",Introvert,8-12 LPA,Google Data Analytics,I prefer working alone,Read/Write,Yes,Yes,Data Scientist
B.Com,Finance,7.66,"Financial Modeling, MS Excel, SQL, Tableau","Analytical Skills, Attention to Detail",Extrovert,4-8 LPA,CFA,I prefer working alone,Read/Write,Maybe,No,Financial Analyst
B.A.,Graphic Design,7.99,"Figma, Adobe Illustrator, Adobe Photoshop","Creativity, Attention to Detail",Introvert,Less than 4 LPA,Adobe Certified Expert (ACE),I prefer working alone,Kinesthetic,No,No,Graphic Designer
B.Des,Human-Computer Interaction,8.2,"Adobe XD, Sketch","Empathy, Creativity",Ambivert,8-12 LPA,No Certification,I like a mix of both,Visual,Yes,No,UI/UX Designer
B.Tech,Human-Computer Interaction,7.67,"User Research, Figma, Adobe XD","Empathy, Creativity",Ambivert,12+ LPA,Nielsen Norman Group UX Certification,I like a mix of both,Kinesthetic,Yes,No,UI/UX Designer
B.Des,Fine Arts,7.95,"Figma, Adobe Photoshop, Adobe Illustrator","Attention to Detail, Creativity",Ambivert,Less than 4 LPA,No Certification,I prefer working alone,Kinesthetic,No,Yes,Graphic Designer
B.A.,Fine Arts,7.15,"Adobe Photoshop, Figma, Adobe Illustrator","Attention to Detail, Creativity",Ambivert,4-8 LPA,Adobe Certified Expert (ACE),I prefer working alone,Visual,No,Yes,Graphic Designer
B.Com,Commerce,8.31,"MS Excel, Tableau","Analytical Skills, Attention to Detail",Extrovert,8-12 LPA,CFA,I prefer working alone,Read/Write,No,Yes,Financial Analyst
M.Tech,AI & ML,9.65,"PyTorch, NLP, Computer Vision, TensorFlow","Critical Thinking, Research",Introvert,12+ LPA,TensorFlow Developer,I prefer working alone,Read/Write,Yes,Yes,AI Specialist
M.Tech,Data Science,9.14,"TensorFlow, R","Critical Thinking, Problem-Solving",Introvert,12+ LPA,Google Data Analytics,I prefer working alone,Visual,Yes,No,AI Specialist
MBA,Finance,8.76,"Tableau, Financial Modeling, SQL","Analytical Skills, Attention to Detail",Ambivert,4-8 LPA,CFA,I prefer working alone,Visual,No,Yes,Business Analyst
MBA,Business Administration,8.11,"Digital Marketing, SEO, Google Analytics, Social Media Management","Communication, Creativity",Extrovert,8-12 LPA,Google Digital Marketing,I prefer working in a team,Auditory,Maybe,No,Marketing Manager
B.Com,Finance,8.91,"SQL, Tableau, MS Excel","Attention to Detail, Analytical Skills",Ambivert,4-8 LPA,CFA,I prefer working alone,Visual,Maybe,Yes,Business Analyst
B.A.,Graphic Design,7.73,"Figma, Adobe Photoshop","Creativity, Attention to Detail",Ambivert,Less than 4 LPA,Adobe Certified Expert (ACE),I like a mix of both,Kinesthetic,No,No,Graphic Designer
B.Tech,Mechanical Engineering,7.99,"MATLAB, SolidWorks","Teamwork, Problem-Solving",Ambivert,8-12 LPA,Certified SOLIDWORKS Professional,I prefer working in a team,Kinesthetic,Maybe,Yes,Mechanical Engineer
MBA,Marketing,7.6,"Digital Marketing, SEO, Google Analytics, Social Media Management","Communication, Creativity",Extrovert,12+ LPA,Google Digital Marketing,I prefer working in a team,Auditory,Yes,No,Marketing Manager
B.Tech,Graphic Design,8.36,"Sketch, User Research, Adobe XD, Figma","Problem-Solving, Empathy",Ambivert,8-12 LPA,Nielsen Norman Group UX Certification,I like a mix of both,Visual,No,No,UI/UX Designer
B.Tech,Graphic Design,8.87,"Sketch, Adobe XD","Problem-Solving, Empathy",Ambivert,12+ LPA,Nielsen Norman Group UX Certification,I like a mix of both,Kinesthetic,No,No,UI/UX Designer
B.A.,Fine Arts,6.53,"Adobe Photoshop, Figma","Creativity, Attention to Detail",Ambivert,Less than 4 LPA,Adobe Certified Expert (ACE),I prefer working alone,Kinesthetic,No,No,Graphic Designer
B.Des,Human-Computer Interaction,9.17,"User Research, Sketch, Figma","Problem-Solving, Creativity",Ambivert,8-12 LPA,Nielsen Norman Group UX Certification,I like a mix of both,Visual,Yes,No,UI/UX Designer
B.Tech,Mechanical Engineering,7.09,"SolidWorks, MATLAB","Teamwork, Problem-Solving",Ambivert,8-12 LPA,Certified SOLIDWORKS Professional,I prefer working in a team,Kinesthetic,Maybe,Yes,Mechanical Engineer
MBA,Commerce,8.97,"Tableau, SQL, MS Excel, Financial Modeling","Analytical Skills, Attention to Detail",Extrovert,4-8 LPA,CFA,I prefer working alone,Visual,Maybe,No,Financial Analyst
B.Des,Graphic Design,7.87,"Sketch, User Research","Creativity, Empathy",Ambivert,8-12 LPA,Nielsen Norman Group UX Certification,I like a mix of both,Kinesthetic,No,No,UI/UX Designer
B.Tech,Computer Science,9.6,"Git, Python","Problem-Solving, Teamwork",Introvert,12+ LPA,No Certification,I prefer working alone,Visual,Maybe,No,Software Developer
M.Tech,AI & ML,9.48,"Computer Vision, NLP, Python, TensorFlow, PyTorch","Research, Critical Thinking",Introvert,12+ LPA,Deep Learning Specialization,I prefer working alone,Read/Write,Yes,Yes,AI Specialist
B.Tech,Mechanical Engineering,7.89,"MATLAB, SolidWorks, AutoCAD","Problem-Solving, Teamwork",Ambivert,4-8 LPA,No Certification,I prefer working in a team,Kinesthetic,Maybe,Yes,Mechanical Engineer
B.Tech,Computer Science,9.67,"Scikit-learn, Python, R, TensorFlow, SQL","Critical Thinking, Problem-Solving",Introvert,8-12 LPA,Google Data Analytics,I prefer working alone,Read/Write,Yes,No,Data Scientist
M.Tech,AI & ML,9.47,"Python, Computer Vision, PyTorch, NLP, TensorFlow","Research, Critical Thinking",Introvert,12+ LPA,TensorFlow Developer,I prefer working alone,Read/Write,Yes,Yes,AI Specialist
M.Tech,Computer Science,8.93,"SQL, TensorFlow, Scikit-learn, Python, R","Problem-Solving, Critical Thinking",Introvert,12+ LPA,Google Data Analytics,I prefer working alone,Read/Write,Yes,No,Data Scientist
B.Com,Finance,8.2,"MS Excel, SQL","Attention to Detail, Analytical Skills",Extrovert,8-12 LPA,No Certification,I prefer working alone,Visual,Maybe,Yes,Financial Analyst
MBA,Marketing,7.01,"Social Media Management, Digital Marketing, SEO","Leadership, Creativity",Extrovert,8-12 LPA,HubSpot Content Marketing,I prefer working in a team,Auditory,Yes,No,Marketing Manager
M.Tech,Computer Science,9.81,"R, Scikit-learn, SQL","Problem-Solving, Critical Thinking",Ambivert,8-12 LPA,IBM Data Science,I prefer working alone,Read/Write,Yes,No,Data Scientist
M.Tech,Computer Science,9.9,"SQL, R, Scikit-learn, TensorFlow","Critical Thinking, Problem-Solving",Introvert,12+ LPA,Google Data Analytics,I prefer working alone,Read/Write,Yes,Yes,Data Scientist
BBA,Marketing,8.88,"SEO, Digital Marketing","Communication, Leadership",Extrovert,12+ LPA,HubSpot Content Marketing,I prefer working in a team,Auditory,Yes,No,Marketing Manager
MBA,Business Administration,7.62,"Social Media Management, SEO, Digital Marketing","Creativity, Communication",Extrovert,8-12 LPA,Google Digital Marketing,I prefer working in a team,Auditory,Maybe,No,Social Media Manager
Diploma,Mechanical Engineering,7.06,"SolidWorks, AutoCAD","Teamwork, Problem-Solving",Ambivert,8-12 LPA,No Certification,I prefer working in a team,Kinesthetic,Maybe,Yes,Mechanical Engineer
B.A.,Fine Arts,7.04,"Adobe Illustrator, Adobe Photoshop","Attention to Detail, Creativity",Ambivert,4-8 LPA,Adobe Certified Expert (ACE),I prefer working alone,Kinesthetic,No,Yes,Graphic Designer
M.Tech,Computer Science,9.46,"TensorFlow, Computer Vision, Python","Critical Thinking, Research",Introvert,12+ LPA,Deep Learning Specialization,I prefer working alone,Read/Write,Yes,Yes,AI Specialist
M.Tech,Computer Science,9.81,"NLP, PyTorch, TensorFlow","Research, Critical Thinking",Introvert,12+ LPA,Deep Learning Specialization,I prefer working alone,Read/Write,Yes,Yes,AI Specialist
MBA,Commerce,8.8,"MS Excel, Financial Modeling","Analytical Skills, Attention to Detail",Ambivert,8-12 LPA,CFA,I prefer working alone,Read/Write,Maybe,No,Business Analyst
B.Des,Graphic Design,7.6,"Adobe Illustrator, Adobe Photoshop","Creativity, Attention to Detail",Introvert,4-8 LPA,Adobe Certified Expert (ACE),I like a mix of both,Kinesthetic,No,No,Graphic Designer
M.Tech,AI & ML,9.03,"PyTorch, NLP","Research, Critical Thinking",Introvert,12+ LPA,Deep Learning Specialization,I prefer working alone,Read/Write,Yes,Yes,AI Specialist
B.Tech,Computer Science,8.36,"Python, SQL, Git, Java","Problem-Solving, Teamwork",Ambivert,8-12 LPA,Coursera - Python for Everybody,I prefer working alone,Kinesthetic,Yes,No,Software Developer
M.Tech,Computer Science,9.77,"TensorFlow, PyTorch, NLP","Critical Thinking, Research",Introvert,12+ LPA,TensorFlow Developer,I prefer working alone,Read/Write,Yes,Yes,AI Specialist
B.Tech,Data Science,8.69,"Scikit-learn, R","Problem-Solving, Critical Thinking",Ambivert,12+ LPA,Google Data Analytics,I prefer working alone,Read/Write,Yes,No,Data Scientist
M.Tech,AI & ML,9.19,"PyTorch, TensorFlow, Python, Computer Vision","Research, Critical Thinking",Introvert,12+ LPA,TensorFlow Developer,I prefer working alone,Read/Write,Yes,Yes,AI Specialist
B.Tech,Computer Science,8.23,"SQL, Git, Java, Python","Teamwork, Problem-Solving",Ambivert,8-12 LPA,No Certification,I prefer working alone,Visual,Yes,No,Software Developer
Diploma,Mechanical Engineering,8.48,"MATLAB, SolidWorks","Problem-Solving, Teamwork",Ambivert,4-8 LPA,Certified SOLIDWORKS Professional,I prefer working in a team,Kinesthetic,Maybe,Yes,Mechanical Engineer
B.Des,Human-Computer Interaction,8.11,"User Research, Figma, Sketch, Adobe XD","Empathy, Problem-Solving",Ambivert,8-12 LPA,No Certification,I like a mix of both,Visual,Yes,No,Graphic Designer
B.Des,Human-Computer Interaction,9.22,"User Research, Adobe XD","Creativity, Problem-Solving",Ambivert,8-12 LPA,No Certification,I like a mix of both,Visual,Yes,No,UI/UX Designer
B.Tech,Computer Science,9.13,"Python, SQL, Git","Problem-Solving, Teamwork",Introvert,8-12 LPA,No Certification,I like a mix of both,Visual,Yes,No,Software Developer
M.Tech,Data Science,8.91,"R, SQL, TensorFlow","Critical Thinking, Problem-Solving",Ambivert,12+ LPA,Google Data Analytics,I prefer working alone,Visual,Yes,No,Data Scientist
B.A.,Graphic Design,6.8,"Adobe Illustrator, Figma, Adobe Photoshop","Attention to Detail, Creativity",Ambivert,4-8 LPA,No Certification,I like a mix of both,Visual,No,Yes,Graphic Designer
MBA,Commerce,7.98,"MS Excel, Tableau, Financial Modeling","Analytical Skills, Attention to Detail",Ambivert,8-12 LPA,CFA,I prefer working alone,Visual,Maybe,No,Financial Analyst
MBA,Commerce,9.15,"SQL, Financial Modeling, Tableau","Analytical Skills, Attention to Detail",Extrovert,4-8 LPA,CFA,I prefer working alone,Visual,Maybe,Yes,Financial Analyst
B.Tech,Human-Computer Interaction,9.1,"Sketch, User Research","Creativity, Empathy",Ambivert,8-12 LPA,No Certification,I like a mix of both,Visual,Yes,No,UI/UX Designer
B.Tech,Mechanical Engineering,7.3,"SolidWorks, AutoCAD, MATLAB","Teamwork, Problem-Solving",Ambivert,4-8 LPA,Certified SOLIDWORKS Professional,I prefer working in a team,Kinesthetic,Maybe,Yes,Mechanical Engineer
M.Tech,Computer Science,8.98,"PyTorch, Python, NLP","Critical Thinking, Research",Introvert,12+ LPA,TensorFlow Developer,I prefer working alone,Read/Write,Yes,Yes,AI Specialist
B.Com,Commerce,9.0,"MS Excel, SQL","Analytical Skills, Attention to Detail",Extrovert,4-8 LPA,No Certification,I prefer working alone,Visual,Maybe,No,Financial Analyst
B.Des,Graphic Design,7.44,"Figma, Adobe Photoshop","Creativity, Attention to Detail",Introvert,4-8 LPA,Adobe Certified Expert (ACE),I like a mix of both,Kinesthetic,No,Yes,Graphic Designer
B.Tech,Data Science,8.56,"SQL, TensorFlow, Python, Scikit-learn","Problem-Solving, Critical Thinking",Introvert,12+ LPA,Google Data Analytics,I prefer working alone,Visual,Yes,No,Data Scientist
B.Com,Finance,9.16,"Financial Modeling, SQL, Tableau","Attention to Detail, Analytical Skills",Extrovert,8-12 LPA,No Certification,I prefer working alone,Read/Write,Maybe,Yes,Financial Analyst
BBA,Business Administration,8.32,"Google Analytics, Social Media Management, SEO, Digital Marketing","Creativity, Leadership",Extrovert,12+ LPA,Google Digital Marketing,I prefer working in a team,Auditory,Maybe,No,Marketing Manager
B.Com,Commerce,8.17,"Tableau, Financial Modeling, SQL, MS Excel","Attention to Detail, Analytical Skills",Extrovert,4-8 LPA,CFA,I prefer working alone,Read/Write,No,Yes,Financial Analyst
B.Tech,Mechanical Engineering,7.38,"MATLAB, SolidWorks","Problem-Solving, Teamwork",Ambivert,8-12 LPA,Certified SOLIDWORKS Professional,I prefer working in a team,Kinesthetic,Maybe,Yes,Mechanical Engineer
B.Tech,Graphic Design,9.0,"User Research, Sketch","Problem-Solving, Empathy",Ambivert,8-12 LPA,No Certification,I like a mix of both,Visual,Yes,No,UI/UX Designer
BBA,Business Administration,8.54,"SEO, Digital Marketing, Social Media Management, Google Analytics","Leadership, Communication",Extrovert,12+ LPA,HubSpot Content Marketing,I prefer working in a team,Visual,Maybe,No,Marketing Manager
B.Des,Fine Arts,8.13,"Figma, Adobe Illustrator","Creativity, Attention to Detail",Introvert,4-8 LPA,No Certification,I like a mix of both,Visual,No,No,Graphic Designer
MBA,Finance,8.85,"Financial Modeling, Tableau, SQL, MS Excel","Analytical Skills, Attention to Detail",Ambivert,4-8 LPA,No Certification,I prefer working alone,Visual,Maybe,No,Financial Analyst
B.Tech,Data Science,9.83,"SQL, Scikit-learn","Problem-Solving, Critical Thinking",Introvert,12+ LPA,Google Data Analytics,I prefer working alone,Visual,Yes,No,Data Scientist
Diploma,Mechanical Engineering,7.52,"SolidWorks, AutoCAD, MATLAB","Problem-Solving, Teamwork",Ambivert,4-8 LPA,No Certification,I prefer working in a team,Kinesthetic,Yes,Yes,Civil Engineer
B.Tech,Mechanical Engineering,7.44,"SolidWorks, AutoCAD","Problem-Solving, Teamwork",Ambivert,8-12 LPA,Certified SOLIDWORKS Professional,I prefer working in a team,Kinesthetic,Yes,Yes,Mechanical Engineer
M.Tech,AI & ML,9.46,"PyTorch, Python","Research, Critical Thinking",Introvert,12+ LPA,Deep Learning Specialization,I prefer working alone,Read/Write,Yes,Yes,AI Specialist
B.Com,Commerce,8.62,"Tableau, Financial Modeling, MS Excel, SQL","Attention to Detail, Analytical Skills",Ambivert,4-8 LPA,CFA,I prefer working alone,Read/Write,Maybe,Yes,Financial Analyst
BBA,Business Administration,8.65,"Google Analytics, Social Media Management","Leadership, Creativity",Extrovert,8-12 LPA,HubSpot Content Marketing,I prefer working in a team,Visual,Maybe,No,Marketing Manager
BBA,Business Administration,8.75,"Social Media Management, Digital Marketing, SEO, Google Analytics","Communication, Creativity",Extrovert,8-12 LPA,HubSpot Content Marketing,I prefer working in a team,Visual,Maybe,No,Marketing Manager
B.A.,Fine Arts,8.39,"Adobe Photoshop, Adobe Illustrator, Figma","Attention to Detail, Creativity",Introvert,Less than 4 LPA,No Certification,I prefer working alone,Visual,No,Yes,Graphic Designer
BBA,Business Administration,7.44,"SEO, Social Media Management, Digital Marketing, Google Analytics","Creativity, Leadership",Extrovert,8-12 LPA,HubSpot Content Marketing,I prefer working in a team,Auditory,Maybe,No,Marketing Manager
M.Tech,Computer Science,9.48,"R, SQL, TensorFlow, Python, Scikit-learn","Problem-Solving, Critical Thinking",Ambivert,8-12 LPA,Google Data Analytics,I prefer working alone,Read/Write,Yes,No,Data Scientist
B.A.,Fine Arts,8.05,"Figma, Adobe Illustrator, Adobe Photoshop","Attention to Detail, Creativity",Ambivert,4-8 LPA,No Certification,I prefer working alone,Kinesthetic,No,No,Graphic Designer
B.Tech,Computer Science,9.06,"Git, SQL","Teamwork, Problem-Solving",Introvert,12+ LPA,Coursera - Python for Everybody,I prefer working alone,Visual,Yes,No,Data Scientist
M.Tech,AI & ML,8.93,"Python, Computer Vision, NLP, TensorFlow, PyTorch","Research, Critical Thinking",Introvert,12+ LPA,TensorFlow Developer,I prefer working alone,Read/Write,Yes,Yes,AI Specialist
M.Tech,Computer Science,9.68,"NLP, PyTorch, Computer Vision","Critical Thinking, Research",Introvert,12+ LPA,Deep Learning Specialization,I prefer working alone,Read/Write,Yes,Yes,AI Specialist
M.Tech,AI & ML,9.85,"PyTorch, TensorFlow, NLP, Python, Computer Vision","Research, Critical Thinking",Introvert,12+ LPA,Deep Learning Specialization,I prefer working alone,Read/Write,Yes,Yes,AI Specialist
MBA,Marketing,7.85,"Digital Marketing, SEO, Social Media Management, Google Analytics","Creativity, Communication",Extrovert,12+ LPA,HubSpot Content Marketing,I prefer working in a team,Auditory,Yes,No,Marketing Manager
M.Tech,Computer Science,9.02,"Scikit-learn, SQL, R, TensorFlow","Problem-Solving, Critical Thinking",Introvert,8-12 LPA,IBM Data Science,I prefer working alone,Visual,Yes,Yes,Data Scientist
MBA,Marketing,7.39,"SEO, Digital Marketing, Social Media Management, Google Analytics","Creativity, Leadership",Extrovert,12+ LPA,Google Digital Marketing,I prefer working in a team,Visual,Maybe,No,Marketing Manager
M.Tech,Computer Science,9.35,"PyTorch, TensorFlow, Computer Vision","Research, Critical Thinking",Introvert,12+ LPA,Deep Learning Specialization,I prefer working alone,Read/Write,Yes,Yes,AI Specialist
B.A.,Fine Arts,8.07,"Figma, Adobe Photoshop","Attention to Detail, Creativity",Ambivert,Less than 4 LPA,No Certification,I like a mix of both,Kinesthetic,No,No,UI/UX Designer
MBA,Marketing,8.42,"Social Media Management, Digital Marketing","Leadership, Communication",Extrovert,12+ LPA,Google Digital Marketing,I prefer working in a team,Auditory,Yes,No,Marketing Manager
B.Com,Finance,8.49,"SQL, Tableau","Analytical Skills, Attention to Detail",Extrovert,4-8 LPA,CFA,I prefer working alone,Visual,No,Yes,Financial Analyst
MBA,Marketing,8.95,"Social Media Management, Google Analytics","Leadership, Creativity",Extrovert,12+ LPA,Google Digital Marketing,I prefer working in a team,Visual,Maybe,No,Social Media Manager
BBA,Marketing,7.86,"Google Analytics, Social Media Management, SEO","Leadership, Creativity",Extrovert,12+ LPA,HubSpot Content Marketing,I prefer working in a team,Auditory,Yes,No,Social Media Manager
M.Tech,AI & ML,9.67,"NLP, TensorFlow","Research, Critical Thinking",Introvert,12+ LPA,Deep Learning Specialization,I prefer working alone,Read/Write,Yes,Yes,AI Specialist
B.Tech,Computer Science,8.44,"SQL, Python, Java","Teamwork, Problem-Solving",Introvert,8-12 LPA,No Certification,I prefer working alone,Visual,Yes,No,Software Developer
MBA,Marketing,8.25,"Digital Marketing, Google Analytics","Creativity, Leadership",Extrovert,12+ LPA,Google Digital Marketing,I prefer working in a team,Visual,Maybe,No,Social Media Manager
M.Tech,Computer Science,9.75,"PyTorch, Python, Computer Vision","Research, Critical Thinking",Introvert,12+ LPA,Deep Learning Specialization,I prefer working alone,Read/Write,Yes,Yes,AI Specialist
BBA,Marketing,7.65,"SEO, Google Analytics, Social Media Management","Leadership, Creativity",Extrovert,8-12 LPA,HubSpot Content Marketing,I prefer working in a team,Visual,Maybe,No,Marketing Manager
B.Com,Commerce,7.75,"Tableau, MS Excel","Analytical Skills, Attention to Detail",Extrovert,4-8 LPA,No Certification,I prefer working alone,Visual,Maybe,Yes,Financial Analyst
M.Tech,Computer Science,9.17,"Computer Vision, PyTorch, NLP","Critical Thinking, Research",Introvert,12+ LPA,TensorFlow Developer,I prefer working alone,Read/Write,Yes,Yes,AI Specialist
B.Com,Commerce,7.95,"MS Excel, SQL","Attention to Detail, Analytical Skills",Ambivert,8-12 LPA,CFA,I prefer working alone,Read/Write,No,Yes,Financial Analyst
B.Tech,Computer Science,9.13,"Git, Python, SQL","Teamwork, Problem-Solving",Ambivert,12+ LPA,Coursera - Python for Everybody,I like a mix of both,Kinesthetic,Yes,No,Software Developer
B.Com,Finance,8.3,"Financial Modeling, MS Excel, SQL","Analytical Skills, Attention to Detail",Ambivert,4-8 LPA,No Certification,I prefer working alone,Visual,No,No,Financial Analyst
BBA,Marketing,8.83,"Google Analytics, SEO","Communication, Creativity",Extrovert,12+ LPA,Google Digital Marketing,I prefer working in a team,Auditory,Yes,No,Marketing Manager
B.Des,Graphic Design,7.34,"Adobe Photoshop, Figma","Attention to Detail, Creativity",Ambivert,4-8 LPA,No Certification,I prefer working alone,Visual,No,Yes,Graphic Designer
Diploma,Mechanical Engineering,8.81,"MATLAB, AutoCAD, SolidWorks","Teamwork, Problem-Solving",Ambivert,4-8 LPA,No Certification,I prefer working in a team,Kinesthetic,Yes,Yes,Mechanical Engineer
B.A.,Fine Arts,8.66,"Adobe Photoshop, Adobe Illustrator","Attention to Detail, Creativity",Ambivert,4-8 LPA,No Certification,I like a mix of both,Visual,No,No,Graphic Designer
M.Tech,Computer Science,9.04,"Python, R","Critical Thinking, Problem-Solving",Ambivert,12+ LPA,IBM Data Science,I prefer working alone,Read/Write,Yes,Yes,Data Scientist
B.A.,Graphic Design,6.68,"Adobe Illustrator, Figma","Creativity, Attention to Detail",Ambivert,Less than 4 LPA,No Certification,I like a mix of both,Kinesthetic,No,Yes,Graphic Designer
B.Tech,Computer Science,9.41,"JavaScript, Python","Teamwork, Problem-Solving",Ambivert,8-12 LPA,Coursera - Python for Everybody,I like a mix of both,Kinesthetic,Maybe,No,Software Developer
Diploma,Mechanical Engineering,7.68,"AutoCAD, MATLAB","Problem-Solving, Teamwork",Ambivert,8-12 LPA,Certified SOLIDWORKS Professional,I prefer working in a team,Kinesthetic,Maybe,Yes,Mechanical Engineer
B.Des,Fine Arts,6.94,"Figma, Adobe Illustrator, Adobe Photoshop","Attention to Detail, Creativity",Ambivert,4-8 LPA,Adobe Certified Expert (ACE),I like a mix of both,Visual,No,No,Graphic Designer
MBA,Finance,8.48,"Financial Modeling, MS Excel, SQL","Analytical Skills, Attention to Detail",Ambivert,8-12 LPA,No Certification,I prefer working alone,Visual,No,Yes,Financial Analyst
B.Tech,Computer Science,9.56,"SQL, Java, JavaScript, Python","Teamwork, Problem-Solving",Introvert,8-12 LPA,No Certification,I like a mix of both,Kinesthetic,Yes,No,Data Scientist
B.Tech,Computer Science,9.13,"JavaScript, Java","Teamwork, Problem-Solving",Introvert,12+ LPA,Coursera - Python for Everybody,I prefer working alone,Visual,Yes,No,Software Developer
B.Tech,Graphic Design,8.26,"User Research, Sketch","Empathy, Problem-Solving",Ambivert,8-12 LPA,Nielsen Norman Group UX Certification,I like a mix of both,Visual,Yes,No,UI/UX Designer
B.Com,Finance,7.81,"Financial Modeling, SQL, Tableau","Attention to Detail, Analytical Skills",Extrovert,4-8 LPA,No Certification,I prefer working alone,Read/Write,Maybe,No,Financial Analyst
M.Tech,Computer Science,9.42,"Python, TensorFlow, NLP","Critical Thinking, Research",Introvert,12+ LPA,TensorFlow Developer,I prefer working alone,Read/Write,Yes,Yes,AI Specialist
M.Tech,Data Science,9.67,"R, SQL","Critical Thinking, Problem-Solving",Introvert,8-12 LPA,IBM Data Science,I prefer working alone,Visual,Yes,No,Data Scientist
B.Tech,Data Science,9.25,"R, SQL, TensorFlow, Python","Problem-Solving, Critical Thinking",Introvert,12+ LPA,Google Data Analytics,I prefer working alone,Read/Write,Yes,No,Data Scientist
B.Des,Human-Computer Interaction,8.91,"Adobe XD, Figma","Problem-Solving, Creativity",Ambivert,12+ LPA,Nielsen Norman Group UX Certification,I like a mix of both,Kinesthetic,No,No,UI/UX Designer
MBA,Commerce,8.75,"Financial Modeling, Tableau, MS Excel","Attention to Detail, Analytical Skills",Ambivert,4-8 LPA,No Certification,I prefer working alone,Visual,Maybe,No,Financial Analyst
B.A.,Fine Arts,6.89,"Figma, Adobe Photoshop","Attention to Detail, Creativity",Introvert,Less than 4 LPA,Adobe Certified Expert (ACE),I prefer working alone,Kinesthetic,No,No,UI/UX Designer
Diploma,Mechanical Engineering,7.74,"MATLAB, SolidWorks, AutoCAD","Problem-Solving, Teamwork",Ambivert,4-8 LPA,Certified SOLIDWORKS Professional,I prefer working in a team,Kinesthetic,Yes,Yes,Mechanical Engineer
MBA,Commerce,8.14,"MS Excel, Tableau, SQL, Financial Modeling","Attention to Detail, Analytical Skills",Extrovert,8-12 LPA,No Certification,I prefer working alone,Visual,No,No,Financial Analyst
Diploma,Mechanical Engineering,7.53,"SolidWorks, MATLAB, AutoCAD","Problem-Solving, Teamwork",Ambivert,4-8 LPA,Certified SOLIDWORKS Professional,I prefer working in a team,Kinesthetic,Maybe,Yes,Mechanical Engineer
B.Tech,Data Science,8.76,"R, TensorFlow, SQL","Problem-Solving, Critical Thinking",Introvert,12+ LPA,Google Data Analytics,I prefer working alone,Read/Write,Yes,Yes,Data Scientist
B.A.,Graphic Design,8.64,"Adobe Illustrator, Adobe Photoshop","Creativity, Attention to Detail",Introvert,Less than 4 LPA,Adobe Certified Expert (ACE),I like a mix of both,Kinesthetic,No,Yes,UI/UX Designer
M.Tech,Computer Science,9.13,"NLP, Computer Vision, TensorFlow","Critical Thinking, Research",Introvert,12+ LPA,TensorFlow Developer,I prefer working alone,Read/Write,Yes,Yes,AI Specialist
B.Tech,Computer Science,9.54,"JavaScript, Python","Problem-Solving, Teamwork",Ambivert,8-12 LPA,Coursera - Python for Everybody,I prefer working alone,Visual,Maybe,No,Software Developer
Diploma,Mechanical Engineering,7.82,"SolidWorks, MATLAB","Teamwork, Problem-Solving",Ambivert,8-12 LPA,Certified SOLIDWORKS Professional,I prefer working in a team,Kinesthetic,Yes,Yes,Mechanical Engineer
M.Tech,AI & ML,9.06,"PyTorch, NLP","Critical Thinking, Research",Introvert,12+ LPA,Deep Learning Specialization,I prefer working alone,Read/Write,Yes,Yes,AI Specialist
B.Des,Fine Arts,8.84,"Adobe Illustrator, Adobe Photoshop, Figma","Attention to Detail, Creativity",Ambivert,4-8 LPA,No Certification,I prefer working alone,Visual,No,Yes,Graphic Designer
MBA,Business Administration,8.53,"Google Analytics, Digital Marketing","Communication, Creativity",Extrovert,8-12 LPA,HubSpot Content Marketing,I prefer working in a team,Visual,Yes,No,Social Media Manager
Diploma,Mechanical Engineering,7.59,"SolidWorks, MATLAB, AutoCAD","Problem-Solving, Teamwork",Ambivert,8-12 LPA,Certified SOLIDWORKS Professional,I prefer working in a team,Kinesthetic,Maybe,Yes,Civil Engineer
B.Tech,Computer Science,8.99,"Scikit-learn, Python","Critical Thinking, Problem-Solving",Ambivert,8-12 LPA,Google Data Analytics,I prefer working alone,Read/Write,Yes,Yes,Data Scientist
M.Tech,Data Science,9.86,"SQL, TensorFlow, Scikit-learn","Critical Thinking, Problem-Solving",Introvert,8-12 LPA,IBM Data Science,I prefer working alone,Read/Write,Yes,No,AI Specialist
B.Tech,Graphic Design,8.87,"User Research, Adobe XD, Figma","Creativity, Problem-Solving",Ambivert,8-12 LPA,No Certification,I like a mix of both,Visual,Yes,No,UI/UX Designer
BBA,Marketing,7.12,"Social Media Management, SEO, Google Analytics","Creativity, Communication",Extrovert,8-12 LPA,Google Digital Marketing,I prefer working in a team,Auditory,Maybe,No,Marketing Manager
M.Tech,Computer Science,9.46,"Python, PyTorch, NLP, Computer Vision","Critical Thinking, Research",Introvert,12+ LPA,Deep Learning Specialization,I prefer working alone,Read/Write,Yes,Yes,AI Specialist
B.Tech,Computer Science,9.79,"Python, Git, SQL, Java, JavaScript","Problem-Solving, Teamwork",Ambivert,12+ LPA,Coursera - Python for Everybody,I like a mix of both,Kinesthetic,Yes,No,Software Developer
M.Tech,Computer Science,9.86,"Python, PyTorch, TensorFlow","Research, Critical Thinking",Introvert,12+ LPA,Deep Learning Specialization,I prefer working alone,Read/Write,Yes,Yes,AI Specialist
B.Des,Graphic Design,7.02,"Adobe Illustrator, Adobe Photoshop, Figma","Creativity, Attention to Detail",Introvert,4-8 LPA,Adobe Certified Expert (ACE),I prefer working alone,Visual,No,No,Graphic Designer
B.Com,Finance,8.83,"Tableau, MS Excel","Attention to Detail, Analytical Skills",Extrovert,4-8 LPA,No Certification,I prefer working alone,Visual,Maybe,No,Financial Analyst
Diploma,Mechanical Engineering,7.21,"SolidWorks, AutoCAD","Teamwork, Problem-Solving",Ambivert,8-12 LPA,No Certification,I prefer working in a team,Kinesthetic,Yes,Yes,Mechanical Engineer
MBA,Marketing,8.79,"Digital Marketing, Social Media Management, Google Analytics","Communication, Leadership",Extrovert,8-12 LPA,HubSpot Content Marketing,I prefer working in a team,Auditory,Maybe,No,Marketing Manager
B.Des,Fine Arts,6.85,"Adobe Photoshop, Adobe Illustrator, Figma","Creativity, Attention to Detail",Ambivert,Less than 4 LPA,Adobe Certified Expert (ACE),I like a mix of both,Visual,No,No,Graphic Designer
MBA,Business Administration,8.18,"Social Media Management, Digital Marketing, SEO, Google Analytics","Communication, Creativity",Extrovert,8-12 LPA,HubSpot Content Marketing,I prefer working in a team,Auditory,Maybe,No,Marketing Manager
B.Tech,Computer Science,9.16,"Java, Git, Python, JavaScript","Teamwork, Problem-Solving",Ambivert,12+ LPA,No Certification,I like a mix of both,Visual,Yes,No,Software Developer
B.Tech,Computer Science,9.34,"R, SQL, Scikit-learn, TensorFlow, Python","Critical Thinking, Problem-Solving",Ambivert,8-12 LPA,Google Data Analytics,I prefer working alone,Read/Write,Yes,No,Data Scientist
B.Tech,Computer Science,8.85,"SQL, Java","Teamwork, Problem-Solving",Ambivert,8-12 LPA,Coursera - Python for Everybody,I prefer working alone,Visual,Yes,No,Software Developer
M.Tech,Computer Science,8.75,"R, SQL","Problem-Solving, Critical Thinking",Ambivert,12+ LPA,IBM Data Science,I prefer working alone,Read/Write,Yes,Yes,Data Scientist
B.Des,Human-Computer Interaction,8.87,"User Research, Adobe XD, Figma, Sketch","Creativity, Empathy",Ambivert,12+ LPA,No Certification,I like a mix of both,Visual,No,No,UI/UX Designer
B.Tech,Human-Computer Interaction,7.68,"Sketch, Adobe XD, User Research","Problem-Solving, Creativity",Ambivert,12+ LPA,Nielsen Norman Group UX Certification,I like a mix of both,Kinesthetic,Yes,No,UI/UX Designer
B.A.,Fine Arts,7.36,"Adobe Photoshop, Adobe Illustrator","Creativity, Attention to Detail",Ambivert,Less than 4 LPA,Adobe Certified Expert (ACE),I like a mix of both,Visual,No,Yes,UI/UX Designer
B.Tech,Computer Science,8.2,"Git, SQL","Problem-Solving, Teamwork",Ambivert,12+ LPA,Coursera - Python for Everybody,I like a mix of both,Visual,Maybe,No,Software Developer
BBA,Marketing,8.63,"Google Analytics, Digital Marketing","Communication, Leadership",Extrovert,12+ LPA,Google Digital Marketing,I prefer working in a team,Auditory,Maybe,No,Marketing Manager
M.Tech,Computer Science,9.28,"Computer Vision, Python, TensorFlow","Research, Critical Thinking",Introvert,12+ LPA,TensorFlow Developer,I prefer working alone,Read/Write,Yes,Yes,AI Specialist
B.Des,Graphic Design,8.76,"Figma, Adobe Illustrator","Attention to Detail, Creativity",Introvert,Less than 4 LPA,Adobe Certified Expert (ACE),I like a mix of both,Visual,No,No,Graphic Designer
B.Tech,Computer Science,8.74,"Git, Java, SQL, JavaScript","Teamwork, Problem-Solving",Ambivert,12+ LPA,No Certification,I like a mix of both,Visual,Maybe,No,Software Developer
B.Tech,Computer Science,9.27,"JavaScript, Java, Git, Python","Problem-Solving, Teamwork",Introvert,8-12 LPA,Coursera - Python for Everybody,I prefer working alone,Kinesthetic,Maybe,No,Software Developer
B.Des,Human-Computer Interaction,8.37,"Figma, User Research","Problem-Solving, Empathy",Ambivert,8-12 LPA,No Certification,I like a mix of both,Kinesthetic,No,No,UI/UX Designer
M.Tech,AI & ML,8.93,"PyTorch, Python","Critical Thinking, Research",Introvert,12+ LPA,Deep Learning Specialization,I prefer working alone,Read/Write,Yes,Yes,AI Specialist
B.Com,Commerce,7.68,"Tableau, Financial Modeling, SQL","Attention to Detail, Analytical Skills",Extrovert,8-12 LPA,No Certification,I prefer working alone,Read/Write,No,No,Financial Analyst
B.A.,Fine Arts,8.06,"Adobe Photoshop, Adobe Illustrator, Figma","Attention to Detail, Creativity",Ambivert,4-8 LPA,No Certification,I like a mix of both,Kinesthetic,No,Yes,Graphic Designer
M.Tech,Computer Science,9.86,"R, SQL, TensorFlow, Scikit-learn, Python","Critical Thinking, Problem-Solving",Ambivert,8-12 LPA,Google Data Analytics,I prefer working alone,Read/Write,Yes,Yes,Data Scientist
Diploma,Mechanical Engineering,7.03,"AutoCAD, SolidWorks, MATLAB","Problem-Solving, Teamwork",Ambivert,4-8 LPA,Certified SOLIDWORKS Professional,I prefer working in a team,Kinesthetic,Yes,Yes,Civil Engineer
Diploma,Mechanical Engineering,8.46,"AutoCAD, MATLAB","Teamwork, Problem-Solving",Ambivert,4-8 LPA,Certified SOLIDWORKS Professional,I prefer working in a team,Kinesthetic,Yes,Yes,Mechanical Engineer
B.Des,Human-Computer Interaction,8.18,"Sketch, User Research","Problem-Solving, Empathy",Ambivert,8-12 LPA,Nielsen Norman Group UX Certification,I like a mix of both,Visual,No,No,UI/UX Designer
B.Tech,Human-Computer Interaction,7.83,"Figma, User Research","Empathy, Creativity",Ambivert,12+ LPA,No Certification,I like a mix of both,Visual,No,No,UI/UX Designer
M.Tech,Computer Science,9.86,"R, Scikit-learn, Python, TensorFlow","Critical Thinking, Problem-Solving",Ambivert,12+ LPA,IBM Data Science,I prefer working alone,Visual,Yes,No,Data Scientist
B.Tech,Computer Science,9.38,"Python, Git","Problem-Solving, Teamwork",Introvert,12+ LPA,No Certification,I like a mix of both,Kinesthetic,Yes,No,Software Developer
MBA,Business Administration,8.3,"SEO, Google Analytics, Social Media Management, Digital Marketing","Leadership, Communication",Extrovert,12+ LPA,Google Digital Marketing,I prefer working in a team,Auditory,Maybe,No,Marketing Manager
M.Tech,Computer Science,9.87,"Scikit-learn, TensorFlow, SQL","Critical Thinking, Problem-Solving",Introvert,12+ LPA,IBM Data Science,I prefer working alone,Visual,Yes,No,AI Specialist
MBA,Business Administration,7.06,"SEO, Digital Marketing","Leadership, Creativity",Extrovert,12+ LPA,Google Digital Marketing,I prefer working in a team,Visual,Yes,No,Marketing Manager
M.Tech,AI & ML,8.96,"TensorFlow, Computer Vision, Python","Critical Thinking, Research",Introvert,12+ LPA,Deep Learning Specialization,I prefer working alone,Read/Write,Yes,Yes,AI Specialist
M.Tech,AI & ML,9.5,"TensorFlow, Python, NLP, Computer Vision","Critical Thinking, Research",Introvert,12+ LPA,Deep Learning Specialization,I prefer working alone,Read/Write,Yes,Yes,AI Specialist
M.Tech,AI & ML,9.33,"PyTorch, TensorFlow, Computer Vision","Critical Thinking, Research",Introvert,12+ LPA,Deep Learning Specialization,I prefer working alone,Read/Write,Yes,Yes,AI Specialist
M.Tech,AI & ML,9.21,"NLP, Computer Vision, PyTorch, TensorFlow","Critical Thinking, Research",Introvert,12+ LPA,Deep Learning Specialization,I prefer working alone,Read/Write,Yes,Yes,Data Scientist
MBA,Marketing,8.41,"Google Analytics, Digital Marketing, Social Media Management","Leadership, Communication",Extrovert,8-12 LPA,HubSpot Content Marketing,I prefer working in a team,Visual,Maybe,No,Marketing Manager
B.Tech,Data Science,8.82,"TensorFlow, Scikit-learn","Problem-Solving, Critical Thinking",Ambivert,12+ LPA,IBM Data Science,I prefer working alone,Read/Write,Yes,Yes,Data Scientist
B.Des,Fine Arts,8.69,"Adobe Illustrator, Figma","Attention to Detail, Creativity",Ambivert,4-8 LPA,Adobe Certified Expert (ACE),I like a mix of both,Visual,No,Yes,Graphic Designer
M.Tech,Computer Science,9.87,"Computer Vision, PyTorch, NLP","Critical Thinking, Research",Introvert,12+ LPA,Deep Learning Specialization,I prefer working alone,Read/Write,Yes,Yes,AI Specialist
B.Tech,Computer Science,8.1,"SQL, Git, JavaScript","Teamwork, Problem-Solving",Introvert,8-12 LPA,No Certification,I like a mix of both,Kinesthetic,Maybe,No,Software Developer
B.Tech,Computer Science,8.44,"SQL, JavaScript, Git, Java, Python","Problem-Solving, Teamwork",Introvert,12+ LPA,No Certification,I like a mix of both,Kinesthetic,Yes,No,Software Developer
B.Des,Fine Arts,6.95,"Figma, Adobe Photoshop","Creativity, Attention to Detail",Introvert,Less than 4 LPA,Adobe Certified Expert (ACE),I like a mix of both,Visual,No,No,UI/UX Designer
B.Tech,Graphic Design,8.34,"Figma, Adobe XD, User Research","Empathy, Creativity",Ambivert,12+ LPA,No Certification,I like a mix of both,Kinesthetic,Yes,No,UI/UX Designer
M.Tech,Data Science,8.66,"TensorFlow, Python, R, SQL","Problem-Solving, Critical Thinking",Introvert,12+ LPA,Google Data Analytics,I prefer working alone,Read/Write,Yes,No,Data Scientist
M.Tech,Computer Science,8.83,"TensorFlow, PyTorch","Research, Critical Thinking",Introvert,12+ LPA,TensorFlow Developer,I prefer working alone,Read/Write,Yes,Yes,AI Specialist
B.Tech,Computer Science,9.21,"Git, SQL","Problem-Solving, Teamwork",Introvert,12+ LPA,Coursera - Python for Everybody,I like a mix of both,Kinesthetic,Maybe,No,Software Developer
B.Des,Graphic Design,8.54,"Adobe Photoshop, Figma, Adobe Illustrator","Creativity, Attention to Detail",Ambivert,4-8 LPA,No Certification,I prefer working alone,Kinesthetic,No,Yes,Graphic Designer
B.A.,Graphic Design,8.71,"Figma, Adobe Illustrator, Adobe Photoshop","Attention to Detail, Creativity",Ambivert,4-8 LPA,Adobe Certified Expert (ACE),I prefer working alone,Visual,No,Yes,Graphic Designer
M.Tech,Computer Science,8.95,"Python, PyTorch, NLP, Computer Vision, TensorFlow","Research, Critical Thinking",Introvert,12+ LPA,Deep Learning Specialization,I prefer working alone,Read/Write,Yes,Yes,Data Scientist
MBA,Business Administration,8.99,"Social Media Management, SEO","Communication, Leadership",Extrovert,12+ LPA,Google Digital Marketing,I prefer working in a team,Auditory,Yes,No,Marketing Manager
MBA,Business Administration,8.0,"Social Media Management, Google Analytics, SEO","Leadership, Creativity",Extrovert,8-12 LPA,Google Digital Marketing,I prefer working in a team,Auditory,Maybe,No,Marketing Manager
M.Tech,AI & ML,9.36,"NLP, Python","Critical Thinking, Research",Introvert,12+ LPA,TensorFlow Developer,I prefer working alone,Read/Write,Yes,Yes,AI Specialist
MBA,Business Administration,7.81,"Google Analytics, Digital Marketing, SEO, Social Media Management","Communication, Leadership",Extrovert,8-12 LPA,Google Digital Marketing,I prefer working in a team,Visual,Yes,No,Marketing Manager
MBA,Finance,7.88,"MS Excel, SQL, Tableau","Attention to Detail, Analytical Skills",Ambivert,8-12 LPA,CFA,I prefer working alone,Visual,Maybe,Yes,Business Analyst
MBA,Business Administration,8.3,"Digital Marketing, SEO, Social Media Management, Google Analytics","Creativity, Communication",Extrovert,12+ LPA,HubSpot Content Marketing,I prefer working in a team,Visual,Maybe,No,Marketing Manager
B.Tech,Graphic Design,7.75,"User Research, Adobe XD","Problem-Solving, Empathy",Ambivert,8-12 LPA,Nielsen Norman Group UX Certification,I like a mix of both,Visual,Yes,No,UI/UX Designer
Diploma,Mechanical Engineering,7.09,"MATLAB, SolidWorks, AutoCAD","Teamwork, Problem-Solving",Ambivert,4-8 LPA,Certified SOLIDWORKS Professional,I prefer working in a team,Kinesthetic,Maybe,Yes,Civil Engineer
B.Com,Finance,7.77,"SQL, Tableau","Analytical Skills, Attention to Detail",Extrovert,4-8 LPA,No Certification,I prefer working alone,Read/Write,No,Yes,Financial Analyst
MBA,Commerce,9.01,"MS Excel, Tableau, Financial Modeling","Analytical Skills, Attention to Detail",Ambivert,4-8 LPA,CFA,I prefer working alone,Visual,Maybe,No,Business Analyst
M.Tech,Data Science,8.72,"R, Python, Scikit-learn, TensorFlow","Problem-Solving, Critical Thinking",Introvert,8-12 LPA,Google Data Analytics,I prefer working alone,Read/Write,Yes,Yes,Data Scientist
B.Tech,Computer Science,9.2,"R, Python, SQL","Critical Thinking, Problem-Solving",Introvert,8-12 LPA,Google Data Analytics,I prefer working alone,Read/Write,Yes,Yes,Data Scientist
MBA,Business Administration,8.26,"SEO, Google Analytics","Creativity, Leadership",Extrovert,12+ LPA,HubSpot Content Marketing,I prefer working in a team,Visual,Yes,No,Marketing Manager
Diploma,Mechanical Engineering,8.95,"AutoCAD, MATLAB, SolidWorks","Problem-Solving, Teamwork",Ambivert,4-8 LPA,Certified SOLIDWORKS Professional,I prefer working in a team,Kinesthetic,Yes,Yes,Civil Engineer
MBA,Marketing,7.96,"Digital Marketing, Social Media Management, SEO, Google Analytics","Leadership, Creativity",Extrovert,8-12 LPA,Google Digital Marketing,I prefer working in a team,Auditory,Maybe,No,Marketing Manager
M.Tech,Computer Science,9.97,"Computer Vision, NLP","Research, Critical Thinking",Introvert,12+ LPA,TensorFlow Developer,I prefer working alone,Read/Write,Yes,Yes,AI Specialist
Diploma,Mechanical Engineering,8.22,"AutoCAD, SolidWorks, MATLAB","Problem-Solving, Teamwork",Ambivert,8-12 LPA,Certified SOLIDWORKS Professional,I prefer working in a team,Kinesthetic,Yes,Yes,Mechanical Engineer
B.Des,Human-Computer Interaction,7.75,"User Research, Figma, Adobe XD, Sketch","Creativity, Problem-Solving",Ambivert,8-12 LPA,No Certification,I like a mix of both,Visual,No,No,UI/UX Designer
B.Tech,Computer Science,9.15,"Git, Python","Teamwork, Problem-Solving",Ambivert,12+ LPA,Coursera - Python for Everybody,I like a mix of both,Visual,Maybe,No,Software Developer
M.Tech,AI & ML,9.61,"NLP, Python","Critical Thinking, Research",Introvert,12+ LPA,Deep Learning Specialization,I prefer working alone,Read/Write,Yes,Yes,AI Specialist
Diploma,Mechanical Engineering,7.68,"MATLAB, AutoCAD, SolidWorks","Teamwork, Problem-Solving",Ambivert,8-12 LPA,Certified SOLIDWORKS Professional,I prefer working in a team,Kinesthetic,Yes,Yes,Mechanical Engineer
B.Tech,Data Science,8.88,"SQL, Scikit-learn, Python, R","Critical Thinking, Problem-Solving",Introvert,12+ LPA,IBM Data Science,I prefer working alone,Visual,Yes,Yes,Data Scientist
B.Tech,Human-Computer Interaction,8.87,"Adobe XD, Sketch, Figma","Creativity, Problem-Solving",Ambivert,8-12 LPA,No Certification,I like a mix of both,Visual,No,No,Graphic Designer
M.Tech,Computer Science,9.52,"Computer Vision, PyTorch, TensorFlow, NLP, Python","Research, Critical Thinking",Introvert,12+ LPA,Deep Learning Specialization,I prefer working alone,Read/Write,Yes,Yes,AI Specialist
B.Tech,Computer Science,8.72,"SQL, JavaScript, Python","Teamwork, Problem-Solving",Ambivert,8-12 LPA,No Certification,I like a mix of both,Visual,Yes,No,Software Developer
B.Tech,Human-Computer Interaction,8.59,"User Research, Adobe XD, Sketch","Creativity, Empathy",Ambivert,8-12 LPA,No Certification,I like a mix of both,Visual,No,No,UI/UX Designer
Diploma,Mechanical Engineering,8.07,"SolidWorks, AutoCAD","Teamwork, Problem-Solving",Ambivert,4-8 LPA,Certified SOLIDWORKS Professional,I prefer working in a team,Kinesthetic,Maybe,Yes,Civil Engineer
M.Tech,AI & ML,9.1,"PyTorch, NLP","Critical Thinking, Research",Introvert,12+ LPA,TensorFlow Developer,I prefer working alone,Read/Write,Yes,Yes,Data Scientist
M.Tech,Computer Science,9.47,"TensorFlow, NLP, Python","Critical Thinking, Research",Introvert,12+ LPA,TensorFlow Developer,I prefer working alone,Read/Write,Yes,Yes,AI Specialist
M.Tech,Computer Science,9.87,"NLP, TensorFlow","Research, Critical Thinking",Introvert,12+ LPA,TensorFlow Developer,I prefer working alone,Read/Write,Yes,Yes,Data Scientist
B.Tech,Mechanical Engineering,8.9,"AutoCAD, MATLAB, SolidWorks","Problem-Solving, Teamwork",Ambivert,8-12 LPA,Certified SOLIDWORKS Professional,I prefer working in a team,Kinesthetic,Maybe,Yes,Mechanical Engineer
MBA,Finance,7.82,"Financial Modeling, SQL","Analytical Skills, Attention to Detail",Ambivert,4-8 LPA,CFA,I prefer working alone,Read/Write,Maybe,No,Financial Analyst
B.Tech,Computer Science,8.02,"Git, Java, Python","Problem-Solving, Teamwork",Ambivert,8-12 LPA,No Certification,I like a mix of both,Kinesthetic,Maybe,No,Data Scientist
B.Tech,Computer Science,8.46,"SQL, Python, Java, JavaScript","Problem-Solving, Teamwork",Introvert,12+ LPA,Coursera - Python for Everybody,I prefer working alone,Visual,Yes,No,Software Developer
M.Tech,Data Science,8.54,"SQL, TensorFlow","Problem-Solving, Critical Thinking",Ambivert,8-12 LPA,IBM Data Science,I prefer working alone,Visual,Yes,No,AI Specialist
B.Des,Graphic Design,8.64,"Sketch, User Research, Figma, Adobe XD","Problem-Solving, Empathy",Ambivert,12+ LPA,Nielsen Norman Group UX Certification,I like a mix of both,Visual,Yes,No,UI/UX Designer
B.Des,Graphic Design,8.51,"User Research, Adobe XD, Sketch","Problem-Solving, Empathy",Ambivert,12+ LPA,Nielsen Norman Group UX Certification,I like a mix of both,Visual,No,No,UI/UX Designer
M.Tech,Data Science,9.81,"R, Scikit-learn","Critical Thinking, Problem-Solving",Introvert,8-12 LPA,Google Data Analytics,I prefer working alone,Read/Write,Yes,Yes,Data Scientist
B.A.,Graphic Design,7.43,"Adobe Photoshop, Adobe Illustrator","Creativity, Attention to Detail",Introvert,Less than 4 LPA,No Certification,I prefer working alone,Visual,No,Yes,Graphic Designer
B.Des,Graphic Design,8.38,"Adobe XD, Figma","Problem-Solving, Creativity",Ambivert,12+ LPA,No Certification,I like a mix of both,Kinesthetic,Yes,No,UI/UX Designer
M.Tech,AI & ML,9.04,"TensorFlow, Computer Vision, NLP","Critical Thinking, Research",Introvert,12+ LPA,TensorFlow Developer,I prefer working alone,Read/Write,Yes,Yes,AI Specialist
B.Des,Human-Computer Interaction,9.05,"Adobe XD, Figma, User Research, Sketch","Problem-Solving, Creativity",Ambivert,8-12 LPA,Nielsen Norman Group UX Certification,I like a mix of both,Kinesthetic,Yes,No,UI/UX Designer
M.Tech,Computer Science,9.23,"TensorFlow, Computer Vision, Python, PyTorch, NLP","Research, Critical Thinking",Introvert,12+ LPA,Deep Learning Specialization,I prefer working alone,Read/Write,Yes,Yes,AI Specialist
B.A.,Graphic Design,7.01,"Adobe Illustrator, Adobe Photoshop, Figma","Creativity, Attention to Detail",Ambivert,Less than 4 LPA,No Certification,I prefer working alone,Visual,No,Yes,Graphic Designer
B.Tech,Computer Science,8.74,"SQL, JavaScript, Java, Git","Problem-Solving, Teamwork",Introvert,8-12 LPA,Coursera - Python for Everybody,I like a mix of both,Visual,Maybe,No,Software Developer
BBA,Business Administration,8.68,"Google Analytics, Social Media Management","Leadership, Creativity",Extrovert,12+ LPA,Google Digital Marketing,I prefer working in a team,Auditory,Maybe,No,Marketing Manager
M.Tech,AI & ML,9.34,"NLP, Computer Vision, PyTorch, TensorFlow","Critical Thinking, Research",Introvert,12+ LPA,TensorFlow Developer,I prefer working alone,Read/Write,Yes,Yes,AI Specialist
Diploma,Mechanical Engineering,8.89,"SolidWorks, AutoCAD, MATLAB","Problem-Solving, Teamwork",Ambivert,8-12 LPA,Certified SOLIDWORKS Professional,I prefer working in a team,Kinesthetic,Yes,Yes,Mechanical Engineer
B.Tech,Computer Science,8.32,"SQL, Java, JavaScript, Python","Problem-Solving, Teamwork",Introvert,8-12 LPA,Coursera - Python for Everybody,I prefer working alone,Visual,Yes,No,Software Developer
Diploma,Mechanical Engineering,7.62,"MATLAB, AutoCAD, SolidWorks","Problem-Solving, Teamwork",Ambivert,8-12 LPA,Certified SOLIDWORKS Professional,I prefer working in a team,Kinesthetic,Maybe,Yes,Mechanical Engineer
M.Tech,Computer Science,8.82,"Scikit-learn, Python, R, SQL","Critical Thinking, Problem-Solving",Introvert,12+ LPA,Google Data Analytics,I prefer working alone,Visual,Yes,Yes,Data Scientist
MBA,Commerce,8.58,"SQL, Financial Modeling, Tableau","Analytical Skills, Attention to Detail",Ambivert,4-8 LPA,No Certification,I prefer working alone,Visual,No,Yes,Business Analyst
B.Tech,Computer Science,9.07,"Python, Java, SQL, JavaScript, Git","Problem-Solving, Teamwork",Ambivert,12+ LPA,Coursera - Python for Everybody,I like a mix of both,Kinesthetic,Maybe,No,Software Developer
B.Com,Commerce,7.81,"SQL, Tableau","Analytical Skills, Attention to Detail",Ambivert,4-8 LPA,CFA,I prefer working alone,Visual,Maybe,No,Financial Analyst
MBA,Finance,8.95,"Financial Modeling, Tableau, MS Excel, SQL","Attention to Detail, Analytical Skills",Extrovert,4-8 LPA,No Certification,I prefer working alone,Read/Write,No,No,Business Analyst
M.Tech,Computer Science,9.44,"R, Python","Problem-Solving, Critical Thinking",Ambivert,12+ LPA,IBM Data Science,I prefer working alone,Read/Write,Yes,No,AI Specialist
B.Tech,Computer Science,8.1,"SQL, JavaScript, Java, Git","Teamwork, Problem-Solving",Ambivert,12+ LPA,Coursera - Python for Everybody,I prefer working alone,Kinesthetic,Yes,No,Software Developer
B.Com,Commerce,8.91,"Financial Modeling, Tableau","Analytical Skills, Attention to Detail",Ambivert,4-8 LPA,CFA,I prefer working alone,Read/Write,No,Yes,Financial Analyst
MBA,Finance,8.14,"MS Excel, Tableau, Financial Modeling, SQL","Attention to Detail, Analytical Skills",Ambivert,4-8 LPA,CFA,I prefer working alone,Visual,No,Yes,Financial Analyst
M.Tech,Data Science,8.9,"Scikit-learn, Python","Critical Thinking, Problem-Solving",Ambivert,8-12 LPA,IBM Data Science,I prefer working alone,Read/Write,Yes,No,Data Scientist
BBA,Business Administration,8.38,"Google Analytics, Social Media Management","Communication, Leadership",Extrovert,12+ LPA,HubSpot Content Marketing,I prefer working in a team,Auditory,Yes,No,Marketing Manager
M.Tech,Computer Science,9.73,"PyTorch, Computer Vision, NLP","Critical Thinking, Research",Introvert,12+ LPA,Deep Learning Specialization,I prefer working alone,Read/Write,Yes,Yes,AI Specialist
MBA,Marketing,8.26,"Google Analytics, Social Media Management, SEO, Digital Marketing","Communication, Leadership",Extrovert,8-12 LPA,HubSpot Content Marketing,I prefer working in a team,Visual,Yes,No,Social Media Manager
B.Des,Graphic Design,7.58,"Adobe Photoshop, Adobe Illustrator","Creativity, Attention to Detail",Introvert,4-8 LPA,No Certification,I like a mix of both,Visual,No,Yes,Graphic Designer
MBA,Business Administration,8.71,"Digital Marketing, Social Media Management, SEO, Google Analytics","Communication, Creativity",Extrovert,8-12 LPA,Google Digital Marketing,I prefer working in a team,Visual,Maybe,No,Marketing Manager
BBA,Marketing,8.65,"SEO, Social Media Management","Creativity, Leadership",Extrovert,8-12 LPA,Google Digital Marketing,I prefer working in a team,Visual,Yes,No,Marketing Manager
B.Des,Fine Arts,8.06,"Figma, Adobe Photoshop","Creativity, Attention to Detail",Introvert,Less than 4 LPA,No Certification,I prefer working alone,Kinesthetic,No,No,Graphic Designer
B.Tech,Computer Science,9.56,"Python, Git, Java, JavaScript, SQL","Teamwork, Problem-Solving",Ambivert,12+ LPA,Coursera - Python for Everybody,I prefer working alone,Kinesthetic,Yes,No,Software Developer
B.Des,Fine Arts,8.81,"Adobe Illustrator, Adobe Photoshop","Creativity, Attention to Detail",Ambivert,Less than 4 LPA,No Certification,I like a mix of both,Visual,No,Yes,UI/UX Designer
B.Tech,Data Science,9.13,"TensorFlow, Python","Problem-Solving, Critical Thinking",Introvert,8-12 LPA,Google Data Analytics,I prefer working alone,Read/Write,Yes,No,Data Scientist
Diploma,Mechanical Engineering,8.41,"MATLAB, SolidWorks, AutoCAD","Teamwork, Problem-Solving",Ambivert,4-8 LPA,Certified SOLIDWORKS Professional,I prefer working in a team,Kinesthetic,Yes,Yes,Mechanical Engineer
B.Com,Finance,7.94,"MS Excel, SQL, Tableau","Attention to Detail, Analytical Skills",Ambivert,4-8 LPA,No Certification,I prefer working alone,Visual,Maybe,Yes,Financial Analyst
MBA,Commerce,7.59,"MS Excel, SQL","Analytical Skills, Attention to Detail",Extrovert,4-8 LPA,No Certification,I prefer working alone,Read/Write,Maybe,Yes,Financial Analyst
B.Tech,Human-Computer Interaction,8.61,"User Research, Figma, Sketch, Adobe XD","Creativity, Empathy",Ambivert,12+ LPA,Nielsen Norman Group UX Certification,I like a mix of both,Visual,Yes,No,UI/UX Designer
B.Des,Graphic Design,8.85,"Adobe XD, User Research, Sketch, Figma","Problem-Solving, Creativity",Ambivert,12+ LPA,Nielsen Norman Group UX Certification,I like a mix of both,Kinesthetic,No,No,UI/UX Designer
B.Tech,Data Science,9.21,"TensorFlow, Scikit-learn","Critical Thinking, Problem-Solving",Ambivert,8-12 LPA,IBM Data Science,I prefer working alone,Visual,Yes,Yes,Data Scientist
B.Tech,Data Science,9.5,"TensorFlow, Python, SQL, R","Critical Thinking, Problem-Solving",Introvert,8-12 LPA,IBM Data Science,I prefer working alone,Read/Write,Yes,No,Data Scientist
B.Tech,Graphic Design,8.83,"Adobe XD, Sketch, User Research, Figma","Empathy, Creativity",Ambivert,8-12 LPA,No Certification,I like a mix of both,Kinesthetic,Yes,No,UI/UX Designer
B.Des,Graphic Design,8.08,"Adobe Illustrator, Figma, Adobe Photoshop","Creativity, Attention to Detail",Ambivert,4-8 LPA,No Certification,I like a mix of both,Visual,No,No,Graphic Designer
M.Tech,Computer Science,9.41,"PyTorch, Computer Vision, Python, TensorFlow, NLP","Research, Critical Thinking",Introvert,12+ LPA,TensorFlow Developer,I prefer working alone,Read/Write,Yes,Yes,AI Specialist
Diploma,Mechanical Engineering,8.52,"MATLAB, SolidWorks","Problem-Solving, Teamwork",Ambivert,4-8 LPA,No Certification,I prefer working in a team,Kinesthetic,Maybe,Yes,Mechanical Engineer
B.Tech,Computer Science,8.61,"JavaScript, SQL, Python, Java, Git","Problem-Solving, Teamwork",Introvert,12+ LPA,No Certification,I like a mix of both,Visual,Maybe,No,Software Developer
MBA,Finance,8.95,"Financial Modeling, Tableau, SQL","Attention to Detail, Analytical Skills",Extrovert,4-8 LPA,CFA,I prefer working alone,Visual,Maybe,No,Business Analyst
MBA,Commerce,8.49,"SQL, MS Excel, Tableau","Attention to Detail, Analytical Skills",Ambivert,8-12 LPA,No Certification,I prefer working alone,Visual,Maybe,No,Financial Analyst
B.Tech,Mechanical Engineering,8.99,"MATLAB, AutoCAD, SolidWorks","Problem-Solving, Teamwork",Ambivert,8-12 LPA,Certified SOLIDWORKS Professional,I prefer working in a team,Kinesthetic,Maybe,Yes,Mechanical Engineer
MBA,Marketing,7.48,"Google Analytics, SEO, Digital Marketing, Social Media Management","Communication, Creativity",Extrovert,8-12 LPA,Google Digital Marketing,I prefer working in a team,Visual,Yes,No,Marketing Manager
B.Tech,Computer Science,9.08,"JavaScript, Java, SQL, Git","Problem-Solving, Teamwork",Ambivert,12+ LPA,Coursera - Python for Everybody,I like a mix of both,Visual,Yes,No,Software Developer
B.Tech,Computer Science,9.11,"JavaScript, Git","Teamwork, Problem-Solving",Ambivert,8-12 LPA,No Certification,I prefer working alone,Visual,Yes,No,Software Developer
BBA,Marketing,8.48,"Google Analytics, Digital Marketing, SEO, Social Media Management","Communication, Leadership",Extrovert,8-12 LPA,Google Digital Marketing,I prefer working in a team,Auditory,Maybe,No,Marketing Manager
MBA,Finance,8.58,"SQL, Financial Modeling, MS Excel, Tableau","Analytical Skills, Attention to Detail",Extrovert,8-12 LPA,CFA,I prefer working alone,Visual,No,Yes,Financial Analyst
BBA,Business Administration,7.62,"Social Media Management, Google Analytics","Communication, Leadership",Extrovert,12+ LPA,Google Digital Marketing,I prefer working in a team,Visual,Maybe,No,Marketing Manager
M.Tech,Computer Science,8.84,"Computer Vision, TensorFlow, NLP, Python","Critical Thinking, Research",Introvert,12+ LPA,Deep Learning Specialization,I prefer working alone,Read/Write,Yes,Yes,AI Specialist
B.A.,Fine Arts,8.76,"Adobe Illustrator, Figma, Adobe Photoshop","Creativity, Attention to Detail",Ambivert,Less than 4 LPA,No Certification,I prefer working alone,Kinesthetic,No,No,Graphic Designer
Diploma,Mechanical Engineering,7.14,"SolidWorks, MATLAB, AutoCAD","Problem-Solving, Teamwork",Ambivert,8-12 LPA,No Certification,I prefer working in a team,Kinesthetic,Maybe,Yes,Mechanical Engineer
MBA,Business Administration,7.07,"SEO, Digital Marketing, Social Media Management","Communication, Creativity",Extrovert,12+ LPA,Google Digital Marketing,I prefer working in a team,Auditory,Yes,No,Marketing Manager
B.Tech,Computer Science,9.3,"SQL, Python, Git","Teamwork, Problem-Solving",Introvert,8-12 LPA,Coursera - Python for Everybody,I like a mix of both,Kinesthetic,Yes,No,Software Developer
M.Tech,Data Science,9.04,"SQL, Python, R","Problem-Solving, Critical Thinking",Introvert,8-12 LPA,IBM Data Science,I prefer working alone,Read/Write,Yes,No,Data Scientist
M.Tech,AI & ML,9.07,"NLP, Python, PyTorch, TensorFlow, Computer Vision","Research, Critical Thinking",Introvert,12+ LPA,Deep Learning Specialization,I prefer working alone,Read/Write,Yes,Yes,AI Specialist
M.Tech,Computer Science,8.98,"TensorFlow, Python, SQL","Critical Thinking, Problem-Solving",Introvert,8-12 LPA,Google Data Analytics,I prefer working alone,Visual,Yes,No,Data Scientist
B.Tech,Computer Science,9.73,"Java, JavaScript, Git, SQL, Python","Teamwork, Problem-Solving",Ambivert,12+ LPA,No Certification,I prefer working alone,Visual,Maybe,No,Software Developer
B.Tech,Computer Science,8.32,"Java, JavaScript","Teamwork, Problem-Solving",Introvert,8-12 LPA,Coursera - Python for Everybody,I like a mix of both,Visual,Yes,No,Software Developer
B.Tech,Computer Science,9.68,"JavaScript, Git","Problem-Solving, Teamwork",Introvert,8-12 LPA,Coursera - Python for Everybody,I like a mix of both,Kinesthetic,Yes,No,Software Developer
BBA,Business Administration,7.0,"Google Analytics, Social Media Management, Digital Marketing, SEO","Creativity, Communication",Extrovert,12+ LPA,Google Digital Marketing,I prefer working in a team,Visual,Maybe,No,Marketing Manager
B.Tech,Human-Computer Interaction,9.23,"Adobe XD, Figma, Sketch, User Research","Empathy, Problem-Solving",Ambivert,12+ LPA,No Certification,I like a mix of both,Visual,No,No,Graphic Designer
B.Tech,Computer Science,9.15,"Git, JavaScript, Python","Teamwork, Problem-Solving",Ambivert,12+ LPA,No Certification,I like a mix of both,Kinesthetic,Yes,No,Software Developer
B.A.,Fine Arts,6.74,"Figma, Adobe Illustrator","Attention to Detail, Creativity",Introvert,4-8 LPA,No Certification,I like a mix of both,Kinesthetic,No,Yes,Graphic Designer
B.Des,Graphic Design,8.44,"Figma, Sketch, User Research, Adobe XD","Empathy, Problem-Solving",Ambivert,8-12 LPA,Nielsen Norman Group UX Certification,I like a mix of both,Kinesthetic,No,No,UI/UX Designer
M.Tech,Computer Science,8.81,"TensorFlow, SQL, Scikit-learn, R","Problem-Solving, Critical Thinking",Ambivert,12+ LPA,IBM Data Science,I prefer working alone,Read/Write,Yes,No,Data Scientist
M.Tech,AI & ML,9.1,"Computer Vision, TensorFlow, Python, PyTorch, NLP","Critical Thinking, Research",Introvert,12+ LPA,TensorFlow Developer,I prefer working alone,Read/Write,Yes,Yes,AI Specialist
BBA,Business Administration,7.81,"Google Analytics, Social Media Management, SEO, Digital Marketing","Communication, Creativity",Extrovert,8-12 LPA,HubSpot Content Marketing,I prefer working in a team,Auditory,Yes,No,Marketing Manager
B.Tech,Computer Science,9.77,"JavaScript, SQL, Java, Git, Python","Teamwork, Problem-Solving",Ambivert,12+ LPA,No Certification,I like a mix of both,Kinesthetic,Maybe,No,Software Developer
Diploma,Mechanical Engineering,8.24,"SolidWorks, AutoCAD, MATLAB","Teamwork, Problem-Solving",Ambivert,8-12 LPA,No Certification,I prefer working in a team,Kinesthetic,Yes,Yes,Mechanical Engineer
M.Tech,Data Science,8.65,"R, Scikit-learn, TensorFlow, SQL, Python","Critical Thinking, Problem-Solving",Introvert,8-12 LPA,IBM Data Science,I prefer working alone,Visual,Yes,Yes,Data Scientist
Diploma,Mechanical Engineering,7.74,"AutoCAD, SolidWorks, MATLAB","Problem-Solving, Teamwork",Ambivert,8-12 LPA,Certified SOLIDWORKS Professional,I prefer working in a team,Kinesthetic,Maybe,Yes,Civil Engineer
MBA,Commerce,8.82,"Tableau, SQL","Attention to Detail, Analytical Skills",Ambivert,8-12 LPA,CFA,I prefer working alone,Read/Write,Maybe,Yes,Financial Analyst
M.Tech,AI & ML,9.2,"Computer Vision, PyTorch, TensorFlow, NLP, Python","Research, Critical Thinking",Introvert,12+ LPA,TensorFlow Developer,I prefer working alone,Read/Write,Yes,Yes,AI Specialist
M.Tech,AI & ML,8.94,"TensorFlow, Python, Computer Vision, PyTorch, NLP","Research, Critical Thinking",Introvert,12+ LPA,TensorFlow Developer,I prefer working alone,Read/Write,Yes,Yes,Data Scientist
M.Tech,AI & ML,9.63,"PyTorch, Computer Vision, TensorFlow","Research, Critical Thinking",Introvert,12+ LPA,Deep Learning Specialization,I prefer working alone,Read/Write,Yes,Yes,AI Specialist
B.Com,Commerce,8.64,"Financial Modeling, SQL, Tableau","Analytical Skills, Attention to Detail",Ambivert,8-12 LPA,CFA,I prefer working alone,Read/Write,Maybe,Yes,Financial Analyst
B.Tech,Computer Science,9.26,"Python, Git, SQL, JavaScript, Java","Problem-Solving, Teamwork",Ambivert,8-12 LPA,Coursera - Python for Everybody,I prefer working alone,Kinesthetic,Yes,No,Software Developer
M.Tech,Computer Science,8.91,"Python, Computer Vision, NLP, PyTorch, TensorFlow","Critical Thinking, Research",Introvert,12+ LPA,TensorFlow Developer,I prefer working alone,Read/Write,Yes,Yes,Data Scientist
B.Tech,Mechanical Engineering,8.19,"AutoCAD, MATLAB, SolidWorks","Teamwork, Problem-Solving",Ambivert,8-12 LPA,Certified SOLIDWORKS Professional,I prefer working in a team,Kinesthetic,Yes,Yes,Mechanical Engineer
M.Tech,Computer Science,9.65,"Python, PyTorch, TensorFlow, Computer Vision","Critical Thinking, Research",Introvert,12+ LPA,TensorFlow Developer,I prefer working alone,Read/Write,Yes,Yes,AI Specialist
B.Com,Commerce,8.38,"MS Excel, Tableau","Analytical Skills, Attention to Detail",Ambivert,4-8 LPA,No Certification,I prefer working alone,Read/Write,No,Yes,Financial Analyst
B.A.,Graphic Design,7.09,"Adobe Illustrator, Figma","Attention to Detail, Creativity",Ambivert,4-8 LPA,Adobe Certified Expert (ACE),I like a mix of both,Visual,No,Yes,Graphic Designer
B.Tech,Computer Science,8.8,"Git, Python, JavaScript, Java","Problem-Solving, Teamwork",Ambivert,8-12 LPA,No Certification,I like a mix of both,Visual,Yes,No,Software Developer
MBA,Marketing,7.42,"Google Analytics, Digital Marketing, Social Media Management","Communication, Leadership",Extrovert,12+ LPA,Google Digital Marketing,I prefer working in a team,Visual,Yes,No,Social Media Manager
B.Des,Graphic Design,8.6,"Adobe Illustrator, Figma","Attention to Detail, Creativity",Introvert,4-8 LPA,No Certification,I prefer working alone,Kinesthetic,No,No,Graphic Designer
B.Tech,Mechanical Engineering,8.11,"MATLAB, SolidWorks","Teamwork, Problem-Solving",Ambivert,8-12 LPA,Certified SOLIDWORKS Professional,I prefer working in a team,Kinesthetic,Maybe,Yes,Mechanical Engineer
B.Tech,Computer Science,9.33,"Python, Git, JavaScript, Java","Problem-Solving, Teamwork",Ambivert,8-12 LPA,Coursera - Python for Everybody,I like a mix of both,Kinesthetic,Yes,No,Software Developer
MBA,Finance,7.81,"Tableau, MS Excel, Financial Modeling","Attention to Detail, Analytical Skills",Extrovert,8-12 LPA,No Certification,I prefer working alone,Visual,No,No,Financial Analyst
M.Tech,Computer Science,8.87,"NLP, PyTorch, Computer Vision","Research, Critical Thinking",Introvert,12+ LPA,TensorFlow Developer,I prefer working alone,Read/Write,Yes,Yes,AI Specialist
B.Tech,Graphic Design,9.16,"User Research, Adobe XD","Empathy, Problem-Solving",Ambivert,8-12 LPA,No Certification,I like a mix of both,Kinesthetic,No,No,Graphic Designer
M.Tech,Computer Science,9.58,"Python, Computer Vision, NLP, PyTorch","Research, Critical Thinking",Introvert,12+ LPA,Deep Learning Specialization,I prefer working alone,Read/Write,Yes,Yes,AI Specialist
BBA,Business Administration,7.48,"Digital Marketing, Social Media Management, Google Analytics, SEO","Creativity, Leadership",Extrovert,8-12 LPA,HubSpot Content Marketing,I prefer working in a team,Auditory,Maybe,No,Marketing Manager
Diploma,Mechanical Engineering,8.0,"AutoCAD, MATLAB, SolidWorks","Problem-Solving, Teamwork",Ambivert,8-12 LPA,No Certification,I prefer working in a team,Kinesthetic,Maybe,Yes,Mechanical Engineer
B.Tech,Computer Science,8.77,"Java, SQL, Python, Git","Problem-Solving, Teamwork",Introvert,8-12 LPA,No Certification,I like a mix of both,Visual,Yes,No,Software Developer
B.Tech,Mechanical Engineering,8.61,"MATLAB, SolidWorks","Problem-Solving, Teamwork",Ambivert,4-8 LPA,Certified SOLIDWORKS Professional,I prefer working in a team,Kinesthetic,Yes,Yes,Mechanical Engineer
B.Tech,Computer Science,8.65,"Git, Java, Python","Problem-Solving, Teamwork",Introvert,12+ LPA,No Certification,I prefer working alone,Visual,Yes,No,Software Developer
B.Tech,Computer Science,8.55,"Scikit-learn, R, SQL, Python, TensorFlow","Critical Thinking, Problem-Solving",Introvert,8-12 LPA,Google Data Analytics,I prefer working alone,Read/Write,Yes,No,Data Scientist
M.Tech,AI & ML,9.73,"Python, NLP, PyTorch, Computer Vision","Research, Critical Thinking",Introvert,12+ LPA,Deep Learning Specialization,I prefer working alone,Read/Write,Yes,Yes,AI Specialist
B.Tech,Mechanical Engineering,8.72,"SolidWorks, MATLAB","Teamwork, Problem-Solving",Ambivert,8-12 LPA,Certified SOLIDWORKS Professional,I prefer working in a team,Kinesthetic,Yes,Yes,Mechanical Engineer
M.Tech,Computer Science,9.26,"TensorFlow, PyTorch, Computer Vision","Research, Critical Thinking",Introvert,12+ LPA,Deep Learning Specialization,I prefer working alone,Read/Write,Yes,Yes,AI Specialist
Diploma,Mechanical Engineering,8.4,"MATLAB, SolidWorks, AutoCAD","Teamwork, Problem-Solving",Ambivert,8-12 LPA,Certified SOLIDWORKS Professional,I prefer working in a team,Kinesthetic,Yes,Yes,Mechanical Engineer
MBA,Marketing,7.61,"Digital Marketing, SEO","Communication, Creativity",Extrovert,12+ LPA,Google Digital Marketing,I prefer working in a team,Auditory,Maybe,No,Marketing Manager
B.Com,Commerce,8.63,"Financial Modeling, SQL, Tableau","Analytical Skills, Attention to Detail",Extrovert,4-8 LPA,CFA,I prefer working alone,Read/Write,Maybe,Yes,Financial Analyst
B.Tech,Computer Science,9.62,"TensorFlow, R, SQL, Python","Critical Thinking, Problem-Solving",Introvert,8-12 LPA,IBM Data Science,I prefer working alone,Read/Write,Yes,Yes,Data Scientist
B.A.,Fine Arts,7.17,"Adobe Illustrator, Figma, Adobe Photoshop","Creativity, Attention to Detail",Introvert,Less than 4 LPA,No Certification,I prefer working alone,Visual,No,No,Graphic Designer
M.Tech,Computer Science,9.03,"Python, Scikit-learn, TensorFlow, SQL, R","Problem-Solving, Critical Thinking",Introvert,8-12 LPA,Google Data Analytics,I prefer working alone,Visual,Yes,No,Data Scientist
B.Tech,Mechanical Engineering,8.37,"SolidWorks, MATLAB, AutoCAD","Teamwork, Problem-Solving",Ambivert,8-12 LPA,No Certification,I prefer working in a team,Kinesthetic,Maybe,Yes,Mechanical Engineer
B.Des,Graphic Design,6.91,"Figma, Adobe Illustrator, Adobe Photoshop","Attention to Detail, Creativity",Introvert,4-8 LPA,Adobe Certified Expert (ACE),I prefer working alone,Visual,No,No,Graphic Designer
M.Tech,Data Science,9.49,"R, SQL","Critical Thinking, Problem-Solving",Ambivert,12+ LPA,IBM Data Science,I prefer working alone,Visual,Yes,Yes,AI Specialist
M.Tech,Data Science,8.63,"Scikit-learn, SQL","Critical Thinking, Problem-Solving",Introvert,8-12 LPA,IBM Data Science,I prefer working alone,Visual,Yes,Yes,Data Scientist
M.Tech,AI & ML,9.29,"Computer Vision, TensorFlow, PyTorch, Python","Research, Critical Thinking",Introvert,12+ LPA,Deep Learning Specialization,I prefer working alone,Read/Write,Yes,Yes,AI Specialist
M.Tech,Computer Science,9.7,"NLP, PyTorch","Research, Critical Thinking",Introvert,12+ LPA,TensorFlow Developer,I prefer working alone,Read/Write,Yes,Yes,Data Scientist
B.Com,Commerce,8.06,"Financial Modeling, MS Excel","Attention to Detail, Analytical Skills",Extrovert,8-12 LPA,CFA,I prefer working alone,Read/Write,No,Yes,Financial Analyst
B.Des,Human-Computer Interaction,9.03,"Adobe XD, User Research, Sketch","Empathy, Problem-Solving",Ambivert,8-12 LPA,No Certification,I like a mix of both,Visual,No,No,UI/UX Designer
B.Tech,Computer Science,9.32,"Python, SQL, Java","Problem-Solving, Teamwork",Ambivert,8-12 LPA,No Certification,I like a mix of both,Visual,Yes,No,Software Developer
B.Tech,Computer Science,8.91,"Python, TensorFlow, R, SQL","Critical Thinking, Problem-Solving",Ambivert,8-12 LPA,Google Data Analytics,I prefer working alone,Read/Write,Yes,No,Data Scientist
MBA,Commerce,8.07,"SQL, Tableau, MS Excel","Analytical Skills, Attention to Detail",Extrovert,4-8 LPA,No Certification,I prefer working alone,Read/Write,No,Yes,Business Analyst
BBA,Business Administration,7.8,"Digital Marketing, SEO, Social Media Management","Creativity, Leadership",Extrovert,12+ LPA,HubSpot Content Marketing,I prefer working in a team,Visual,Maybe,No,Marketing Manager
B.Tech,Computer Science,8.29,"JavaScript, SQL","Teamwork, Problem-Solving",Introvert,8-12 LPA,No Certification,I like a mix of both,Kinesthetic,Maybe,No,Data Scientist
B.Tech,Data Science,8.63,"TensorFlow, Scikit-learn","Critical Thinking, Problem-Solving",Introvert,12+ LPA,Google Data Analytics,I prefer working alone,Read/Write,Yes,Yes,Data Scientist
B.Tech,Computer Science,9.17,"Python, SQL","Problem-Solving, Teamwork",Ambivert,8-12 LPA,No Certification,I like a mix of both,Visual,Yes,No,Software Developer
Diploma,Mechanical Engineering,7.17,"SolidWorks, MATLAB","Teamwork, Problem-Solving",Ambivert,4-8 LPA,No Certification,I prefer working in a team,Kinesthetic,Maybe,Yes,Mechanical Engineer
B.Tech,Graphic Design,7.66,"User Research, Adobe XD, Sketch, Figma","Empathy, Creativity",Ambivert,12+ LPA,No Certification,I like a mix of both,Visual,No,No,UI/UX Designer
B.A.,Graphic Design,6.56,"Adobe Illustrator, Adobe Photoshop, Figma","Creativity, Attention to Detail",Ambivert,Less than 4 LPA,Adobe Certified Expert (ACE),I like a mix of both,Visual,No,No,Graphic Designer
B.Tech,Mechanical Engineering,8.88,"MATLAB, SolidWorks","Problem-Solving, Teamwork",Ambivert,8-12 LPA,No Certification,I prefer working in a team,Kinesthetic,Yes,Yes,Civil Engineer
M.Tech,Computer Science,8.84,"Python, NLP, TensorFlow, Computer Vision","Critical Thinking, Research",Introvert,12+ LPA,TensorFlow Developer,I prefer working alone,Read/Write,Yes,Yes,AI Specialist
B.Tech,Human-Computer Interaction,7.76,"User Research, Adobe XD, Figma","Creativity, Problem-Solving",Ambivert,8-12 LPA,Nielsen Norman Group UX Certification,I like a mix of both,Visual,Yes,No,UI/UX Designer
M.Tech,AI & ML,9.24,"TensorFlow, NLP","Critical Thinking, Research",Introvert,12+ LPA,TensorFlow Developer,I prefer working alone,Read/Write,Yes,Yes,AI Specialist
B.Des,Graphic Design,8.8,"Adobe Illustrator, Adobe Photoshop","Creativity, Attention to Detail",Introvert,Less than 4 LPA,No Certification,I like a mix of both,Kinesthetic,No,Yes,UI/UX Designer
B.A.,Fine Arts,8.87,"Figma, Adobe Photoshop","Creativity, Attention to Detail",Ambivert,Less than 4 LPA,No Certification,I like a mix of both,Visual,No,No,Graphic Designer
B.Des,Human-Computer Interaction,7.67,"Sketch, Adobe XD","Empathy, Problem-Solving",Ambivert,8-12 LPA,No Certification,I like a mix of both,Kinesthetic,No,No,Graphic Designer
MBA,Marketing,7.46,"Google Analytics, SEO, Social Media Management","Creativity, Leadership",Extrovert,12+ LPA,HubSpot Content Marketing,I prefer working in a team,Visual,Yes,No,Social Media Manager
MBA,Business Administration,8.61,"Digital Marketing, Google Analytics","Communication, Leadership",Extrovert,8-12 LPA,HubSpot Content Marketing,I prefer working in a team,Visual,Maybe,No,Marketing Manager
B.Tech,Computer Science,8.32,"Python, SQL, Java","Problem-Solving, Teamwork",Introvert,12+ LPA,No Certification,I prefer working alone,Kinesthetic,Yes,No,Software Developer
MBA,Commerce,8.51,"Financial Modeling, Tableau, MS Excel","Analytical Skills, Attention to Detail",Extrovert,4-8 LPA,CFA,I prefer working alone,Read/Write,Maybe,No,Financial Analyst
B.Tech,Human-Computer Interaction,7.56,"Adobe XD, Figma","Problem-Solving, Creativity",Ambivert,8-12 LPA,Nielsen Norman Group UX Certification,I like a mix of both,Visual,Yes,No,UI/UX Designer
M.Tech,Data Science,8.53,"TensorFlow, Python, Scikit-learn, SQL, R","Problem-Solving, Critical Thinking",Introvert,8-12 LPA,Google Data Analytics,I prefer working alone,Read/Write,Yes,Yes,Data Scientist
B.Tech,Computer Science,9.73,"JavaScript, Python, SQL, Java","Problem-Solving, Teamwork",Ambivert,12+ LPA,No Certification,I prefer working alone,Visual,Maybe,No,Software Developer
B.Tech,Mechanical Engineering,8.4,"MATLAB, AutoCAD, SolidWorks","Problem-Solving, Teamwork",Ambivert,4-8 LPA,No Certification,I prefer working in a team,Kinesthetic,Yes,Yes,Mechanical Engineer
MBA,Marketing,8.31,"SEO, Google Analytics","Creativity, Communication",Extrovert,12+ LPA,HubSpot Content Marketing,I prefer working in a team,Visual,Maybe,No,Social Media Manager
M.Tech,AI & ML,9.6,"Python, TensorFlow","Research, Critical Thinking",Introvert,12+ LPA,TensorFlow Developer,I prefer working alone,Read/Write,Yes,Yes,AI Specialist
BBA,Marketing,8.2,"SEO, Google Analytics, Digital Marketing","Creativity, Communication",Extrovert,8-12 LPA,Google Digital Marketing,I prefer working in a team,Visual,Yes,No,Marketing Manager
MBA,Finance,7.75,"Tableau, Financial Modeling, SQL","Attention to Detail, Analytical Skills",Ambivert,4-8 LPA,CFA,I prefer working alone,Read/Write,Maybe,Yes,Financial Analyst
B.Tech,Computer Science,9.65,"SQL, JavaScript, Python","Teamwork, Problem-Solving",Ambivert,12+ LPA,Coursera - Python for Everybody,I prefer working alone,Kinesthetic,Maybe,No,Software Developer
M.Tech,AI & ML,9.33,"TensorFlow, PyTorch","Research, Critical Thinking",Introvert,12+ LPA,Deep Learning Specialization,I prefer working alone,Read/Write,Yes,Yes,AI Specialist
B.A.,Fine Arts,7.05,"Adobe Illustrator, Figma","Creativity, Attention to Detail",Introvert,4-8 LPA,Adobe Certified Expert (ACE),I prefer working alone,Kinesthetic,No,Yes,Graphic Designer
B.Tech,Mechanical Engineering,7.98,"MATLAB, AutoCAD, SolidWorks","Teamwork, Problem-Solving",Ambivert,8-12 LPA,No Certification,I prefer working in a team,Kinesthetic,Maybe,Yes,Mechanical Engineer
B.Tech,Computer Science,9.03,"Java, Python, Git, SQL","Problem-Solving, Teamwork",Ambivert,12+ LPA,No Certification,I prefer working alone,Visual,Yes,No,Software Developer
M.Tech,Data Science,8.9,"Scikit-learn, SQL, TensorFlow, Python, R","Critical Thinking, Problem-Solving",Introvert,12+ LPA,IBM Data Science,I prefer working alone,Read/Write,Yes,No,Data Scientist
M.Tech,Computer Science,9.03,"Computer Vision, Python","Research, Critical Thinking",Introvert,12+ LPA,TensorFlow Developer,I prefer working alone,Read/Write,Yes,Yes,AI Specialist
B.Des,Graphic Design,6.97,"Adobe Illustrator, Adobe Photoshop, Figma","Attention to Detail, Creativity",Introvert,Less than 4 LPA,No Certification,I like a mix of both,Kinesthetic,No,Yes,Graphic Designer
Diploma,Mechanical Engineering,8.7,"SolidWorks, AutoCAD","Problem-Solving, Teamwork",Ambivert,4-8 LPA,Certified SOLIDWORKS Professional,I prefer working in a team,Kinesthetic,Maybe,Yes,Mechanical Engineer
B.Tech,Computer Science,9.59,"Git, Python, JavaScript","Teamwork, Problem-Solving",Ambivert,8-12 LPA,No Certification,I prefer working alone,Kinesthetic,Yes,No,Data Scientist
B.Com,Commerce,7.75,"SQL, Financial Modeling","Analytical Skills, Attention to Detail",Extrovert,8-12 LPA,No Certification,I prefer working alone,Visual,No,Yes,Financial Analyst
B.Des,Fine Arts,6.78,"Adobe Photoshop, Adobe Illustrator","Creativity, Attention to Detail",Introvert,Less than 4 LPA,No Certification,I like a mix of both,Visual,No,No,Graphic Designer
B.A.,Graphic Design,7.13,"Adobe Illustrator, Figma","Attention to Detail, Creativity",Ambivert,Less than 4 LPA,Adobe Certified Expert (ACE),I like a mix of both,Kinesthetic,No,No,Graphic Designer
MBA,Business Administration,8.34,"Social Media Management, Google Analytics, Digital Marketing, SEO","Communication, Leadership",Extrovert,12+ LPA,HubSpot Content Marketing,I prefer working in a team,Auditory,Maybe,No,Marketing Manager
M.Tech,Computer Science,9.56,"TensorFlow, PyTorch, Python","Research, Critical Thinking",Introvert,12+ LPA,TensorFlow Developer,I prefer working alone,Read/Write,Yes,Yes,AI Specialist
B.Tech,Graphic Design,7.7,"Figma, Sketch","Creativity, Problem-Solving",Ambivert,8-12 LPA,No Certification,I like a mix of both,Kinesthetic,Yes,No,UI/UX Designer
B.Com,Finance,8.33,"Financial Modeling, SQL","Attention to Detail, Analytical Skills",Extrovert,8-12 LPA,No Certification,I prefer working alone,Read/Write,No,No,Financial Analyst
Diploma,Mechanical Engineering,8.22,"AutoCAD, SolidWorks","Problem-Solving, Teamwork",Ambivert,4-8 LPA,Certified SOLIDWORKS Professional,I prefer working in a team,Kinesthetic,Yes,Yes,Mechanical Engineer
B.Tech,Computer Science,8.83,"SQL, Python, Git","Problem-Solving, Teamwork",Introvert,12+ LPA,No Certification,I prefer working alone,Visual,Yes,No,Software Developer
B.Com,Finance,8.81,"MS Excel, Financial Modeling, Tableau","Attention to Detail, Analytical Skills",Ambivert,4-8 LPA,CFA,I prefer working alone,Visual,No,No,Financial Analyst
B.Tech,Mechanical Engineering,8.79,"AutoCAD, SolidWorks, MATLAB","Teamwork, Problem-Solving",Ambivert,4-8 LPA,Certified SOLIDWORKS Professional,I prefer working in a team,Kinesthetic,Yes,Yes,Mechanical Engineer
B.Des,Fine Arts,7.09,"Figma, Adobe Illustrator","Attention to Detail, Creativity",Introvert,Less than 4 LPA,Adobe Certified Expert (ACE),I prefer working alone,Visual,No,Yes,Graphic Designer
B.Tech,Graphic Design,8.1,"User Research, Adobe XD","Empathy, Problem-Solving",Ambivert,12+ LPA,Nielsen Norman Group UX Certification,I like a mix of both,Kinesthetic,No,No,UI/UX Designer
B.Tech,Computer Science,8.77,"Scikit-learn, TensorFlow, SQL","Critical Thinking, Problem-Solving",Introvert,12+ LPA,Google Data Analytics,I prefer working alone,Visual,Yes,No,Data Scientist
B.Tech,Mechanical Engineering,8.78,"AutoCAD, SolidWorks, MATLAB","Teamwork, Problem-Solving",Ambivert,8-12 LPA,No Certification,I prefer working in a team,Kinesthetic,Yes,Yes,Civil Engineer
Diploma,Mechanical Engineering,7.31,"AutoCAD, SolidWorks, MATLAB","Teamwork, Problem-Solving",Ambivert,8-12 LPA,Certified SOLIDWORKS Professional,I prefer working in a team,Kinesthetic,Yes,Yes,Civil Engineer
B.Des,Graphic Design,8.83,"Figma, Adobe Photoshop, Adobe Illustrator","Creativity, Attention to Detail",Introvert,4-8 LPA,No Certification,I like a mix of both,Kinesthetic,No,Yes,UI/UX Designer
B.Des,Fine Arts,8.06,"Adobe Illustrator, Adobe Photoshop, Figma","Creativity, Attention to Detail",Ambivert,4-8 LPA,Adobe Certified Expert (ACE),I like a mix of both,Kinesthetic,No,Yes,Graphic Designer
M.Tech,Computer Science,9.51,"R, TensorFlow","Problem-Solving, Critical Thinking",Introvert,8-12 LPA,IBM Data Science,I prefer working alone,Read/Write,Yes,No,Data Scientist
B.Tech,Computer Science,9.18,"JavaScript, Java, Python, Git","Teamwork, Problem-Solving",Introvert,12+ LPA,No Certification,I like a mix of both,Visual,Yes,No,Software Developer
B.Tech,Computer Science,8.59,"SQL, Java, Python, JavaScript, Git","Problem-Solving, Teamwork",Ambivert,12+ LPA,No Certification,I prefer working alone,Kinesthetic,Yes,No,Software Developer
MBA,Commerce,7.57,"Financial Modeling, MS Excel","Analytical Skills, Attention to Detail",Ambivert,4-8 LPA,No Certification,I prefer working alone,Read/Write,No,Yes,Financial Analyst
M.Tech,Computer Science,9.83,"TensorFlow, R, Python, Scikit-learn","Problem-Solving, Critical Thinking",Ambivert,8-12 LPA,Google Data Analytics,I prefer working alone,Visual,Yes,No,AI Specialist
B.Com,Commerce,8.45,"SQL, Tableau","Attention to Detail, Analytical Skills",Extrovert,8-12 LPA,No Certification,I prefer working alone,Read/Write,No,Yes,Financial Analyst
B.Tech,Computer Science,9.55,"TensorFlow, Scikit-learn","Problem-Solving, Critical Thinking",Ambivert,8-12 LPA,Google Data Analytics,I prefer working alone,Read/Write,Yes,Yes,Data Scientist
M.Tech,Computer Science,8.88,"SQL, Scikit-learn, Python","Problem-Solving, Critical Thinking",Introvert,8-12 LPA,IBM Data Science,I prefer working alone,Visual,Yes,No,Data Scientist
B.A.,Fine Arts,7.12,"Adobe Photoshop, Figma, Adobe Illustrator","Creativity, Attention to Detail",Ambivert,Less than 4 LPA,Adobe Certified Expert (ACE),I prefer working alone,Visual,No,Yes,Graphic Designer
M.Tech,Computer Science,9.73,"Scikit-learn, R","Problem-Solving, Critical Thinking",Introvert,12+ LPA,Google Data Analytics,I prefer working alone,Read/Write,Yes,Yes,Data Scientist
M.Tech,Computer Science,9.62,"TensorFlow, Python, SQL, Scikit-learn, R","Problem-Solving, Critical Thinking",Ambivert,8-12 LPA,IBM Data Science,I prefer working alone,Read/Write,Yes,Yes,Data Scientist
B.Com,Finance,8.66,"SQL, MS Excel, Financial Modeling, Tableau","Analytical Skills, Attention to Detail",Ambivert,4-8 LPA,No Certification,I prefer working alone,Read/Write,No,No,Financial Analyst
MBA,Commerce,8.31,"SQL, MS Excel","Attention to Detail, Analytical Skills",Ambivert,8-12 LPA,CFA,I prefer working alone,Read/Write,Maybe,Yes,Financial Analyst
M.Tech,Computer Science,9.38,"SQL, R, TensorFlow","Problem-Solving, Critical Thinking",Ambivert,8-12 LPA,Google Data Analytics,I prefer working alone,Read/Write,Yes,No,Data Scientist
B.Des,Graphic Design,7.72,"Adobe Illustrator, Figma, Adobe Photoshop","Creativity, Attention to Detail",Ambivert,4-8 LPA,Adobe Certified Expert (ACE),I like a mix of both,Kinesthetic,No,Yes,Graphic Designer
B.Des,Graphic Design,8.16,"Figma, Adobe Illustrator","Creativity, Attention to Detail",Ambivert,4-8 LPA,No Certification,I like a mix of both,Visual,No,No,Graphic Designer
B.Tech,Human-Computer Interaction,8.71,"User Research, Figma, Adobe XD","Problem-Solving, Creativity",Ambivert,8-12 LPA,No Certification,I like a mix of both,Kinesthetic,No,No,UI/UX Designer
B.A.,Graphic Design,6.7,"Adobe Photoshop, Adobe Illustrator","Attention to Detail, Creativity",Introvert,Less than 4 LPA,No Certification,I like a mix of both,Visual,No,Yes,Graphic Designer
B.Tech,Mechanical Engineering,8.95,"SolidWorks, AutoCAD","Teamwork, Problem-Solving",Ambivert,8-12 LPA,No Certification,I prefer working in a team,Kinesthetic,Yes,Yes,Mechanical Engineer
MBA,Marketing,7.61,"Social Media Management, SEO, Digital Marketing, Google Analytics","Leadership, Communication",Extrovert,12+ LPA,Google Digital Marketing,I prefer working in a team,Visual,Maybe,No,Marketing Manager
B.Des,Human-Computer Interaction,7.86,"Figma, User Research","Empathy, Creativity",Ambivert,12+ LPA,Nielsen Norman Group UX Certification,I like a mix of both,Visual,No,No,UI/UX Designer
M.Tech,AI & ML,9.02,"PyTorch, Python","Critical Thinking, Research",Introvert,12+ LPA,Deep Learning Specialization,I prefer working alone,Read/Write,Yes,Yes,AI Specialist
B.Tech,Computer Science,9.74,"JavaScript, Git, Java, SQL, Python","Problem-Solving, Teamwork",Introvert,8-12 LPA,Coursera - Python for Everybody,I prefer working alone,Visual,Yes,No,Software Developer
Diploma,Mechanical Engineering,8.22,"AutoCAD, SolidWorks","Problem-Solving, Teamwork",Ambivert,4-8 LPA,Certified SOLIDWORKS Professional,I prefer working in a team,Kinesthetic,Yes,Yes,Mechanical Engineer
M.Tech,AI & ML,9.01,"PyTorch, Python, NLP, Computer Vision, TensorFlow","Critical Thinking, Research",Introvert,12+ LPA,TensorFlow Developer,I prefer working alone,Read/Write,Yes,Yes,AI Specialist
B.Tech,Mechanical Engineering,8.28,"AutoCAD, SolidWorks","Problem-Solving, Teamwork",Ambivert,8-12 LPA,No Certification,I prefer working in a team,Kinesthetic,Maybe,Yes,Mechanical Engineer
MBA,Marketing,7.54,"SEO, Social Media Management","Communication, Creativity",Extrovert,12+ LPA,HubSpot Content Marketing,I prefer working in a team,Visual,Yes,No,Social Media Manager
B.Tech,Computer Science,9.78,"SQL, Python, Scikit-learn, R","Critical Thinking, Problem-Solving",Introvert,8-12 LPA,Google Data Analytics,I prefer working alone,Read/Write,Yes,Yes,Data Scientist
B.Tech,Computer Science,8.21,"Python, Java","Problem-Solving, Teamwork",Ambivert,12+ LPA,Coursera - Python for Everybody,I prefer working alone,Kinesthetic,Maybe,No,Data Scientist
B.Des,Graphic Design,8.0,"Adobe XD, Figma","Problem-Solving, Empathy",Ambivert,8-12 LPA,No Certification,I like a mix of both,Kinesthetic,Yes,No,UI/UX Designer
B.Tech,Human-Computer Interaction,8.67,"User Research, Adobe XD, Figma, Sketch","Creativity, Empathy",Ambivert,12+ LPA,Nielsen Norman Group UX Certification,I like a mix of both,Kinesthetic,Yes,No,UI/UX Designer
B.Tech,Mechanical Engineering,8.0,"AutoCAD, MATLAB, SolidWorks","Problem-Solving, Teamwork",Ambivert,4-8 LPA,No Certification,I prefer working in a team,Kinesthetic,Maybe,Yes,Mechanical Engineer
B.Tech,Mechanical Engineering,8.96,"AutoCAD, SolidWorks, MATLAB","Problem-Solving, Teamwork",Ambivert,8-12 LPA,No Certification,I prefer working in a team,Kinesthetic,Yes,Yes,Mechanical Engineer
B.A.,Fine Arts,8.38,"Adobe Photoshop, Figma, Adobe Illustrator","Creativity, Attention to Detail",Introvert,4-8 LPA,No Certification,I prefer working alone,Visual,No,Yes,Graphic Designer
B.Tech,Computer Science,9.0,"TensorFlow, R, SQL, Scikit-learn","Problem-Solving, Critical Thinking",Introvert,12+ LPA,Google Data Analytics,I prefer working alone,Read/Write,Yes,No,Data Scientist
BBA,Business Administration,7.88,"Social Media Management, SEO, Google Analytics","Leadership, Creativity",Extrovert,8-12 LPA,HubSpot Content Marketing,I prefer working in a team,Visual,Yes,No,Marketing Manager
M.Tech,Computer Science,9.24,"NLP, PyTorch, Computer Vision, Python, TensorFlow","Research, Critical Thinking",Introvert,12+ LPA,TensorFlow Developer,I prefer working alone,Read/Write,Yes,Yes,AI Specialist
MBA,Business Administration,7.57,"Google Analytics, Digital Marketing","Communication, Leadership",Extrovert,12+ LPA,HubSpot Content Marketing,I prefer working in a team,Auditory,Maybe,No,Marketing Manager
B.Tech,Computer Science,8.85,"Scikit-learn, Python","Critical Thinking, Problem-Solving",Ambivert,8-12 LPA,IBM Data Science,I prefer working alone,Visual,Yes,Yes,AI Specialist
B.Des,Human-Computer Interaction,8.28,"Figma, User Research, Sketch, Adobe XD","Empathy, Creativity",Ambivert,12+ LPA,Nielsen Norman Group UX Certification,I like a mix of both,Kinesthetic,No,No,UI/UX Designer
M.Tech,AI & ML,9.52,"Python, NLP, Computer Vision, PyTorch, TensorFlow","Critical Thinking, Research",Introvert,12+ LPA,Deep Learning Specialization,I prefer working alone,Read/Write,Yes,Yes,AI Specialist
M.Tech,AI & ML,9.61,"PyTorch, TensorFlow, Python, NLP, Computer Vision","Research, Critical Thinking",Introvert,12+ LPA,TensorFlow Developer,I prefer working alone,Read/Write,Yes,Yes,AI Specialist
B.Tech,Mechanical Engineering,8.96,"SolidWorks, MATLAB, AutoCAD","Teamwork, Problem-Solving",Ambivert,4-8 LPA,Certified SOLIDWORKS Professional,I prefer working in a team,Kinesthetic,Maybe,Yes,Mechanical Engineer
B.Tech,Computer Science,8.59,"Python, Scikit-learn, TensorFlow, SQL","Problem-Solving, Critical Thinking",Ambivert,12+ LPA,IBM Data Science,I prefer working alone,Read/Write,Yes,No,Data Scientist
B.Des,Human-Computer Interaction,8.58,"Adobe XD, Sketch, Figma, User Research","Creativity, Empathy",Ambivert,12+ LPA,Nielsen Norman Group UX Certification,I like a mix of both,Kinesthetic,Yes,No,UI/UX Designer
M.Tech,Computer Science,9.06,"Python, TensorFlow","Critical Thinking, Problem-Solving",Ambivert,12+ LPA,IBM Data Science,I prefer working alone,Visual,Yes,Yes,Data Scientist
MBA,Marketing,8.85,"Social Media Management, Digital Marketing, Google Analytics","Creativity, Leadership",Extrovert,12+ LPA,Google Digital Marketing,I prefer working in a team,Visual,Maybe,No,Marketing Manager
MBA,Finance,9.18,"Financial Modeling, Tableau, SQL, MS Excel","Attention to Detail, Analytical Skills",Ambivert,8-12 LPA,CFA,I prefer working alone,Read/Write,No,Yes,Financial Analyst
B.Tech,Computer Science,8.82,"SQL, Python, Git","Problem-Solving, Teamwork",Introvert,8-12 LPA,No Certification,I prefer working alone,Kinesthetic,Maybe,No,Software Developer
B.Des,Fine Arts,8.18,"Figma, Adobe Photoshop, Adobe Illustrator","Creativity, Attention to Detail",Ambivert,4-8 LPA,No Certification,I like a mix of both,Visual,No,Yes,UI/UX Designer
B.Des,Graphic Design,7.72,"Adobe XD, User Research, Figma","Creativity, Problem-Solving",Ambivert,12+ LPA,Nielsen Norman Group UX Certification,I like a mix of both,Kinesthetic,Yes,No,UI/UX Designer
B.Des,Graphic Design,9.11,"Sketch, Adobe XD, User Research","Empathy, Problem-Solving",Ambivert,8-12 LPA,No Certification,I like a mix of both,Visual,Yes,No,UI/UX Designer
BBA,Business Administration,8.16,"SEO, Digital Marketing","Communication, Leadership",Extrovert,12+ LPA,Google Digital Marketing,I prefer working in a team,Visual,Yes,No,Marketing Manager
MBA,Commerce,8.0,"Tableau, SQL","Attention to Detail, Analytical Skills",Ambivert,4-8 LPA,No Certification,I prefer working alone,Read/Write,No,Yes,Financial Analyst
B.A.,Graphic Design,7.55,"Figma, Adobe Illustrator","Creativity, Attention to Detail",Ambivert,Less than 4 LPA,No Certification,I like a mix of both,Visual,No,No,Graphic Designer
B.A.,Graphic Design,7.34,"Adobe Illustrator, Adobe Photoshop, Figma","Attention to Detail, Creativity",Ambivert,4-8 LPA,Adobe Certified Expert (ACE),I prefer working alone,Visual,No,Yes,Graphic Designer
M.Tech,Computer Science,9.86,"Computer Vision, PyTorch, Python","Critical Thinking, Research",Introvert,12+ LPA,TensorFlow Developer,I prefer working alone,Read/Write,Yes,Yes,AI Specialist
B.Des,Human-Computer Interaction,9.15,"User Research, Adobe XD","Creativity, Empathy",Ambivert,8-12 LPA,Nielsen Norman Group UX Certification,I like a mix of both,Kinesthetic,Yes,No,Graphic Designer
MBA,Finance,8.36,"Tableau, Financial Modeling, SQL, MS Excel","Analytical Skills, Attention to Detail",Ambivert,4-8 LPA,No Certification,I prefer working alone,Read/Write,No,Yes,Financial Analyst
B.Tech,Mechanical Engineering,8.93,"MATLAB, SolidWorks","Teamwork, Problem-Solving",Ambivert,8-12 LPA,No Certification,I prefer working in a team,Kinesthetic,Maybe,Yes,Mechanical Engineer
MBA,Finance,8.68,"SQL, Tableau","Analytical Skills, Attention to Detail",Extrovert,8-12 LPA,No Certification,I prefer working alone,Read/Write,Maybe,No,Financial Analyst
B.Des,Fine Arts,7.84,"Figma, Adobe Illustrator, Adobe Photoshop","Creativity, Attention to Detail",Ambivert,Less than 4 LPA,Adobe Certified Expert (ACE),I like a mix of both,Kinesthetic,No,Yes,Graphic Designer
BBA,Marketing,8.82,"Social Media Management, Digital Marketing, SEO","Creativity, Communication",Extrovert,8-12 LPA,HubSpot Content Marketing,I prefer working in a team,Visual,Maybe,No,Marketing Manager
B.Tech,Computer Science,9.38,"R, Scikit-learn, Python, SQL","Critical Thinking, Problem-Solving",Introvert,8-12 LPA,IBM Data Science,I prefer working alone,Read/Write,Yes,No,Data Scientist
MBA,Marketing,7.58,"Social Media Management, Google Analytics","Communication, Creativity",Extrovert,12+ LPA,Google Digital Marketing,I prefer working in a team,Visual,Yes,No,Marketing Manager
B.Tech,Computer Science,8.6,"Java, Python, JavaScript, SQL, Git","Teamwork, Problem-Solving",Ambivert,12+ LPA,Coursera - Python for Everybody,I prefer working alone,Visual,Maybe,No,Data Scientist
B.Com,Commerce,7.78,"MS Excel, Tableau, Financial Modeling","Analytical Skills, Attention to Detail",Ambivert,8-12 LPA,CFA,I prefer working alone,Read/Write,No,Yes,Financial Analyst
B.Tech,Computer Science,8.32,"SQL, Python","Teamwork, Problem-Solving",Ambivert,12+ LPA,No Certification,I like a mix of both,Kinesthetic,Yes,No,Data Scientist
B.Tech,Computer Science,9.69,"Python, Java, Git","Teamwork, Problem-Solving",Introvert,12+ LPA,Coursera - Python for Everybody,I like a mix of both,Visual,Maybe,No,Software Developer
B.Tech,Computer Science,8.8,"Git, Python, SQL","Teamwork, Problem-Solving",Introvert,8-12 LPA,No Certification,I like a mix of both,Visual,Maybe,No,Software Developer
B.Tech,Mechanical Engineering,8.04,"AutoCAD, SolidWorks, MATLAB","Problem-Solving, Teamwork",Ambivert,8-12 LPA,No Certification,I prefer working in a team,Kinesthetic,Yes,Yes,Mechanical Engineer
BBA,Business Administration,7.37,"Google Analytics, SEO, Digital Marketing","Leadership, Communication",Extrovert,12+ LPA,Google Digital Marketing,I prefer working in a team,Visual,Maybe,No,Marketing Manager
MBA,Marketing,8.85,"Social Media Management, Digital Marketing, SEO","Communication, Leadership",Extrovert,12+ LPA,Google Digital Marketing,I prefer working in a team,Visual,Maybe,No,Marketing Manager
B.Com,Finance,8.44,"SQL, MS Excel","Attention to Detail, Analytical Skills",Ambivert,4-8 LPA,CFA,I prefer working alone,Read/Write,Maybe,No,Financial Analyst
M.Tech,Data Science,9.65,"SQL, TensorFlow, Python","Problem-Solving, Critical Thinking",Introvert,8-12 LPA,IBM Data Science,I prefer working alone,Visual,Yes,Yes,AI Specialist
MBA,Commerce,8.02,"Tableau, SQL, Financial Modeling","Analytical Skills, Attention to Detail",Extrovert,8-12 LPA,CFA,I prefer working alone,Read/Write,No,Yes,Business Analyst
M.Tech,AI & ML,9.33,"Computer Vision, PyTorch, NLP, Python","Research, Critical Thinking",Introvert,12+ LPA,TensorFlow Developer,I prefer working alone,Read/Write,Yes,Yes,Data Scientist
MBA,Business Administration,8.42,"Social Media Management, Digital Marketing","Communication, Leadership",Extrovert,12+ LPA,HubSpot Content Marketing,I prefer working in a team,Visual,Yes,No,Social Media Manager
B.Tech,Computer Science,9.31,"TensorFlow, Python","Problem-Solving, Critical Thinking",Introvert,8-12 LPA,Google Data Analytics,I prefer working alone,Visual,Yes,Yes,AI Specialist
B.Tech,Computer Science,9.55,"JavaScript, Git, Python, SQL","Problem-Solving, Teamwork",Ambivert,12+ LPA,No Certification,I prefer working alone,Kinesthetic,Yes,No,Software Developer
B.Tech,Computer Science,8.95,"SQL, Java, Python, Git, JavaScript","Teamwork, Problem-Solving",Introvert,12+ LPA,No Certification,I prefer working alone,Visual,Maybe,No,Software Developer
BBA,Marketing,7.12,"Digital Marketing, SEO, Social Media Management","Creativity, Leadership",Extrovert,8-12 LPA,Google Digital Marketing,I prefer working in a team,Visual,Yes,No,Marketing Manager
B.Tech,Mechanical Engineering,7.3,"SolidWorks, AutoCAD, MATLAB","Teamwork, Problem-Solving",Ambivert,4-8 LPA,No Certification,I prefer working in a team,Kinesthetic,Yes,Yes,Civil Engineer
M.Tech,Data Science,8.54,"SQL, TensorFlow, R, Scikit-learn, Python","Critical Thinking, Problem-Solving",Ambivert,12+ LPA,IBM Data Science,I prefer working alone,Visual,Yes,Yes,Data Scientist
MBA,Commerce,7.76,"Financial Modeling, Tableau, SQL, MS Excel","Analytical Skills, Attention to Detail",Extrovert,8-12 LPA,No Certification,I prefer working alone,Read/Write,Maybe,Yes,Financial Analyst
B.Des,Fine Arts,6.6,"Adobe Illustrator, Figma","Attention to Detail, Creativity",Introvert,4-8 LPA,Adobe Certified Expert (ACE),I like a mix of both,Kinesthetic,No,No,UI/UX Designer
B.Tech,Mechanical Engineering,8.71,"MATLAB, AutoCAD, SolidWorks","Problem-Solving, Teamwork",Ambivert,8-12 LPA,No Certification,I prefer working in a team,Kinesthetic,Maybe,Yes,Mechanical Engineer
B.Tech,Computer Science,8.07,"JavaScript, SQL, Git, Java, Python","Problem-Solving, Teamwork",Introvert,12+ LPA,Coursera - Python for Everybody,I like a mix of both,Visual,Yes,No,Data Scientist
B.Des,Fine Arts,7.71,"Adobe Photoshop, Adobe Illustrator, Figma","Attention to Detail, Creativity",Ambivert,4-8 LPA,No Certification,I like a mix of both,Kinesthetic,No,Yes,Graphic Designer
M.Tech,AI & ML,9.66,"Python, Computer Vision, PyTorch, TensorFlow","Research, Critical Thinking",Introvert,12+ LPA,Deep Learning Specialization,I prefer working alone,Read/Write,Yes,Yes,Data Scientist
B.Tech,Computer Science,8.55,"SQL, JavaScript, Python","Teamwork, Problem-Solving",Introvert,8-12 LPA,Coursera - Python for Everybody,I prefer working alone,Kinesthetic,Maybe,No,Software Developer
B.Tech,Human-Computer Interaction,9.1,"Adobe XD, Sketch","Creativity, Empathy",Ambivert,12+ LPA,Nielsen Norman Group UX Certification,I like a mix of both,Visual,No,No,Graphic Designer
B.Com,Commerce,8.35,"Tableau, MS Excel, Financial Modeling","Analytical Skills, Attention to Detail",Ambivert,8-12 LPA,CFA,I prefer working alone,Read/Write,Maybe,Yes,Financial Analyst
M.Tech,Computer Science,9.66,"Scikit-learn, SQL","Problem-Solving, Critical Thinking",Ambivert,12+ LPA,IBM Data Science,I prefer working alone,Read/Write,Yes,No,Data Scientist
B.Tech,Computer Science,8.1,"Python, JavaScript, Java, SQL","Problem-Solving, Teamwork",Ambivert,12+ LPA,Coursera - Python for Everybody,I prefer working alone,Kinesthetic,Yes,No,Software Developer
Diploma,Mechanical Engineering,7.77,"AutoCAD, SolidWorks","Teamwork, Problem-Solving",Ambivert,8-12 LPA,Certified SOLIDWORKS Professional,I prefer working in a team,Kinesthetic,Maybe,Yes,Civil Engineer
M.Tech,AI & ML,9.0,"TensorFlow, NLP","Critical Thinking, Research",Introvert,12+ LPA,TensorFlow Developer,I prefer working alone,Read/Write,Yes,Yes,AI Specialist
B.Tech,Computer Science,8.95,"Git, SQL, Python, JavaScript, Java","Problem-Solving, Teamwork",Introvert,8-12 LPA,No Certification,I prefer working alone,Kinesthetic,Yes,No,Software Developer
B.Tech,Computer Science,9.19,"Git, Java","Teamwork, Problem-Solving",Introvert,12+ LPA,Coursera - Python for Everybody,I like a mix of both,Kinesthetic,Yes,No,Software Developer
B.Des,Fine Arts,6.83,"Adobe Illustrator, Adobe Photoshop","Creativity, Attention to Detail",Ambivert,4-8 LPA,No Certification,I prefer working alone,Kinesthetic,No,No,UI/UX Designer
MBA,Commerce,8.71,"Tableau, SQL, MS Excel, Financial Modeling","Attention to Detail, Analytical Skills",Extrovert,4-8 LPA,No Certification,I prefer working alone,Visual,No,No,Business Analyst
M.Tech,Computer Science,8.52,"Scikit-learn, Python, SQL","Critical Thinking, Problem-Solving",Ambivert,12+ LPA,IBM Data Science,I prefer working alone,Read/Write,Yes,No,Data Scientist
B.Tech,Human-Computer Interaction,8.56,"Adobe XD, Sketch, Figma, User Research","Problem-Solving, Creativity",Ambivert,12+ LPA,No Certification,I like a mix of both,Visual,No,No,UI/UX Designer
M.Tech,Computer Science,9.79,"PyTorch, Python, TensorFlow, Computer Vision","Research, Critical Thinking",Introvert,12+ LPA,TensorFlow Developer,I prefer working alone,Read/Write,Yes,Yes,AI Specialist
M.Tech,AI & ML,9.61,"NLP, Computer Vision, TensorFlow","Critical Thinking, Research",Introvert,12+ LPA,TensorFlow Developer,I prefer working alone,Read/Write,Yes,Yes,AI Specialist
MBA,Business Administration,7.89,"Digital Marketing, SEO, Social Media Management","Communication, Creativity",Extrovert,8-12 LPA,HubSpot Content Marketing,I prefer working in a team,Auditory,Maybe,No,Social Media Manager
BBA,Business Administration,7.52,"Google Analytics, SEO, Social Media Management","Communication, Creativity",Extrovert,12+ LPA,HubSpot Content Marketing,I prefer working in a team,Visual,Maybe,No,Marketing Manager
B.A.,Fine Arts,6.77,"Adobe Illustrator, Figma, Adobe Photoshop","Creativity, Attention to Detail",Introvert,Less than 4 LPA,No Certification,I prefer working alone,Kinesthetic,No,Yes,Graphic Designer
MBA,Commerce,9.08,"MS Excel, Tableau","Attention to Detail, Analytical Skills",Ambivert,4-8 LPA,CFA,I prefer working alone,Read/Write,No,Yes,Financial Analyst
M.Tech,AI & ML,9.35,"Computer Vision, PyTorch, NLP","Research, Critical Thinking",Introvert,12+ LPA,Deep Learning Specialization,I prefer working alone,Read/Write,Yes,Yes,AI Specialist
B.Com,Finance,8.1,"SQL, Financial Modeling, MS Excel","Analytical Skills, Attention to Detail",Ambivert,4-8 LPA,No Certification,I prefer working alone,Read/Write,Maybe,No,Business Analyst
MBA,Finance,8.14,"SQL, MS Excel, Financial Modeling, Tableau","Attention to Detail, Analytical Skills",Ambivert,4-8 LPA,No Certification,I prefer working alone,Visual,No,Yes,Financial Analyst
B.Des,Graphic Design,8.13,"Adobe Photoshop, Adobe Illustrator, Figma","Attention to Detail, Creativity",Introvert,Less than 4 LPA,No Certification,I like a mix of both,Visual,No,No,Graphic Designer
M.Tech,AI & ML,9.36,"Computer Vision, TensorFlow, PyTorch, Python, NLP","Research, Critical Thinking",Introvert,12+ LPA,Deep Learning Specialization,I prefer working alone,Read/Write,Yes,Yes,AI Specialist
BBA,Business Administration,7.46,"Google Analytics, SEO, Digital Marketing, Social Media Management","Communication, Leadership",Extrovert,8-12 LPA,HubSpot Content Marketing,I prefer working in a team,Visual,Maybe,No,Social Media Manager
B.Tech,Computer Science,8.6,"Python, JavaScript, SQL, Java, Git","Problem-Solving, Teamwork",Ambivert,12+ LPA,No Certification,I like a mix of both,Kinesthetic,Yes,No,Software Developer
B.Tech,Mechanical Engineering,7.32,"SolidWorks, MATLAB","Teamwork, Problem-Solving",Ambivert,8-12 LPA,Certified SOLIDWORKS Professional,I prefer working in a team,Kinesthetic,Maybe,Yes,Mechanical Engineer
M.Tech,Computer Science,9.84,"Computer Vision, Python, NLP, PyTorch","Research, Critical Thinking",Introvert,12+ LPA,Deep Learning Specialization,I prefer working alone,Read/Write,Yes,Yes,AI Specialist
M.Tech,Computer Science,8.95,"SQL, Python, TensorFlow","Problem-Solving, Critical Thinking",Introvert,12+ LPA,Google Data Analytics,I prefer working alone,Read/Write,Yes,No,AI Specialist
B.Tech,Computer Science,9.65,"R, TensorFlow, Scikit-learn, SQL, Python","Problem-Solving, Critical Thinking",Introvert,12+ LPA,Google Data Analytics,I prefer working alone,Visual,Yes,Yes,Data Scientist
MBA,Finance,7.55,"Tableau, Financial Modeling, MS Excel, SQL","Analytical Skills, Attention to Detail",Extrovert,8-12 LPA,CFA,I prefer working alone,Visual,Maybe,Yes,Business Analyst
B.Com,Commerce,7.63,"Tableau, MS Excel","Attention to Detail, Analytical Skills",Ambivert,4-8 LPA,No Certification,I prefer working alone,Visual,Maybe,Yes,Business Analyst
B.Tech,Computer Science,9.19,"Scikit-learn, SQL, R, TensorFlow","Problem-Solving, Critical Thinking",Introvert,12+ LPA,Google Data Analytics,I prefer working alone,Visual,Yes,No,Data Scientist
B.Des,Fine Arts,8.03,"Adobe Illustrator, Adobe Photoshop","Attention to Detail, Creativity",Introvert,Less than 4 LPA,No Certification,I prefer working alone,Visual,No,No,Graphic Designer
B.Tech,Computer Science,8.65,"SQL, Scikit-learn, TensorFlow, Python, R","Problem-Solving, Critical Thinking",Introvert,8-12 LPA,Google Data Analytics,I prefer working alone,Visual,Yes,Yes,Data Scientist
MBA,Marketing,7.26,"Google Analytics, Social Media Management, Digital Marketing, SEO","Creativity, Leadership",Extrovert,12+ LPA,HubSpot Content Marketing,I prefer working in a team,Visual,Yes,No,Marketing Manager
B.Tech,Graphic Design,8.78,"User Research, Figma, Adobe XD, Sketch","Creativity, Empathy",Ambivert,8-12 LPA,No Certification,I like a mix of both,Visual,No,No,UI/UX Designer
M.Tech,Data Science,9.42,"Scikit-learn, Python, R, SQL","Critical Thinking, Problem-Solving",Ambivert,12+ LPA,IBM Data Science,I prefer working alone,Visual,Yes,Yes,Data Scientist
B.Tech,Human-Computer Interaction,8.41,"User Research, Adobe XD, Sketch","Problem-Solving, Creativity",Ambivert,12+ LPA,No Certification,I like a mix of both,Kinesthetic,No,No,UI/UX Designer
B.Com,Finance,8.04,"MS Excel, SQL, Financial Modeling, Tableau","Attention to Detail, Analytical Skills",Extrovert,4-8 LPA,No Certification,I prefer working alone,Visual,Maybe,No,Financial Analyst
MBA,Commerce,7.76,"MS Excel, SQL, Tableau, Financial Modeling","Attention to Detail, Analytical Skills",Extrovert,4-8 LPA,No Certification,I prefer working alone,Read/Write,No,Yes,Financial Analyst
B.Des,Graphic Design,6.52,"Adobe Photoshop, Figma","Creativity, Attention to Detail",Introvert,4-8 LPA,Adobe Certified Expert (ACE),I prefer working alone,Visual,No,No,Graphic Designer
B.A.,Graphic Design,8.47,"Adobe Illustrator, Figma, Adobe Photoshop","Creativity, Attention to Detail",Ambivert,4-8 LPA,Adobe Certified Expert (ACE),I prefer working alone,Kinesthetic,No,No,UI/UX Designer
B.Tech,Data Science,8.51,"SQL, Scikit-learn, TensorFlow","Critical Thinking, Problem-Solving",Ambivert,8-12 LPA,Google Data Analytics,I prefer working alone,Read/Write,Yes,Yes,Data Scientist
MBA,Business Administration,8.37,"SEO, Social Media Management, Google Analytics","Leadership, Communication",Extrovert,8-12 LPA,Google Digital Marketing,I prefer working in a team,Auditory,Yes,No,Marketing Manager
B.Des,Fine Arts,8.34,"Figma, Adobe Photoshop, Adobe Illustrator","Attention to Detail, Creativity",Ambivert,Less than 4 LPA,Adobe Certified Expert (ACE),I prefer working alone,Kinesthetic,No,Yes,Graphic Designer
B.Des,Human-Computer Interaction,7.51,"User Research, Figma, Sketch, Adobe XD","Empathy, Problem-Solving",Ambivert,12+ LPA,Nielsen Norman Group UX Certification,I like a mix of both,Visual,No,No,UI/UX Designer
B.A.,Fine Arts,8.24,"Adobe Photoshop, Adobe Illustrator, Figma","Attention to Detail, Creativity",Ambivert,4-8 LPA,No Certification,I like a mix of both,Kinesthetic,No,No,Graphic Designer
Diploma,Mechanical Engineering,7.28,"AutoCAD, MATLAB, SolidWorks","Problem-Solving, Teamwork",Ambivert,4-8 LPA,No Certification,I prefer working in a team,Kinesthetic,Yes,Yes,Mechanical Engineer
B.Com,Finance,8.71,"Financial Modeling, SQL, Tableau, MS Excel","Attention to Detail, Analytical Skills",Ambivert,8-12 LPA,CFA,I prefer working alone,Read/Write,Maybe,No,Financial Analyst
BBA,Marketing,8.14,"Digital Marketing, Google Analytics, Social Media Management, SEO","Leadership, Communication",Extrovert,12+ LPA,Google Digital Marketing,I prefer working in a team,Visual,Maybe,No,Marketing Manager
MBA,Marketing,7.05,"SEO, Social Media Management","Creativity, Communication",Extrovert,8-12 LPA,HubSpot Content Marketing,I prefer working in a team,Auditory,Yes,No,Marketing Manager
M.Tech,Computer Science,9.79,"PyTorch, Computer Vision","Research, Critical Thinking",Introvert,12+ LPA,Deep Learning Specialization,I prefer working alone,Read/Write,Yes,Yes,AI Specialist
MBA,Finance,8.44,"Financial Modeling, MS Excel, Tableau, SQL","Analytical Skills, Attention to Detail",Ambivert,4-8 LPA,CFA,I prefer working alone,Visual,No,Yes,Financial Analyst
B.Tech,Human-Computer Interaction,7.9,"Figma, User Research, Adobe XD, Sketch","Empathy, Creativity",Ambivert,8-12 LPA,Nielsen Norman Group UX Certification,I like a mix of both,Visual,No,No,UI/UX Designer
BBA,Business Administration,7.5,"SEO, Google Analytics","Communication, Leadership",Extrovert,8-12 LPA,HubSpot Content Marketing,I prefer working in a team,Visual,Maybe,No,Marketing Manager
B.Tech,Mechanical Engineering,7.77,"AutoCAD, MATLAB, SolidWorks","Problem-Solving, Teamwork",Ambivert,4-8 LPA,No Certification,I prefer working in a team,Kinesthetic,Yes,Yes,Mechanical Engineer
B.Com,Finance,7.65,"Financial Modeling, Tableau, SQL, MS Excel","Analytical Skills, Attention to Detail",Ambivert,8-12 LPA,No Certification,I prefer working alone,Visual,No,No,Financial Analyst
B.Tech,Data Science,9.34,"R, TensorFlow","Problem-Solving, Critical Thinking",Ambivert,12+ LPA,IBM Data Science,I prefer working alone,Visual,Yes,No,Data Scientist
Diploma,Mechanical Engineering,7.52,"AutoCAD, SolidWorks","Problem-Solving, Teamwork",Ambivert,8-12 LPA,No Certification,I prefer working in a team,Kinesthetic,Yes,Yes,Mechanical Engineer
B.Com,Finance,8.55,"Financial Modeling, MS Excel, Tableau, SQL","Attention to Detail, Analytical Skills",Ambivert,8-12 LPA,No Certification,I prefer working alone,Read/Write,No,No,Financial Analyst
M.Tech,AI & ML,9.39,"NLP, Computer Vision, TensorFlow","Research, Critical Thinking",Introvert,12+ LPA,TensorFlow Developer,I prefer working alone,Read/Write,Yes,Yes,Data Scientist
B.Tech,Mechanical Engineering,8.48,"SolidWorks, AutoCAD, MATLAB","Teamwork, Problem-Solving",Ambivert,4-8 LPA,No Certification,I prefer working in a team,Kinesthetic,Maybe,Yes,Mechanical Engineer
M.Tech,Computer Science,8.61,"Python, SQL, Scikit-learn","Critical Thinking, Problem-Solving",Ambivert,12+ LPA,Google Data Analytics,I prefer working alone,Read/Write,Yes,Yes,Data Scientist
Diploma,Mechanical Engineering,7.51,"MATLAB, AutoCAD, SolidWorks","Teamwork, Problem-Solving",Ambivert,8-12 LPA,No Certification,I prefer working in a team,Kinesthetic,Yes,Yes,Mechanical Engineer
MBA,Business Administration,7.91,"SEO, Google Analytics, Digital Marketing, Social Media Management","Communication, Creativity",Extrovert,8-12 LPA,HubSpot Content Marketing,I prefer working in a team,Visual,Yes,No,Marketing Manager
B.Tech,Computer Science,9.11,"Java, Python, Git","Problem-Solving, Teamwork",Introvert,8-12 LPA,Coursera - Python for Everybody,I like a mix of both,Kinesthetic,Yes,No,Data Scientist
B.Des,Human-Computer Interaction,7.53,"Sketch, User Research, Figma, Adobe XD","Creativity, Problem-Solving",Ambivert,8-12 LPA,Nielsen Norman Group UX Certification,I like a mix of both,Kinesthetic,No,No,Graphic Designer
Diploma,Mechanical Engineering,8.06,"MATLAB, SolidWorks","Problem-Solving, Teamwork",Ambivert,4-8 LPA,No Certification,I prefer working in a team,Kinesthetic,Maybe,Yes,Civil Engineer
B.Des,Graphic Design,8.28,"Figma, Adobe Photoshop, Adobe Illustrator","Creativity, Attention to Detail",Ambivert,4-8 LPA,Adobe Certified Expert (ACE),I prefer working alone,Kinesthetic,No,Yes,UI/UX Designer
M.Tech,Computer Science,9.35,"SQL, Scikit-learn, TensorFlow","Problem-Solving, Critical Thinking",Introvert,8-12 LPA,IBM Data Science,I prefer working alone,Read/Write,Yes,Yes,Data Scientist
Diploma,Mechanical Engineering,8.4,"MATLAB, AutoCAD","Teamwork, Problem-Solving",Ambivert,4-8 LPA,No Certification,I prefer working in a team,Kinesthetic,Maybe,Yes,Mechanical Engineer
B.A.,Graphic Design,8.04,"Figma, Adobe Photoshop","Creativity, Attention to Detail",Introvert,Less than 4 LPA,No Certification,I like a mix of both,Kinesthetic,No,Yes,Graphic Designer
MBA,Business Administration,8.1,"SEO, Digital Marketing","Creativity, Communication",Extrovert,12+ LPA,Google Digital Marketing,I prefer working in a team,Visual,Maybe,No,Social Media Manager
B.Des,Human-Computer Interaction,7.72,"Adobe XD, Figma, User Research","Empathy, Creativity",Ambivert,8-12 LPA,Nielsen Norman Group UX Certification,I like a mix of both,Kinesthetic,Yes,No,UI/UX Designer
B.Tech,Mechanical Engineering,8.8,"SolidWorks, MATLAB","Problem-Solving, Teamwork",Ambivert,8-12 LPA,No Certification,I prefer working in a team,Kinesthetic,Yes,Yes,Mechanical Engineer
M.Tech,Computer Science,9.42,"NLP, TensorFlow","Critical Thinking, Research",Introvert,12+ LPA,Deep Learning Specialization,I prefer working alone,Read/Write,Yes,Yes,AI Specialist
MBA,Finance,7.68,"Tableau, Financial Modeling, SQL","Analytical Skills, Attention to Detail",Ambivert,4-8 LPA,No Certification,I prefer working alone,Visual,No,Yes,Financial Analyst
B.Tech,Computer Science,8.7,"R, Python","Critical Thinking, Problem-Solving",Introvert,12+ LPA,IBM Data Science,I prefer working alone,Visual,Yes,No,Data Scientist
B.Tech,Computer Science,9.09,"Java, Git, Python, SQL","Teamwork, Problem-Solving",Ambivert,8-12 LPA,No Certification,I like a mix of both,Kinesthetic,Maybe,No,Data Scientist
M.Tech,Computer Science,9.67,"NLP, Python, TensorFlow, PyTorch","Research, Critical Thinking",Introvert,12+ LPA,Deep Learning Specialization,I prefer working alone,Read/Write,Yes,Yes,AI Specialist
Diploma,Mechanical Engineering,7.17,"AutoCAD, SolidWorks, MATLAB","Problem-Solving, Teamwork",Ambivert,4-8 LPA,No Certification,I prefer working in a team,Kinesthetic,Maybe,Yes,Mechanical Engineer
MBA,Finance,7.78,"SQL, MS Excel","Attention to Detail, Analytical Skills",Extrovert,4-8 LPA,No Certification,I prefer working alone,Visual,Maybe,No,Financial Analyst
B.Tech,Mechanical Engineering,8.18,"SolidWorks, MATLAB, AutoCAD","Problem-Solving, Teamwork",Ambivert,8-12 LPA,No Certification,I prefer working in a team,Kinesthetic,Yes,Yes,Mechanical Engineer
M.Tech,Data Science,9.4,"Scikit-learn, TensorFlow, SQL, Python","Critical Thinking, Problem-Solving",Introvert,12+ LPA,IBM Data Science,I prefer working alone,Visual,Yes,Yes,Data Scientist
M.Tech,AI & ML,9.66,"Python, TensorFlow","Research, Critical Thinking",Introvert,12+ LPA,Deep Learning Specialization,I prefer working alone,Read/Write,Yes,Yes,AI Specialist
B.Tech,Computer Science,8.63,"Java, Git, JavaScript, SQL, Python","Teamwork, Problem-Solving",Ambivert,8-12 LPA,Coursera - Python for Everybody,I prefer working alone,Kinesthetic,Maybe,No,Software Developer
M.Tech,Computer Science,9.61,"PyTorch, NLP, Python, TensorFlow, Computer Vision","Critical Thinking, Research",Introvert,12+ LPA,Deep Learning Specialization,I prefer working alone,Read/Write,Yes,Yes,Data Scientist
MBA,Finance,8.28,"SQL, MS Excel, Financial Modeling, Tableau","Attention to Detail, Analytical Skills",Extrovert,8-12 LPA,No Certification,I prefer working alone,Read/Write,No,No,Financial Analyst
MBA,Commerce,8.7,"SQL, MS Excel, Financial Modeling, Tableau","Attention to Detail, Analytical Skills",Extrovert,8-12 LPA,CFA,I prefer working alone,Read/Write,Maybe,Yes,Financial Analyst
B.Com,Finance,8.27,"SQL, Tableau, Financial Modeling","Analytical Skills, Attention to Detail",Ambivert,8-12 LPA,CFA,I prefer working alone,Visual,No,No,Business Analyst
B.Tech,Computer Science,8.1,"SQL, Python, Java","Problem-Solving, Teamwork",Ambivert,12+ LPA,No Certification,I like a mix of both,Kinesthetic,Maybe,No,Software Developer
B.Des,Graphic Design,8.04,"Adobe XD, Figma, User Research","Creativity, Problem-Solving",Ambivert,12+ LPA,No Certification,I like a mix of both,Kinesthetic,No,No,Graphic Designer
B.Tech,Mechanical Engineering,7.44,"SolidWorks, MATLAB","Problem-Solving, Teamwork",Ambivert,8-12 LPA,Certified SOLIDWORKS Professional,I prefer working in a team,Kinesthetic,Maybe,Yes,Mechanical Engineer
B.Tech,Computer Science,9.3,"SQL, Java, Python, Git","Problem-Solving, Teamwork",Introvert,12+ LPA,Coursera - Python for Everybody,I prefer working alone,Kinesthetic,Maybe,No,Software Developer
B.Tech,Mechanical Engineering,7.88,"MATLAB, AutoCAD, SolidWorks","Problem-Solving, Teamwork",Ambivert,4-8 LPA,No Certification,I prefer working in a team,Kinesthetic,Yes,Yes,Civil Engineer
M.Tech,AI & ML,9.86,"TensorFlow, NLP, Computer Vision, Python, PyTorch","Critical Thinking, Research",Introvert,12+ LPA,TensorFlow Developer,I prefer working alone,Read/Write,Yes,Yes,AI Specialist
B.Com,Finance,9.19,"Tableau, SQL","Analytical Skills, Attention to Detail",Extrovert,8-12 LPA,No Certification,I prefer working alone,Read/Write,No,No,Business Analyst
B.Tech,Computer Science,9.5,"Java, Python","Problem-Solving, Teamwork",Introvert,8-12 LPA,Coursera - Python for Everybody,I prefer working alone,Kinesthetic,Maybe,No,Data Scientist
B.Des,Graphic Design,8.31,"Figma, Adobe Photoshop","Attention to Detail, Creativity",Introvert,Less than 4 LPA,Adobe Certified Expert (ACE),I prefer working alone,Visual,No,No,UI/UX Designer
BBA,Marketing,7.89,"SEO, Digital Marketing","Leadership, Communication",Extrovert,8-12 LPA,Google Digital Marketing,I prefer working in a team,Visual,Maybe,No,Marketing Manager
BBA,Marketing,8.85,"SEO, Social Media Management","Leadership, Creativity",Extrovert,8-12 LPA,HubSpot Content Marketing,I prefer working in a team,Visual,Maybe,No,Social Media Manager
B.Tech,Computer Science,8.01,"SQL, Python","Problem-Solving, Teamwork",Ambivert,12+ LPA,No Certification,I like a mix of both,Kinesthetic,Maybe,No,Software Developer
M.Tech,Data Science,8.9,"R, TensorFlow, Python, SQL","Problem-Solving, Critical Thinking",Introvert,12+ LPA,Google Data Analytics,I prefer working alone,Read/Write,Yes,No,AI Specialist
MBA,Commerce,8.7,"Financial Modeling, MS Excel, SQL, Tableau","Attention to Detail, Analytical Skills",Extrovert,4-8 LPA,No Certification,I prefer working alone,Read/Write,Maybe,No,Financial Analyst
B.Tech,Computer Science,9.57,"JavaScript, Git, SQL, Java, Python","Teamwork, Problem-Solving",Introvert,12+ LPA,Coursera - Python for Everybody,I prefer working alone,Visual,Maybe,No,Software Developer
B.A.,Fine Arts,8.52,"Adobe Photoshop, Adobe Illustrator, Figma","Attention to Detail, Creativity",Ambivert,Less than 4 LPA,No Certification,I prefer working alone,Visual,No,No,Graphic Designer
BBA,Business Administration,8.07,"Social Media Management, SEO, Google Analytics","Leadership, Creativity",Extrovert,8-12 LPA,HubSpot Content Marketing,I prefer working in a team,Visual,Yes,No,Social Media Manager
M.Tech,Computer Science,9.85,"TensorFlow, PyTorch, Python","Research, Critical Thinking",Introvert,12+ LPA,TensorFlow Developer,I prefer working alone,Read/Write,Yes,Yes,AI Specialist
B.Tech,Computer Science,9.59,"Python, TensorFlow, SQL","Problem-Solving, Critical Thinking",Ambivert,8-12 LPA,Google Data Analytics,I prefer working alone,Read/Write,Yes,Yes,Data Scientist
B.Des,Graphic Design,9.25,"Sketch, Adobe XD","Problem-Solving, Empathy",Ambivert,8-12 LPA,Nielsen Norman Group UX Certification,I like a mix of both,Visual,Yes,No,UI/UX Designer
B.Des,Fine Arts,8.61,"Figma, Adobe Photoshop, Adobe Illustrator","Creativity, Attention to Detail",Introvert,4-8 LPA,No Certification,I prefer working alone,Visual,No,No,Graphic Designer
B.Tech,Computer Science,9.71,"Python, Git","Problem-Solving, Teamwork",Ambivert,12+ LPA,Coursera - Python for Everybody,I prefer working alone,Visual,Maybe,No,Software Developer
B.Tech,Computer Science,9.67,"Python, Scikit-learn, SQL","Critical Thinking, Problem-Solving",Introvert,12+ LPA,Google Data Analytics,I prefer working alone,Read/Write,Yes,Yes,Data Scientist
B.Tech,Data Science,9.19,"R, TensorFlow","Problem-Solving, Critical Thinking",Ambivert,12+ LPA,IBM Data Science,I prefer working alone,Read/Write,Yes,Yes,Data Scientist
B.Com,Finance,9.17,"Tableau, SQL, MS Excel","Analytical Skills, Attention to Detail",Ambivert,4-8 LPA,No Certification,I prefer working alone,Read/Write,Maybe,Yes,Financial Analyst
B.Tech,Computer Science,8.96,"R, Python, SQL, TensorFlow, Scikit-learn","Problem-Solving, Critical Thinking",Ambivert,8-12 LPA,Google Data Analytics,I prefer working alone,Visual,Yes,Yes,Data Scientist
BBA,Business Administration,7.01,"Social Media Management, Digital Marketing","Creativity, Communication",Extrovert,12+ LPA,HubSpot Content Marketing,I prefer working in a team,Visual,Maybe,No,Marketing Manager
B.Tech,Human-Computer Interaction,8.96,"Adobe XD, Sketch, Figma, User Research","Problem-Solving, Empathy",Ambivert,12+ LPA,Nielsen Norman Group UX Certification,I like a mix of both,Kinesthetic,No,No,UI/UX Designer
B.Tech,Mechanical Engineering,8.7,"MATLAB, AutoCAD, SolidWorks","Teamwork, Problem-Solving",Ambivert,4-8 LPA,No Certification,I prefer working in a team,Kinesthetic,Yes,Yes,Mechanical Engineer
B.Com,Commerce,8.14,"Financial Modeling, SQL","Attention to Detail, Analytical Skills",Extrovert,4-8 LPA,CFA,I prefer working alone,Read/Write,No,Yes,Financial Analyst
B.Tech,Computer Science,9.69,"Python, Git, SQL","Teamwork, Problem-Solving",Introvert,12+ LPA,No Certification,I prefer working alone,Kinesthetic,Yes,No,Software Developer
B.Com,Finance,8.45,"MS Excel, SQL, Financial Modeling","Analytical Skills, Attention to Detail",Extrovert,8-12 LPA,No Certification,I prefer working alone,Visual,No,No,Financial Analyst
B.Tech,Mechanical Engineering,7.38,"AutoCAD, MATLAB","Teamwork, Problem-Solving",Ambivert,4-8 LPA,Certified SOLIDWORKS Professional,I prefer working in a team,Kinesthetic,Maybe,Yes,Mechanical Engineer
BBA,Marketing,7.4,"Google Analytics, SEO, Digital Marketing, Social Media Management","Communication, Leadership",Extrovert,8-12 LPA,HubSpot Content Marketing,I prefer working in a team,Auditory,Maybe,No,Marketing Manager
B.A.,Fine Arts,7.71,"Adobe Photoshop, Figma","Attention to Detail, Creativity",Ambivert,Less than 4 LPA,No Certification,I like a mix of both,Kinesthetic,No,Yes,UI/UX Designer
B.Tech,Computer Science,8.89,"SQL, Java, Python, Git","Teamwork, Problem-Solving",Ambivert,8-12 LPA,Coursera - Python for Everybody,I prefer working alone,Visual,Maybe,No,Software Developer
BBA,Business Administration,8.03,"Google Analytics, SEO, Digital Marketing, Social Media Management","Leadership, Creativity",Extrovert,12+ LPA,Google Digital Marketing,I prefer working in a team,Visual,Maybe,No,Social Media Manager
B.Tech,Computer Science,9.33,"JavaScript, Java, Python, SQL, Git","Problem-Solving, Teamwork",Introvert,8-12 LPA,No Certification,I like a mix of both,Kinesthetic,Yes,No,Data Scientist
B.Tech,Computer Science,9.29,"Git, Java, Python, JavaScript, SQL","Problem-Solving, Teamwork",Introvert,12+ LPA,No Certification,I like a mix of both,Visual,Yes,No,Software Developer
B.Tech,Computer Science,9.32,"Java, JavaScript","Teamwork, Problem-Solving",Introvert,8-12 LPA,No Certification,I prefer working alone,Kinesthetic,Yes,No,Software Developer
B.Tech,Data Science,9.15,"R, Scikit-learn, SQL, Python","Critical Thinking, Problem-Solving",Introvert,8-12 LPA,IBM Data Science,I prefer working alone,Read/Write,Yes,Yes,Data Scientist
BBA,Marketing,8.35,"SEO, Google Analytics, Social Media Management, Digital Marketing","Communication, Leadership",Extrovert,8-12 LPA,Google Digital Marketing,I prefer working in a team,Auditory,Yes,No,Marketing Manager
B.Tech,Computer Science,9.18,"Python, SQL","Problem-Solving, Teamwork",Ambivert,12+ LPA,No Certification,I prefer working alone,Kinesthetic,Maybe,No,Software Developer
B.Des,Human-Computer Interaction,8.3,"Figma, Adobe XD, Sketch","Problem-Solving, Empathy",Ambivert,8-12 LPA,Nielsen Norman Group UX Certification,I like a mix of both,Visual,No,No,UI/UX Designer
B.Tech,Computer Science,9.77,"SQL, JavaScript, Java","Problem-Solving, Teamwork",Ambivert,12+ LPA,Coursera - Python for Everybody,I prefer working alone,Kinesthetic,Maybe,No,Software Developer
B.Tech,Computer Science,9.69,"Python, SQL, Git","Problem-Solving, Teamwork",Introvert,12+ LPA,Coursera - Python for Everybody,I like a mix of both,Visual,Maybe,No,Software Developer
B.Tech,Mechanical Engineering,7.23,"SolidWorks, MATLAB, AutoCAD","Problem-Solving, Teamwork",Ambivert,8-12 LPA,Certified SOLIDWORKS Professional,I prefer working in a team,Kinesthetic,Maybe,Yes,Mechanical Engineer
B.Com,Finance,9.19,"Financial Modeling, Tableau, SQL, MS Excel","Analytical Skills, Attention to Detail",Extrovert,8-12 LPA,CFA,I prefer working alone,Read/Write,No,Yes,Financial Analyst
B.Tech,Computer Science,9.01,"Python, Java","Teamwork, Problem-Solving",Ambivert,12+ LPA,Coursera - Python for Everybody,I prefer working alone,Kinesthetic,Yes,No,Software Developer
BBA,Marketing,8.42,"Social Media Management, Google Analytics, Digital Marketing, SEO","Leadership, Communication",Extrovert,8-12 LPA,Google Digital Marketing,I prefer working in a team,Visual,Maybe,No,Marketing Manager
B.Tech,Computer Science,9.74,"Java, SQL, Python, JavaScript","Teamwork, Problem-Solving",Ambivert,8-12 LPA,Coursera - Python for Everybody,I like a mix of both,Kinesthetic,Maybe,No,Software Developer
B.Des,Human-Computer Interaction,7.52,"User Research, Adobe XD","Empathy, Creativity",Ambivert,8-12 LPA,No Certification,I like a mix of both,Kinesthetic,No,No,UI/UX Designer
B.Des,Human-Computer Interaction,8.52,"Figma, Sketch, Adobe XD","Problem-Solving, Empathy",Ambivert,12+ LPA,No Certification,I like a mix of both,Kinesthetic,Yes,No,UI/UX Designer
B.A.,Graphic Design,7.49,"Adobe Illustrator, Figma, Adobe Photoshop","Creativity, Attention to Detail",Ambivert,Less than 4 LPA,No Certification,I like a mix of both,Visual,No,No,Graphic Designer
MBA,Marketing,8.24,"SEO, Digital Marketing, Social Media Management, Google Analytics","Communication, Creativity",Extrovert,8-12 LPA,Google Digital Marketing,I prefer working in a team,Auditory,Maybe,No,Marketing Manager
B.Des,Fine Arts,8.29,"Adobe Photoshop, Adobe Illustrator, Figma","Attention to Detail, Creativity",Introvert,4-8 LPA,Adobe Certified Expert (ACE),I prefer working alone,Visual,No,Yes,Graphic Designer
MBA,Marketing,7.34,"Social Media Management, Digital Marketing, Google Analytics","Leadership, Creativity",Extrovert,8-12 LPA,HubSpot Content Marketing,I prefer working in a team,Auditory,Maybe,No,Marketing Manager
BBA,Business Administration,8.66,"SEO, Digital Marketing, Social Media Management","Communication, Leadership",Extrovert,8-12 LPA,HubSpot Content Marketing,I prefer working in a team,Auditory,Maybe,No,Social Media Manager
B.Des,Graphic Design,8.91,"Sketch, Figma","Problem-Solving, Creativity",Ambivert,8-12 LPA,No Certification,I like a mix of both,Visual,Yes,No,UI/UX Designer
B.Tech,Computer Science,9.57,"Git, Python, Java, JavaScript, SQL","Problem-Solving, Teamwork",Ambivert,12+ LPA,No Certification,I prefer working alone,Visual,Maybe,No,Software Developer
B.Com,Finance,8.8,"Tableau, MS Excel","Attention to Detail, Analytical Skills",Ambivert,4-8 LPA,CFA,I prefer working alone,Read/Write,No,Yes,Financial Analyst
B.Des,Fine Arts,7.28,"Adobe Illustrator, Adobe Photoshop, Figma","Creativity, Attention to Detail",Ambivert,Less than 4 LPA,No Certification,I like a mix of both,Visual,No,No,Graphic Designer
B.A.,Fine Arts,6.68,"Adobe Illustrator, Adobe Photoshop, Figma","Creativity, Attention to Detail",Introvert,4-8 LPA,No Certification,I prefer working alone,Visual,No,Yes,Graphic Designer
MBA,Marketing,7.95,"Digital Marketing, Social Media Management, SEO, Google Analytics","Leadership, Communication",Extrovert,12+ LPA,Google Digital Marketing,I prefer working in a team,Auditory,Maybe,No,Social Media Manager
B.Tech,Computer Science,8.9,"JavaScript, Git","Problem-Solving, Teamwork",Ambivert,8-12 LPA,No Certification,I prefer working alone,Kinesthetic,Maybe,No,Software Developer
M.Tech,Computer Science,9.83,"PyTorch, NLP","Critical Thinking, Research",Introvert,12+ LPA,TensorFlow Developer,I prefer working alone,Read/Write,Yes,Yes,AI Specialist
B.Des,Graphic Design,7.11,"Figma, Adobe Photoshop, Adobe Illustrator","Creativity, Attention to Detail",Ambivert,4-8 LPA,No Certification,I prefer working alone,Visual,No,No,UI/UX Designer
M.Tech,AI & ML,9.07,"Python, NLP","Research, Critical Thinking",Introvert,12+ LPA,Deep Learning Specialization,I prefer working alone,Read/Write,Yes,Yes,AI Specialist
B.Des,Graphic Design,8.02,"Sketch, Figma, Adobe XD, User Research","Empathy, Creativity",Ambivert,12+ LPA,No Certification,I like a mix of both,Kinesthetic,Yes,No,UI/UX Designer
B.Tech,Computer Science,8.16,"Java, SQL, JavaScript, Python","Teamwork, Problem-Solving",Ambivert,12+ LPA,Coursera - Python for Everybody,I like a mix of both,Kinesthetic,Maybe,No,Software Developer
B.A.,Fine Arts,7.68,"Adobe Photoshop, Adobe Illustrator, Figma","Creativity, Attention to Detail",Ambivert,Less than 4 LPA,Adobe Certified Expert (ACE),I prefer working alone,Visual,No,Yes,Graphic Designer
Diploma,Mechanical Engineering,8.11,"AutoCAD, MATLAB","Teamwork, Problem-Solving",Ambivert,8-12 LPA,No Certification,I prefer working in a team,Kinesthetic,Yes,Yes,Mechanical Engineer
B.A.,Graphic Design,8.04,"Figma, Adobe Photoshop, Adobe Illustrator","Creativity, Attention to Detail",Introvert,Less than 4 LPA,No Certification,I prefer working alone,Visual,No,Yes,Graphic Designer
BBA,Marketing,7.11,"SEO, Google Analytics","Creativity, Communication",Extrovert,8-12 LPA,Google Digital Marketing,I prefer working in a team,Auditory,Maybe,No,Marketing Manager
B.Tech,Computer Science,8.82,"SQL, Git, Java, Python","Problem-Solving, Teamwork",Introvert,12+ LPA,No Certification,I like a mix of both,Visual,Maybe,No,Software Developer
B.Com,Finance,8.89,"SQL, Tableau, Financial Modeling","Analytical Skills, Attention to Detail",Ambivert,4-8 LPA,CFA,I prefer working alone,Read/Write,Maybe,No,Financial Analyst
MBA,Finance,8.92,"SQL, Financial Modeling","Analytical Skills, Attention to Detail",Ambivert,4-8 LPA,No Certification,I prefer working alone,Read/Write,Maybe,No,Business Analyst
BBA,Marketing,8.1,"Digital Marketing, Social Media Management, SEO, Google Analytics","Leadership, Creativity",Extrovert,8-12 LPA,Google Digital Marketing,I prefer working in a team,Auditory,Maybe,No,Marketing Manager
BBA,Marketing,8.01,"SEO, Google Analytics, Digital Marketing","Leadership, Communication",Extrovert,8-12 LPA,Google Digital Marketing,I prefer working in a team,Visual,Yes,No,Marketing Manager
B.Tech,Data Science,8.59,"SQL, Scikit-learn, R, TensorFlow, Python","Critical Thinking, Problem-Solving",Introvert,12+ LPA,Google Data Analytics,I prefer working alone,Read/Write,Yes,Yes,Data Scientist
M.Tech,Computer Science,9.02,"Python, TensorFlow, Computer Vision, NLP, PyTorch","Research, Critical Thinking",Introvert,12+ LPA,TensorFlow Developer,I prefer working alone,Read/Write,Yes,Yes,AI Specialist
B.A.,Graphic Design,7.38,"Figma, Adobe Illustrator","Creativity, Attention to Detail",Introvert,Less than 4 LPA,Adobe Certified Expert (ACE),I prefer working alone,Visual,No,Yes,UI/UX Designer
M.Tech,Computer Science,9.75,"TensorFlow, PyTorch, NLP","Research, Critical Thinking",Introvert,12+ LPA,Deep Learning Specialization,I prefer working alone,Read/Write,Yes,Yes,Data Scientist
B.Tech,Graphic Design,8.09,"Figma, Adobe XD, Sketch","Problem-Solving, Creativity",Ambivert,8-12 LPA,No Certification,I like a mix of both,Visual,Yes,No,UI/UX Designer
M.Tech,Computer Science,9.47,"TensorFlow, PyTorch, Computer Vision, Python","Research, Critical Thinking",Introvert,12+ LPA,TensorFlow Developer,I prefer working alone,Read/Write,Yes,Yes,Data Scientist
M.Tech,Computer Science,9.86,"NLP, PyTorch, TensorFlow, Computer Vision, Python","Research, Critical Thinking",Introvert,12+ LPA,Deep Learning Specialization,I prefer working alone,Read/Write,Yes,Yes,AI Specialist
M.Tech,Data Science,9.52,"TensorFlow, SQL, Python, Scikit-learn","Problem-Solving, Critical Thinking",Ambivert,8-12 LPA,Google Data Analytics,I prefer working alone,Read/Write,Yes,Yes,Data Scientist
B.Des,Human-Computer Interaction,8.18,"Sketch, Adobe XD","Problem-Solving, Creativity",Ambivert,12+ LPA,Nielsen Norman Group UX Certification,I like a mix of both,Kinesthetic,Yes,No,UI/UX Designer
MBA,Marketing,7.36,"Social Media Management, SEO","Creativity, Leadership",Extrovert,12+ LPA,HubSpot Content Marketing,I prefer working in a team,Auditory,Maybe,No,Marketing Manager
M.Tech,Computer Science,9.03,"NLP, TensorFlow","Research, Critical Thinking",Introvert,12+ LPA,Deep Learning Specialization,I prefer working alone,Read/Write,Yes,Yes,Data Scientist
BBA,Business Administration,8.06,"Google Analytics, Digital Marketing, SEO, Social Media Management","Creativity, Leadership",Extrovert,8-12 LPA,HubSpot Content Marketing,I prefer working in a team,Visual,Maybe,No,Social Media Manager
MBA,Marketing,7.3,"Digital Marketing, SEO, Social Media Management, Google Analytics","Leadership, Communication",Extrovert,12+ LPA,HubSpot Content Marketing,I prefer working in a team,Auditory,Yes,No,Marketing Manager
Diploma,Mechanical Engineering,7.87,"AutoCAD, MATLAB, SolidWorks","Teamwork, Problem-Solving",Ambivert,4-8 LPA,Certified SOLIDWORKS Professional,I prefer working in a team,Kinesthetic,Maybe,Yes,Mechanical Engineer
M.Tech,Computer Science,9.68,"TensorFlow, NLP, Python, Computer Vision, PyTorch","Critical Thinking, Research",Introvert,12+ LPA,TensorFlow Developer,I prefer working alone,Read/Write,Yes,Yes,AI Specialist
B.Tech,Data Science,9.11,"Python, SQL","Critical Thinking, Problem-Solving",Ambivert,8-12 LPA,IBM Data Science,I prefer working alone,Read/Write,Yes,Yes,Data Scientist
B.Tech,Mechanical Engineering,7.36,"SolidWorks, MATLAB, AutoCAD","Problem-Solving, Teamwork",Ambivert,4-8 LPA,No Certification,I prefer working in a team,Kinesthetic,Maybe,Yes,Mechanical Engineer
B.Tech,Mechanical Engineering,7.14,"SolidWorks, MATLAB","Problem-Solving, Teamwork",Ambivert,4-8 LPA,No Certification,I prefer working in a team,Kinesthetic,Maybe,Yes,Mechanical Engineer
B.Des,Fine Arts,6.56,"Adobe Photoshop, Adobe Illustrator","Attention to Detail, Creativity",Introvert,4-8 LPA,Adobe Certified Expert (ACE),I like a mix of both,Visual,No,No,Graphic Designer
B.Tech,Computer Science,9.67,"Git, Python","Problem-Solving, Teamwork",Introvert,8-12 LPA,Coursera - Python for Everybody,I like a mix of both,Kinesthetic,Maybe,No,Software Developer
B.Com,Commerce,8.84,"SQL, Financial Modeling, Tableau, MS Excel","Attention to Detail, Analytical Skills",Extrovert,4-8 LPA,CFA,I prefer working alone,Read/Write,No,No,Financial Analyst
B.Tech,Mechanical Engineering,7.76,"AutoCAD, SolidWorks","Problem-Solving, Teamwork",Ambivert,8-12 LPA,No Certification,I prefer working in a team,Kinesthetic,Yes,Yes,Mechanical Engineer
MBA,Finance,9.13,"SQL, Tableau, Financial Modeling, MS Excel","Analytical Skills, Attention to Detail",Ambivert,4-8 LPA,CFA,I prefer working alone,Visual,Maybe,No,Business Analyst
BBA,Business Administration,8.37,"Digital Marketing, Social Media Management","Creativity, Leadership",Extrovert,8-12 LPA,Google Digital Marketing,I prefer working in a team,Visual,Maybe,No,Marketing Manager
M.Tech,Computer Science,8.55,"Python, TensorFlow, R, SQL, Scikit-learn","Critical Thinking, Problem-Solving",Introvert,12+ LPA,Google Data Analytics,I prefer working alone,Read/Write,Yes,No,Data Scientist
B.Com,Finance,9.04,"Tableau, SQL, MS Excel","Attention to Detail, Analytical Skills",Extrovert,4-8 LPA,CFA,I prefer working alone,Read/Write,No,Yes,Financial Analyst
B.Tech,Graphic Design,8.24,"User Research, Adobe XD","Problem-Solving, Creativity",Ambivert,12+ LPA,No Certification,I like a mix of both,Visual,No,No,UI/UX Designer
B.Com,Finance,8.9,"SQL, Financial Modeling, Tableau, MS Excel","Analytical Skills, Attention to Detail",Extrovert,8-12 LPA,CFA,I prefer working alone,Visual,Maybe,Yes,Financial Analyst
B.Tech,Computer Science,9.47,"JavaScript, SQL, Python, Git","Teamwork, Problem-Solving",Introvert,8-12 LPA,No Certification,I like a mix of both,Kinesthetic,Maybe,No,Data Scientist
B.A.,Graphic Design,7.71,"Figma, Adobe Illustrator, Adobe Photoshop","Attention to Detail, Creativity",Ambivert,Less than 4 LPA,Adobe Certified Expert (ACE),I like a mix of both,Visual,No,Yes,Graphic Designer
B.Tech,Computer Science,8.94,"Python, TensorFlow, R, Scikit-learn, SQL","Critical Thinking, Problem-Solving",Introvert,8-12 LPA,Google Data Analytics,I prefer working alone,Visual,Yes,Yes,Data Scientist
B.Tech,Computer Science,8.04,"Git, Python, Java, SQL, JavaScript","Teamwork, Problem-Solving",Ambivert,12+ LPA,Coursera - Python for Everybody,I like a mix of both,Kinesthetic,Yes,No,Software Developer
BBA,Business Administration,8.55,"Digital Marketing, SEO","Creativity, Leadership",Extrovert,8-12 LPA,HubSpot Content Marketing,I prefer working in a team,Visual,Maybe,No,Marketing Manager
B.A.,Graphic Design,7.74,"Adobe Photoshop, Adobe Illustrator, Figma","Creativity, Attention to Detail",Introvert,Less than 4 LPA,No Certification,I prefer working alone,Kinesthetic,No,No,Graphic Designer
B.Tech,Graphic Design,8.13,"Figma, User Research, Adobe XD","Creativity, Empathy",Ambivert,12+ LPA,Nielsen Norman Group UX Certification,I like a mix of both,Visual,Yes,No,UI/UX Designer
MBA,Marketing,8.38,"SEO, Social Media Management","Creativity, Communication",Extrovert,8-12 LPA,Google Digital Marketing,I prefer working in a team,Auditory,Maybe,No,Social Media Manager
M.Tech,Computer Science,9.78,"PyTorch, Computer Vision, TensorFlow, NLP, Python","Research, Critical Thinking",Introvert,12+ LPA,Deep Learning Specialization,I prefer working alone,Read/Write,Yes,Yes,Data Scientist
M.Tech,AI & ML,9.87,"PyTorch, Python, Computer Vision, TensorFlow, NLP","Critical Thinking, Research",Introvert,12+ LPA,TensorFlow Developer,I prefer working alone,Read/Write,Yes,Yes,AI Specialist
M.Tech,AI & ML,9.03,"PyTorch, Computer Vision, TensorFlow, Python","Research, Critical Thinking",Introvert,12+ LPA,Deep Learning Specialization,I prefer working alone,Read/Write,Yes,Yes,AI Specialist
M.Tech,Computer Science,9.56,"Computer Vision, NLP","Research, Critical Thinking",Introvert,12+ LPA,TensorFlow Developer,I prefer working alone,Read/Write,Yes,Yes,AI Specialist
Diploma,Mechanical Engineering,7.06,"AutoCAD, SolidWorks","Teamwork, Problem-Solving",Ambivert,8-12 LPA,Certified SOLIDWORKS Professional,I prefer working in a team,Kinesthetic,Maybe,Yes,Mechanical Engineer
M.Tech,Computer Science,8.52,"SQL, Scikit-learn, R, Python","Problem-Solving, Critical Thinking",Ambivert,8-12 LPA,IBM Data Science,I prefer working alone,Read/Write,Yes,Yes,Data Scientist
MBA,Marketing,7.52,"Digital Marketing, SEO, Social Media Management","Creativity, Communication",Extrovert,12+ LPA,Google Digital Marketing,I prefer working in a team,Auditory,Maybe,No,Social Media Manager
MBA,Marketing,8.33,"Google Analytics, SEO, Digital Marketing, Social Media Management","Leadership, Communication",Extrovert,12+ LPA,HubSpot Content Marketing,I prefer working in a team,Visual,Yes,No,Social Media Manager
M.Tech,Data Science,8.73,"Scikit-learn, SQL, TensorFlow, Python, R","Critical Thinking, Problem-Solving",Ambivert,12+ LPA,IBM Data Science,I prefer working alone,Read/Write,Yes,No,Data Scientist
BBA,Business Administration,7.81,"SEO, Google Analytics, Digital Marketing","Communication, Creativity",Extrovert,12+ LPA,HubSpot Content Marketing,I prefer working in a team,Visual,Yes,No,Social Media Manager
B.Tech,Mechanical Engineering,7.31,"AutoCAD, MATLAB","Teamwork, Problem-Solving",Ambivert,8-12 LPA,Certified SOLIDWORKS Professional,I prefer working in a team,Kinesthetic,Maybe,Yes,Mechanical Engineer
B.Des,Human-Computer Interaction,9.07,"Figma, User Research","Problem-Solving, Creativity",Ambivert,12+ LPA,Nielsen Norman Group UX Certification,I like a mix of both,Visual,Yes,No,UI/UX Designer
MBA,Business Administration,8.74,"Digital Marketing, Google Analytics, SEO","Communication, Creativity",Extrovert,12+ LPA,Google Digital Marketing,I prefer working in a team,Visual,Maybe,No,Marketing Manager
B.Tech,Computer Science,8.98,"Python, Git, SQL, JavaScript","Problem-Solving, Teamwork",Ambivert,8-12 LPA,Coursera - Python for Everybody,I like a mix of both,Visual,Maybe,No,Software Developer
B.Des,Human-Computer Interaction,9.2,"Sketch, Adobe XD","Empathy, Problem-Solving",Ambivert,8-12 LPA,No Certification,I like a mix of both,Kinesthetic,Yes,No,UI/UX Designer
MBA,Commerce,8.93,"MS Excel, SQL","Attention to Detail, Analytical Skills",Extrovert,4-8 LPA,No Certification,I prefer working alone,Visual,No,Yes,Financial Analyst
M.Tech,Data Science,9.76,"SQL, TensorFlow, R","Problem-Solving, Critical Thinking",Introvert,12+ LPA,IBM Data Science,I prefer working alone,Visual,Yes,Yes,Data Scientist
M.Tech,AI & ML,9.16,"Python, PyTorch, Computer Vision","Research, Critical Thinking",Introvert,12+ LPA,TensorFlow Developer,I prefer working alone,Read/Write,Yes,Yes,Data Scientist
B.Des,Graphic Design,8.77,"Adobe XD, Sketch, User Research, Figma","Problem-Solving, Empathy",Ambivert,12+ LPA,Nielsen Norman Group UX Certification,I like a mix of both,Kinesthetic,Yes,No,Graphic Designer
B.Tech,Human-Computer Interaction,8.2,"Figma, User Research, Sketch, Adobe XD","Empathy, Problem-Solving",Ambivert,12+ LPA,Nielsen Norman Group UX Certification,I like a mix of both,Visual,Yes,No,Graphic Designer
B.Des,Human-Computer Interaction,8.52,"Sketch, User Research, Figma, Adobe XD","Problem-Solving, Empathy",Ambivert,8-12 LPA,Nielsen Norman Group UX Certification,I like a mix of both,Visual,No,No,Graphic Designer
B.Tech,Computer Science,8.56,"R, Scikit-learn, TensorFlow, SQL, Python","Problem-Solving, Critical Thinking",Introvert,12+ LPA,Google Data Analytics,I prefer working alone,Read/Write,Yes,Yes,Data Scientist
M.Tech,AI & ML,9.99,"TensorFlow, Computer Vision, NLP, PyTorch, Python","Research, Critical Thinking",Introvert,12+ LPA,TensorFlow Developer,I prefer working alone,Read/Write,Yes,Yes,AI Specialist
B.Tech,Mechanical Engineering,8.08,"MATLAB, AutoCAD, SolidWorks","Teamwork, Problem-Solving",Ambivert,8-12 LPA,Certified SOLIDWORKS Professional,I prefer working in a team,Kinesthetic,Maybe,Yes,Mechanical Engineer
MBA,Marketing,7.84,"Google Analytics, Social Media Management","Leadership, Communication",Extrovert,12+ LPA,Google Digital Marketing,I prefer working in a team,Auditory,Maybe,No,Social Media Manager
M.Tech,AI & ML,9.67,"Computer Vision, Python, NLP","Research, Critical Thinking",Introvert,12+ LPA,Deep Learning Specialization,I prefer working alone,Read/Write,Yes,Yes,AI Specialist
B.Tech,Computer Science,9.16,"JavaScript, Java, SQL, Python","Problem-Solving, Teamwork",Introvert,12+ LPA,Coursera - Python for Everybody,I like a mix of both,Kinesthetic,Maybe,No,Software Developer
B.Tech,Computer Science,9.41,"Git, SQL, Java, JavaScript, Python","Teamwork, Problem-Solving",Ambivert,8-12 LPA,No Certification,I prefer working alone,Visual,Yes,No,Data Scientist
B.Tech,Human-Computer Interaction,8.68,"User Research, Figma, Sketch, Adobe XD","Empathy, Problem-Solving",Ambivert,8-12 LPA,No Certification,I like a mix of both,Visual,Yes,No,Graphic Designer
B.Tech,Mechanical Engineering,8.1,"SolidWorks, MATLAB","Teamwork, Problem-Solving",Ambivert,8-12 LPA,No Certification,I prefer working in a team,Kinesthetic,Yes,Yes,Mechanical Engineer
B.Des,Fine Arts,7.7,"Adobe Illustrator, Figma","Attention to Detail, Creativity",Ambivert,Less than 4 LPA,Adobe Certified Expert (ACE),I prefer working alone,Kinesthetic,No,Yes,UI/UX Designer
Diploma,Mechanical Engineering,8.38,"MATLAB, AutoCAD","Problem-Solving, Teamwork",Ambivert,8-12 LPA,No Certification,I prefer working in a team,Kinesthetic,Yes,Yes,Mechanical Engineer
B.Tech,Mechanical Engineering,7.35,"AutoCAD, SolidWorks","Problem-Solving, Teamwork",Ambivert,8-12 LPA,No Certification,I prefer working in a team,Kinesthetic,Yes,Yes,Mechanical Engineer
MBA,Business Administration,8.65,"Digital Marketing, SEO, Social Media Management, Google Analytics","Leadership, Creativity",Extrovert,12+ LPA,Google Digital Marketing,I prefer working in a team,Visual,Yes,No,Marketing Manager
B.Tech,Graphic Design,9.17,"Sketch, User Research, Figma","Problem-Solving, Empathy",Ambivert,12+ LPA,No Certification,I like a mix of both,Kinesthetic,Yes,No,UI/UX Designer
B.Tech,Computer Science,9.53,"Java, Python, Git, JavaScript, SQL","Problem-Solving, Teamwork",Ambivert,8-12 LPA,Coursera - Python for Everybody,I prefer working alone,Visual,Yes,No,Software Developer
B.Tech,Human-Computer Interaction,8.67,"Sketch, User Research, Figma","Creativity, Problem-Solving",Ambivert,12+ LPA,No Certification,I like a mix of both,Visual,Yes,No,UI/UX Designer
B.A.,Graphic Design,8.42,"Figma, Adobe Illustrator","Creativity, Attention to Detail",Introvert,4-8 LPA,No Certification,I prefer working alone,Kinesthetic,No,No,Graphic Designer
B.Tech,Computer Science,8.53,"JavaScript, Git, SQL, Python","Problem-Solving, Teamwork",Ambivert,8-12 LPA,Coursera - Python for Everybody,I like a mix of both,Visual,Yes,No,Data Scientist
M.Tech,Computer Science,9.43,"Computer Vision, Python, NLP, TensorFlow, PyTorch","Research, Critical Thinking",Introvert,12+ LPA,Deep Learning Specialization,I prefer working alone,Read/Write,Yes,Yes,AI Specialist
B.Tech,Computer Science,8.24,"SQL, Git, Python, Java, JavaScript","Teamwork, Problem-Solving",Introvert,12+ LPA,Coursera - Python for Everybody,I prefer working alone,Visual,Maybe,No,Software Developer
B.Tech,Computer Science,9.2,"JavaScript, Python","Problem-Solving, Teamwork",Introvert,8-12 LPA,No Certification,I like a mix of both,Visual,Yes,No,Data Scientist
B.Tech,Computer Science,8.71,"Python, Java, SQL","Problem-Solving, Teamwork",Introvert,8-12 LPA,No Certification,I like a mix of both,Visual,Yes,No,Data Scientist
B.Com,Commerce,9.13,"Financial Modeling, MS Excel","Analytical Skills, Attention to Detail",Ambivert,8-12 LPA,CFA,I prefer working alone,Visual,Maybe,Yes,Business Analyst
M.Tech,Computer Science,9.77,"TensorFlow, Scikit-learn, Python","Problem-Solving, Critical Thinking",Ambivert,8-12 LPA,Google Data Analytics,I prefer working alone,Read/Write,Yes,Yes,Data Scientist
BBA,Business Administration,8.8,"SEO, Google Analytics","Communication, Leadership",Extrovert,12+ LPA,HubSpot Content Marketing,I prefer working in a team,Auditory,Yes,No,Social Media Manager
B.Des,Fine Arts,6.55,"Adobe Photoshop, Figma","Attention to Detail, Creativity",Introvert,4-8 LPA,Adobe Certified Expert (ACE),I like a mix of both,Kinesthetic,No,No,Graphic Designer
M.Tech,Data Science,8.96,"R, TensorFlow, SQL","Problem-Solving, Critical Thinking",Introvert,12+ LPA,IBM Data Science,I prefer working alone,Read/Write,Yes,No,AI Specialist
B.Tech,Graphic Design,9.1,"Adobe XD, Sketch, User Research","Problem-Solving, Empathy",Ambivert,8-12 LPA,No Certification,I like a mix of both,Kinesthetic,No,No,UI/UX Designer
B.Tech,Human-Computer Interaction,8.56,"Sketch, Figma","Empathy, Creativity",Ambivert,12+ LPA,Nielsen Norman Group UX Certification,I like a mix of both,Visual,Yes,No,UI/UX Designer
B.A.,Graphic Design,8.01,"Adobe Illustrator, Figma, Adobe Photoshop","Attention to Detail, Creativity",Introvert,4-8 LPA,Adobe Certified Expert (ACE),I like a mix of both,Kinesthetic,No,Yes,Graphic Designer
B.Des,Fine Arts,8.73,"Figma, Adobe Illustrator","Creativity, Attention to Detail",Ambivert,Less than 4 LPA,Adobe Certified Expert (ACE),I like a mix of both,Kinesthetic,No,No,Graphic Designer
B.A.,Fine Arts,6.56,"Figma, Adobe Illustrator","Creativity, Attention to Detail",Ambivert,4-8 LPA,Adobe Certified Expert (ACE),I like a mix of both,Kinesthetic,No,No,Graphic Designer
M.Tech,Computer Science,8.96,"SQL, TensorFlow, R, Scikit-learn","Critical Thinking, Problem-Solving",Ambivert,12+ LPA,IBM Data Science,I prefer working alone,Read/Write,Yes,Yes,Data Scientist
MBA,Business Administration,8.36,"Google Analytics, Digital Marketing, Social Media Management","Communication, Leadership",Extrovert,12+ LPA,Google Digital Marketing,I prefer working in a team,Auditory,Maybe,No,Marketing Manager
M.Tech,AI & ML,9.13,"Python, PyTorch, NLP, TensorFlow, Computer Vision","Research, Critical Thinking",Introvert,12+ LPA,Deep Learning Specialization,I prefer working alone,Read/Write,Yes,Yes,Data Scientist
M.Tech,Computer Science,9.79,"NLP, PyTorch","Critical Thinking, Research",Introvert,12+ LPA,TensorFlow Developer,I prefer working alone,Read/Write,Yes,Yes,AI Specialist
B.Com,Commerce,8.01,"SQL, Tableau, MS Excel, Financial Modeling","Attention to Detail, Analytical Skills",Ambivert,4-8 LPA,No Certification,I prefer working alone,Visual,No,No,Financial Analyst
M.Tech,AI & ML,9.61,"PyTorch, Python, Computer Vision","Research, Critical Thinking",Introvert,12+ LPA,TensorFlow Developer,I prefer working alone,Read/Write,Yes,Yes,Data Scientist
B.Tech,Computer Science,8.54,"R, TensorFlow","Critical Thinking, Problem-Solving",Ambivert,12+ LPA,Google Data Analytics,I prefer working alone,Read/Write,Yes,No,AI Specialist
B.Des,Graphic Design,8.84,"Sketch, Figma, User Research, Adobe XD","Empathy, Problem-Solving",Ambivert,8-12 LPA,Nielsen Norman Group UX Certification,I like a mix of both,Kinesthetic,Yes,No,UI/UX Designer
B.Tech,Computer Science,8.58,"Git, JavaScript, Python","Teamwork, Problem-Solving",Ambivert,8-12 LPA,Coursera - Python for Everybody,I prefer working alone,Visual,Yes,No,Software Developer
B.Des,Graphic Design,7.69,"Adobe Illustrator, Figma","Attention to Detail, Creativity",Introvert,4-8 LPA,No Certification,I prefer working alone,Kinesthetic,No,No,Graphic Designer
MBA,Business Administration,8.57,"Social Media Management, Digital Marketing","Leadership, Communication",Extrovert,8-12 LPA,Google Digital Marketing,I prefer working in a team,Visual,Yes,No,Social Media Manager
B.Tech,Data Science,9.14,"SQL, R, Scikit-learn","Critical Thinking, Problem-Solving",Ambivert,12+ LPA,Google Data Analytics,I prefer working alone,Read/Write,Yes,No,Data Scientist
B.Com,Commerce,7.62,"SQL, MS Excel","Attention to Detail, Analytical Skills",Ambivert,8-12 LPA,No Certification,I prefer working alone,Visual,No,No,Financial Analyst
M.Tech,AI & ML,9.55,"NLP, Python, PyTorch, TensorFlow, Computer Vision","Research, Critical Thinking",Introvert,12+ LPA,TensorFlow Developer,I prefer working alone,Read/Write,Yes,Yes,AI Specialist
B.Com,Finance,8.59,"Financial Modeling, SQL, MS Excel, Tableau","Attention to Detail, Analytical Skills",Ambivert,8-12 LPA,CFA,I prefer working alone,Read/Write,Maybe,Yes,Financial Analyst
MBA,Business Administration,7.52,"Google Analytics, Social Media Management, Digital Marketing, SEO","Leadership, Communication",Extrovert,8-12 LPA,Google Digital Marketing,I prefer working in a team,Auditory,Maybe,No,Marketing Manager
B.Tech,Computer Science,9.28,"JavaScript, Python","Teamwork, Problem-Solving",Ambivert,12+ LPA,Coursera - Python for Everybody,I prefer working alone,Kinesthetic,Maybe,No,Data Scientist
B.Des,Graphic Design,8.26,"Figma, User Research, Sketch","Problem-Solving, Empathy",Ambivert,12+ LPA,Nielsen Norman Group UX Certification,I like a mix of both,Visual,No,No,UI/UX Designer
B.A.,Fine Arts,8.75,"Adobe Illustrator, Adobe Photoshop","Attention to Detail, Creativity",Ambivert,Less than 4 LPA,No Certification,I like a mix of both,Kinesthetic,No,Yes,Graphic Designer
B.Tech,Data Science,8.97,"TensorFlow, Python, SQL, Scikit-learn","Problem-Solving, Critical Thinking",Ambivert,12+ LPA,IBM Data Science,I prefer working alone,Visual,Yes,No,Data Scientist
B.Tech,Computer Science,8.03,"SQL, Git, Python, JavaScript","Problem-Solving, Teamwork",Ambivert,8-12 LPA,Coursera - Python for Everybody,I like a mix of both,Kinesthetic,Yes,No,Data Scientist
M.Tech,AI & ML,9.78,"NLP, Python, PyTorch","Research, Critical Thinking",Introvert,12+ LPA,Deep Learning Specialization,I prefer working alone,Read/Write,Yes,Yes,Data Scientist
M.Tech,Computer Science,9.67,"TensorFlow, Python, PyTorch, Computer Vision","Critical Thinking, Research",Introvert,12+ LPA,TensorFlow Developer,I prefer working alone,Read/Write,Yes,Yes,AI Specialist
B.A.,Graphic Design,6.76,"Adobe Photoshop, Figma, Adobe Illustrator","Attention to Detail, Creativity",Ambivert,Less than 4 LPA,No Certification,I prefer working alone,Visual,No,Yes,Graphic Designer
B.Tech,Computer Science,8.05,"Python, SQL, Java","Teamwork, Problem-Solving",Introvert,12+ LPA,Coursera - Python for Everybody,I prefer working alone,Visual,Maybe,No,Software Developer
Diploma,Mechanical Engineering,8.73,"AutoCAD, SolidWorks, MATLAB","Problem-Solving, Teamwork",Ambivert,8-12 LPA,Certified SOLIDWORKS Professional,I prefer working in a team,Kinesthetic,Maybe,Yes,Mechanical Engineer
M.Tech,AI & ML,8.81,"NLP, PyTorch, TensorFlow, Python, Computer Vision","Critical Thinking, Research",Introvert,12+ LPA,TensorFlow Developer,I prefer working alone,Read/Write,Yes,Yes,AI Specialist
B.Com,Commerce,8.93,"Tableau, MS Excel, SQL","Analytical Skills, Attention to Detail",Ambivert,8-12 LPA,CFA,I prefer working alone,Read/Write,Maybe,No,Financial Analyst
M.Tech,AI & ML,9.61,"PyTorch, TensorFlow","Critical Thinking, Research",Introvert,12+ LPA,Deep Learning Specialization,I prefer working alone,Read/Write,Yes,Yes,AI Specialist
MBA,Marketing,8.8,"SEO, Digital Marketing, Google Analytics, Social Media Management","Communication, Leadership",Extrovert,12+ LPA,HubSpot Content Marketing,I prefer working in a team,Visual,Maybe,No,Marketing Manager
B.Des,Graphic Design,7.6,"Adobe Illustrator, Figma, Adobe Photoshop","Attention to Detail, Creativity",Introvert,4-8 LPA,Adobe Certified Expert (ACE),I prefer working alone,Kinesthetic,No,No,UI/UX Designer
B.Tech,Graphic Design,8.92,"Adobe XD, User Research, Sketch, Figma","Empathy, Creativity",Ambivert,12+ LPA,No Certification,I like a mix of both,Visual,No,No,UI/UX Designer
B.A.,Fine Arts,6.79,"Adobe Illustrator, Figma","Attention to Detail, Creativity",Introvert,4-8 LPA,No Certification,I prefer working alone,Kinesthetic,No,Yes,Graphic Designer
B.Tech,Mechanical Engineering,7.21,"AutoCAD, MATLAB","Teamwork, Problem-Solving",Ambivert,4-8 LPA,Certified SOLIDWORKS Professional,I prefer working in a team,Kinesthetic,Yes,Yes,Mechanical Engineer
MBA,Commerce,8.42,"Financial Modeling, MS Excel","Analytical Skills, Attention to Detail",Extrovert,8-12 LPA,No Certification,I prefer working alone,Read/Write,No,No,Financial Analyst
MBA,Finance,8.96,"SQL, Tableau, Financial Modeling","Attention to Detail, Analytical Skills",Extrovert,8-12 LPA,No Certification,I prefer working alone,Visual,Maybe,No,Financial Analyst
M.Tech,Computer Science,9.93,"NLP, TensorFlow","Critical Thinking, Research",Introvert,12+ LPA,Deep Learning Specialization,I prefer working alone,Read/Write,Yes,Yes,AI Specialist
B.A.,Fine Arts,8.23,"Adobe Photoshop, Adobe Illustrator","Creativity, Attention to Detail",Introvert,4-8 LPA,Adobe Certified Expert (ACE),I prefer working alone,Kinesthetic,No,Yes,Graphic Designer
B.Com,Commerce,7.86,"SQL, Financial Modeling, MS Excel","Analytical Skills, Attention to Detail",Ambivert,8-12 LPA,CFA,I prefer working alone,Read/Write,Maybe,Yes,Financial Analyst
B.Tech,Computer Science,8.91,"Java, Python","Teamwork, Problem-Solving",Ambivert,8-12 LPA,Coursera - Python for Everybody,I like a mix of both,Visual,Maybe,No,Software Developer
B.Tech,Data Science,9.45,"TensorFlow, R, SQL, Scikit-learn","Critical Thinking, Problem-Solving",Ambivert,12+ LPA,Google Data Analytics,I prefer working alone,Visual,Yes,No,AI Specialist
B.Tech,Data Science,9.22,"R, Python, SQL","Problem-Solving, Critical Thinking",Ambivert,12+ LPA,Google Data Analytics,I prefer working alone,Visual,Yes,Yes,Data Scientist
B.Des,Graphic Design,8.77,"User Research, Adobe XD, Figma","Empathy, Problem-Solving",Ambivert,12+ LPA,No Certification,I like a mix of both,Visual,No,No,Graphic Designer
B.Tech,Computer Science,9.61,"SQL, Python","Problem-Solving, Teamwork",Introvert,8-12 LPA,Coursera - Python for Everybody,I like a mix of both,Kinesthetic,Maybe,No,Software Developer
B.Tech,Computer Science,9.49,"Java, SQL, JavaScript","Problem-Solving, Teamwork",Introvert,12+ LPA,No Certification,I prefer working alone,Kinesthetic,Yes,No,Software Developer
Diploma,Mechanical Engineering,8.37,"MATLAB, SolidWorks, AutoCAD","Problem-Solving, Teamwork",Ambivert,8-12 LPA,Certified SOLIDWORKS Professional,I prefer working in a team,Kinesthetic,Yes,Yes,Mechanical Engineer
BBA,Business Administration,8.01,"SEO, Google Analytics, Social Media Management","Communication, Leadership",Extrovert,12+ LPA,HubSpot Content Marketing,I prefer working in a team,Visual,Maybe,No,Marketing Manager
M.Tech,Computer Science,8.94,"TensorFlow, R, Scikit-learn, Python, SQL","Problem-Solving, Critical Thinking",Introvert,12+ LPA,IBM Data Science,I prefer working alone,Read/Write,Yes,Yes,Data Scientist
M.Tech,Data Science,9.4,"Scikit-learn, TensorFlow, SQL","Problem-Solving, Critical Thinking",Ambivert,12+ LPA,Google Data Analytics,I prefer working alone,Visual,Yes,No,Data Scientist
MBA,Finance,8.21,"MS Excel, SQL","Attention to Detail, Analytical Skills",Extrovert,8-12 LPA,CFA,I prefer working alone,Read/Write,No,No,Financial Analyst
B.Des,Graphic Design,6.63,"Adobe Photoshop, Adobe Illustrator, Figma","Creativity, Attention to Detail",Ambivert,Less than 4 LPA,No Certification,I prefer working alone,Kinesthetic,No,Yes,Graphic Designer
M.Tech,Data Science,9.59,"Scikit-learn, Python, R","Problem-Solving, Critical Thinking",Introvert,8-12 LPA,Google Data Analytics,I prefer working alone,Read/Write,Yes,No,AI Specialist
M.Tech,Data Science,8.88,"TensorFlow, Scikit-learn, R","Problem-Solving, Critical Thinking",Introvert,12+ LPA,Google Data Analytics,I prefer working alone,Visual,Yes,No,Data Scientist
B.A.,Graphic Design,8.05,"Figma, Adobe Photoshop, Adobe Illustrator","Attention to Detail, Creativity",Introvert,Less than 4 LPA,Adobe Certified Expert (ACE),I prefer working alone,Visual,No,No,Graphic Designer
B.Des,Graphic Design,8.28,"Adobe Illustrator, Adobe Photoshop, Figma","Attention to Detail, Creativity",Ambivert,Less than 4 LPA,Adobe Certified Expert (ACE),I prefer working alone,Visual,No,Yes,Graphic Designer
B.Tech,Computer Science,8.22,"JavaScript, SQL, Git, Java, Python","Problem-Solving, Teamwork",Ambivert,8-12 LPA,No Certification,I prefer working alone,Kinesthetic,Yes,No,Software Developer
B.Tech,Data Science,9.34,"Scikit-learn, TensorFlow","Critical Thinking, Problem-Solving",Ambivert,12+ LPA,Google Data Analytics,I prefer working alone,Visual,Yes,Yes,Data Scientist
M.Tech,Computer Science,9.66,"TensorFlow, R, Python, Scikit-learn, SQL","Critical Thinking, Problem-Solving",Introvert,8-12 LPA,Google Data Analytics,I prefer working alone,Visual,Yes,No,Data Scientist
MBA,Commerce,7.76,"MS Excel, Financial Modeling, Tableau","Analytical Skills, Attention to Detail",Ambivert,4-8 LPA,CFA,I prefer working alone,Visual,Maybe,No,Financial Analyst
M.Tech,Computer Science,9.52,"TensorFlow, Scikit-learn, Python, SQL","Critical Thinking, Problem-Solving",Introvert,8-12 LPA,IBM Data Science,I prefer working alone,Read/Write,Yes,Yes,AI Specialist
B.Com,Commerce,7.97,"Financial Modeling, MS Excel","Analytical Skills, Attention to Detail",Extrovert,4-8 LPA,No Certification,I prefer working alone,Read/Write,Maybe,No,Financial Analyst
M.Tech,Computer Science,9.76,"Computer Vision, TensorFlow","Research, Critical Thinking",Introvert,12+ LPA,TensorFlow Developer,I prefer working alone,Read/Write,Yes,Yes,AI Specialist
MBA,Finance,8.36,"Tableau, SQL, Financial Modeling","Attention to Detail, Analytical Skills",Ambivert,4-8 LPA,CFA,I prefer working alone,Read/Write,No,Yes,Financial Analyst
B.Tech,Computer Science,9.04,"JavaScript, Python, SQL, Git, Java","Teamwork, Problem-Solving",Introvert,12+ LPA,Coursera - Python for Everybody,I like a mix of both,Kinesthetic,Yes,No,Software Developer
B.Tech,Computer Science,8.78,"Python, Java, SQL, Git, JavaScript","Problem-Solving, Teamwork",Introvert,8-12 LPA,No Certification,I prefer working alone,Visual,Maybe,No,Data Scientist
B.Des,Graphic Design,8.83,"Figma, Adobe XD","Problem-Solving, Empathy",Ambivert,8-12 LPA,No Certification,I like a mix of both,Kinesthetic,No,No,UI/UX Designer
MBA,Finance,7.91,"MS Excel, SQL, Financial Modeling","Analytical Skills, Attention to Detail",Ambivert,4-8 LPA,CFA,I prefer working alone,Read/Write,Maybe,No,Financial Analyst
Diploma,Mechanical Engineering,8.94,"SolidWorks, AutoCAD, MATLAB","Problem-Solving, Teamwork",Ambivert,8-12 LPA,No Certification,I prefer working in a team,Kinesthetic,Yes,Yes,Mechanical Engineer
B.Des,Graphic Design,7.66,"Figma, Sketch, User Research, Adobe XD","Empathy, Creativity",Ambivert,12+ LPA,Nielsen Norman Group UX Certification,I like a mix of both,Kinesthetic,No,No,UI/UX Designer
B.Des,Human-Computer Interaction,8.85,"Adobe XD, Sketch","Creativity, Problem-Solving",Ambivert,12+ LPA,No Certification,I like a mix of both,Kinesthetic,No,No,UI/UX Designer
B.Tech,Computer Science,9.46,"JavaScript, Git","Teamwork, Problem-Solving",Ambivert,12+ LPA,No Certification,I prefer working alone,Kinesthetic,Yes,No,Software Developer
B.Tech,Graphic Design,7.58,"Sketch, User Research, Figma","Problem-Solving, Empathy",Ambivert,8-12 LPA,No Certification,I like a mix of both,Kinesthetic,No,No,UI/UX Designer
B.Com,Commerce,7.69,"Financial Modeling, SQL","Attention to Detail, Analytical Skills",Ambivert,8-12 LPA,CFA,I prefer working alone,Read/Write,No,No,Financial Analyst
B.Tech,Computer Science,8.74,"Git, Python","Problem-Solving, Teamwork",Ambivert,12+ LPA,Coursera - Python for Everybody,I prefer working alone,Visual,Yes,No,Software Developer
M.Tech,AI & ML,8.89,"Python, Computer Vision, NLP, PyTorch, TensorFlow","Critical Thinking, Research",Introvert,12+ LPA,Deep Learning Specialization,I prefer working alone,Read/Write,Yes,Yes,AI Specialist
B.Tech,Computer Science,8.06,"JavaScript, Git","Teamwork, Problem-Solving",Ambivert,12+ LPA,No Certification,I prefer working alone,Kinesthetic,Maybe,No,Software Developer
M.Tech,Computer Science,8.86,"Python, Computer Vision, PyTorch","Research, Critical Thinking",Introvert,12+ LPA,TensorFlow Developer,I prefer working alone,Read/Write,Yes,Yes,AI Specialist
B.Tech,Computer Science,8.2,"Git, SQL, JavaScript","Problem-Solving, Teamwork",Introvert,12+ LPA,No Certification,I like a mix of both,Visual,Yes,No,Software Developer
B.Tech,Computer Science,8.82,"R, Scikit-learn","Problem-Solving, Critical Thinking",Introvert,12+ LPA,Google Data Analytics,I prefer working alone,Visual,Yes,No,Data Scientist
B.Com,Commerce,7.69,"MS Excel, SQL, Financial Modeling, Tableau","Analytical Skills, Attention to Detail",Ambivert,8-12 LPA,No Certification,I prefer working alone,Read/Write,Maybe,No,Financial Analyst
BBA,Business Administration,8.81,"SEO, Google Analytics, Digital Marketing","Communication, Creativity",Extrovert,8-12 LPA,Google Digital Marketing,I prefer working in a team,Visual,Maybe,No,Marketing Manager
B.Tech,Computer Science,9.47,"Git, JavaScript, Python, SQL","Teamwork, Problem-Solving",Ambivert,8-12 LPA,Coursera - Python for Everybody,I like a mix of both,Kinesthetic,Yes,No,Software Developer
M.Tech,AI & ML,9.14,"PyTorch, TensorFlow","Research, Critical Thinking",Introvert,12+ LPA,Deep Learning Specialization,I prefer working alone,Read/Write,Yes,Yes,AI Specialist
Diploma,Mechanical Engineering,8.54,"AutoCAD, MATLAB","Teamwork, Problem-Solving",Ambivert,4-8 LPA,No Certification,I prefer working in a team,Kinesthetic,Maybe,Yes,Mechanical Engineer
MBA,Marketing,7.18,"Google Analytics, Digital Marketing, Social Media Management, SEO","Creativity, Leadership",Extrovert,12+ LPA,Google Digital Marketing,I prefer working in a team,Visual,Maybe,No,Social Media Manager
Diploma,Mechanical Engineering,7.55,"SolidWorks, AutoCAD, MATLAB","Problem-Solving, Teamwork",Ambivert,8-12 LPA,No Certification,I prefer working in a team,Kinesthetic,Maybe,Yes,Mechanical Engineer
B.Tech,Graphic Design,9.17,"User Research, Sketch, Figma, Adobe XD","Empathy, Problem-Solving",Ambivert,8-12 LPA,No Certification,I like a mix of both,Kinesthetic,Yes,No,UI/UX Designer
Diploma,Mechanical Engineering,7.57,"MATLAB, AutoCAD, SolidWorks","Problem-Solving, Teamwork",Ambivert,4-8 LPA,No Certification,I prefer working in a team,Kinesthetic,Yes,Yes,Mechanical Engineer
B.Tech,Computer Science,9.3,"Scikit-learn, R","Problem-Solving, Critical Thinking",Introvert,12+ LPA,Google Data Analytics,I prefer working alone,Read/Write,Yes,Yes,Data Scientist
Diploma,Mechanical Engineering,7.85,"AutoCAD, SolidWorks, MATLAB","Problem-Solving, Teamwork",Ambivert,8-12 LPA,Certified SOLIDWORKS Professional,I prefer working in a team,Kinesthetic,Maybe,Yes,Mechanical Engineer
MBA,Marketing,7.76,"Social Media Management, Google Analytics","Leadership, Communication",Extrovert,8-12 LPA,HubSpot Content Marketing,I prefer working in a team,Visual,Yes,No,Marketing Manager
M.Tech,AI & ML,9.62,"TensorFlow, PyTorch, Computer Vision, NLP, Python","Critical Thinking, Research",Introvert,12+ LPA,Deep Learning Specialization,I prefer working alone,Read/Write,Yes,Yes,AI Specialist
B.Tech,Computer Science,8.17,"Java, SQL, JavaScript, Git","Teamwork, Problem-Solving",Introvert,8-12 LPA,No Certification,I prefer working alone,Visual,Maybe,No,Software Developer
B.Tech,Data Science,9.8,"TensorFlow, R, Python","Problem-Solving, Critical Thinking",Introvert,8-12 LPA,IBM Data Science,I prefer working alone,Visual,Yes,No,Data Scientist
M.Tech,Computer Science,9.91,"TensorFlow, Python, PyTorch","Critical Thinking, Research",Introvert,12+ LPA,Deep Learning Specialization,I prefer working alone,Read/Write,Yes,Yes,AI Specialist
B.Des,Graphic Design,8.81,"User Research, Figma, Adobe XD","Empathy, Problem-Solving",Ambivert,12+ LPA,Nielsen Norman Group UX Certification,I like a mix of both,Visual,No,No,UI/UX Designer
MBA,Commerce,7.95,"Tableau, MS Excel","Attention to Detail, Analytical Skills",Extrovert,8-12 LPA,No Certification,I prefer working alone,Read/Write,No,No,Financial Analyst
B.Tech,Computer Science,9.11,"SQL, R","Critical Thinking, Problem-Solving",Introvert,8-12 LPA,IBM Data Science,I prefer working alone,Visual,Yes,No,Data Scientist
M.Tech,AI & ML,8.89,"TensorFlow, Computer Vision","Critical Thinking, Research",Introvert,12+ LPA,Deep Learning Specialization,I prefer working alone,Read/Write,Yes,Yes,AI Specialist
B.Tech,Computer Science,8.22,"Git, Java, Python, JavaScript","Problem-Solving, Teamwork",Introvert,8-12 LPA,No Certification,I prefer working alone,Kinesthetic,Yes,No,Data Scientist
B.A.,Graphic Design,8.3,"Adobe Illustrator, Figma","Attention to Detail, Creativity",Introvert,4-8 LPA,No Certification,I like a mix of both,Visual,No,Yes,UI/UX Designer
Diploma,Mechanical Engineering,8.2,"SolidWorks, AutoCAD, MATLAB","Problem-Solving, Teamwork",Ambivert,4-8 LPA,No Certification,I prefer working in a team,Kinesthetic,Maybe,Yes,Civil Engineer
B.Des,Graphic Design,8.25,"User Research, Sketch, Figma","Empathy, Problem-Solving",Ambivert,8-12 LPA,Nielsen Norman Group UX Certification,I like a mix of both,Kinesthetic,No,No,UI/UX Designer
B.A.,Graphic Design,7.46,"Figma, Adobe Photoshop, Adobe Illustrator","Creativity, Attention to Detail",Ambivert,4-8 LPA,Adobe Certified Expert (ACE),I prefer working alone,Visual,No,No,Graphic Designer
M.Tech,Computer Science,9.68,"Python, SQL, R","Problem-Solving, Critical Thinking",Ambivert,8-12 LPA,IBM Data Science,I prefer working alone,Read/Write,Yes,Yes,Data Scientist
BBA,Marketing,8.23,"Social Media Management, Digital Marketing, SEO, Google Analytics","Leadership, Communication",Extrovert,12+ LPA,HubSpot Content Marketing,I prefer working in a team,Auditory,Maybe,No,Marketing Manager
M.Tech,Computer Science,8.81,"Python, Scikit-learn, R, TensorFlow, SQL","Problem-Solving, Critical Thinking",Introvert,12+ LPA,Google Data Analytics,I prefer working alone,Read/Write,Yes,Yes,Data Scientist
Diploma,Mechanical Engineering,7.58,"AutoCAD, SolidWorks","Problem-Solving, Teamwork",Ambivert,8-12 LPA,No Certification,I prefer working in a team,Kinesthetic,Maybe,Yes,Mechanical Engineer
M.Tech,Computer Science,9.41,"NLP, PyTorch","Research, Critical Thinking",Introvert,12+ LPA,Deep Learning Specialization,I prefer working alone,Read/Write,Yes,Yes,Data Scientist
B.Com,Finance,7.77,"Tableau, SQL, MS Excel, Financial Modeling","Analytical Skills, Attention to Detail",Extrovert,8-12 LPA,No Certification,I prefer working alone,Visual,Maybe,No,Financial Analyst
BBA,Business Administration,7.65,"Social Media Management, Digital Marketing, Google Analytics","Creativity, Leadership",Extrovert,8-12 LPA,Google Digital Marketing,I prefer working in a team,Visual,Yes,No,Marketing Manager
B.Des,Human-Computer Interaction,8.74,"Sketch, Adobe XD, User Research, Figma","Problem-Solving, Empathy",Ambivert,12+ LPA,Nielsen Norman Group UX Certification,I like a mix of both,Kinesthetic,Yes,No,Graphic Designer
B.Tech,Mechanical Engineering,8.39,"MATLAB, AutoCAD","Problem-Solving, Teamwork",Ambivert,4-8 LPA,Certified SOLIDWORKS Professional,I prefer working in a team,Kinesthetic,Maybe,Yes,Mechanical Engineer
M.Tech,Computer Science,8.89,"NLP, Python, TensorFlow","Research, Critical Thinking",Introvert,12+ LPA,TensorFlow Developer,I prefer working alone,Read/Write,Yes,Yes,Data Scientist
B.Com,Finance,8.38,"Financial Modeling, MS Excel, SQL","Attention to Detail, Analytical Skills",Extrovert,4-8 LPA,No Certification,I prefer working alone,Visual,Maybe,No,Business Analyst
B.Des,Graphic Design,6.68,"Adobe Photoshop, Adobe Illustrator","Attention to Detail, Creativity",Introvert,4-8 LPA,No Certification,I prefer working alone,Kinesthetic,No,Yes,Graphic Designer
B.Com,Commerce,8.53,"Tableau, Financial Modeling","Analytical Skills, Attention to Detail",Extrovert,4-8 LPA,CFA,I prefer working alone,Read/Write,No,Yes,Financial Analyst
M.Tech,Computer Science,8.81,"Python, Computer Vision, NLP","Research, Critical Thinking",Introvert,12+ LPA,TensorFlow Developer,I prefer working alone,Read/Write,Yes,Yes,AI Specialist
B.Tech,Human-Computer Interaction,7.75,"Figma, Adobe XD, User Research, Sketch","Problem-Solving, Empathy",Ambivert,8-12 LPA,No Certification,I like a mix of both,Visual,Yes,No,UI/UX Designer
B.Tech,Computer Science,8.32,"Python, Java","Problem-Solving, Teamwork",Introvert,12+ LPA,Coursera - Python for Everybody,I prefer working alone,Kinesthetic,Maybe,No,Software Developer
M.Tech,Computer Science,9.78,"Python, Computer Vision, NLP, PyTorch, TensorFlow","Critical Thinking, Research",Introvert,12+ LPA,TensorFlow Developer,I prefer working alone,Read/Write,Yes,Yes,AI Specialist
B.Des,Fine Arts,6.61,"Adobe Illustrator, Adobe Photoshop","Attention to Detail, Creativity",Ambivert,Less than 4 LPA,No Certification,I like a mix of both,Visual,No,No,Graphic Designer
M.Tech,Computer Science,9.43,"NLP, Computer Vision, PyTorch, TensorFlow","Research, Critical Thinking",Introvert,12+ LPA,TensorFlow Developer,I prefer working alone,Read/Write,Yes,Yes,AI Specialist
M.Tech,Computer Science,9.14,"PyTorch, Python, TensorFlow","Critical Thinking, Research",Introvert,12+ LPA,Deep Learning Specialization,I prefer working alone,Read/Write,Yes,Yes,AI Specialist
MBA,Commerce,8.6,"Financial Modeling, MS Excel, SQL, Tableau","Analytical Skills, Attention to Detail",Extrovert,4-8 LPA,CFA,I prefer working alone,Read/Write,No,No,Financial Analyst
B.Tech,Computer Science,9.55,"SQL, Java","Problem-Solving, Teamwork",Ambivert,12+ LPA,Coursera - Python for Everybody,I prefer working alone,Visual,Maybe,No,Data Scientist
MBA,Commerce,9.08,"SQL, Tableau, MS Excel, Financial Modeling","Attention to Detail, Analytical Skills",Extrovert,8-12 LPA,CFA,I prefer working alone,Read/Write,Maybe,No,Business Analyst
B.Tech,Data Science,8.62,"R, SQL, Scikit-learn, Python, TensorFlow","Critical Thinking, Problem-Solving",Introvert,12+ LPA,Google Data Analytics,I prefer working alone,Read/Write,Yes,No,Data Scientist
B.Tech,Computer Science,8.77,"Python, SQL","Teamwork, Problem-Solving",Introvert,12+ LPA,Coursera - Python for Everybody,I like a mix of both,Visual,Yes,No,Software Developer
B.A.,Fine Arts,8.48,"Figma, Adobe Illustrator","Attention to Detail, Creativity",Introvert,4-8 LPA,No Certification,I prefer working alone,Visual,No,Yes,Graphic Designer
MBA,Business Administration,7.22,"SEO, Digital Marketing, Google Analytics","Creativity, Communication",Extrovert,8-12 LPA,HubSpot Content Marketing,I prefer working in a team,Visual,Maybe,No,Social Media Manager
M.Tech,Data Science,9.11,"SQL, Scikit-learn","Critical Thinking, Problem-Solving",Introvert,12+ LPA,Google Data Analytics,I prefer working alone,Visual,Yes,No,Data Scientist
B.Com,Commerce,8.45,"SQL, MS Excel, Tableau","Attention to Detail, Analytical Skills",Ambivert,4-8 LPA,No Certification,I prefer working alone,Visual,No,Yes,Business Analyst
B.Tech,Graphic Design,7.61,"Sketch, Figma, Adobe XD, User Research","Creativity, Problem-Solving",Ambivert,12+ LPA,Nielsen Norman Group UX Certification,I like a mix of both,Visual,Yes,No,UI/UX Designer
MBA,Marketing,8.67,"Digital Marketing, SEO","Leadership, Creativity",Extrovert,12+ LPA,HubSpot Content Marketing,I prefer working in a team,Auditory,Yes,No,Marketing Manager
MBA,Commerce,8.73,"SQL, Tableau","Analytical Skills, Attention to Detail",Ambivert,8-12 LPA,CFA,I prefer working alone,Visual,No,No,Financial Analyst
BBA,Business Administration,8.33,"Digital Marketing, SEO","Creativity, Leadership",Extrovert,12+ LPA,HubSpot Content Marketing,I prefer working in a team,Auditory,Maybe,No,Social Media Manager
B.A.,Graphic Design,7.08,"Adobe Illustrator, Adobe Photoshop, Figma","Creativity, Attention to Detail",Introvert,Less than 4 LPA,Adobe Certified Expert (ACE),I like a mix of both,Kinesthetic,No,Yes,Graphic Designer
B.Tech,Computer Science,9.45,"Python, Git, JavaScript, Java","Teamwork, Problem-Solving",Ambivert,12+ LPA,Coursera - Python for Everybody,I prefer working alone,Kinesthetic,Yes,No,Software Developer
B.Tech,Human-Computer Interaction,7.83,"Adobe XD, Sketch, Figma, User Research","Empathy, Problem-Solving",Ambivert,12+ LPA,No Certification,I like a mix of both,Visual,No,No,Graphic Designer
M.Tech,Data Science,9.25,"SQL, Scikit-learn, Python, TensorFlow, R","Critical Thinking, Problem-Solving",Introvert,12+ LPA,Google Data Analytics,I prefer working alone,Visual,Yes,No,Data Scientist
B.Tech,Graphic Design,8.2,"User Research, Sketch, Adobe XD, Figma","Problem-Solving, Empathy",Ambivert,8-12 LPA,Nielsen Norman Group UX Certification,I like a mix of both,Kinesthetic,Yes,No,UI/UX Designer
B.Tech,Computer Science,8.68,"Python, TensorFlow, SQL, R","Problem-Solving, Critical Thinking",Ambivert,8-12 LPA,Google Data Analytics,I prefer working alone,Visual,Yes,No,Data Scientist
B.Tech,Data Science,8.66,"TensorFlow, Python, SQL, Scikit-learn, R","Problem-Solving, Critical Thinking",Introvert,12+ LPA,IBM Data Science,I prefer working alone,Read/Write,Yes,No,Data Scientist
B.Tech,Graphic Design,8.37,"Adobe XD, Sketch","Empathy, Problem-Solving",Ambivert,8-12 LPA,Nielsen Norman Group UX Certification,I like a mix of both,Visual,No,No,UI/UX Designer
B.Com,Finance,7.93,"Tableau, SQL, MS Excel, Financial Modeling","Attention to Detail, Analytical Skills",Ambivert,4-8 LPA,CFA,I prefer working alone,Read/Write,No,Yes,Financial Analyst
M.Tech,Computer Science,9.37,"Computer Vision, PyTorch, NLP, TensorFlow","Research, Critical Thinking",Introvert,12+ LPA,Deep Learning Specialization,I prefer working alone,Read/Write,Yes,Yes,AI Specialist
B.Com,Finance,8.94,"MS Excel, SQL, Financial Modeling, Tableau","Analytical Skills, Attention to Detail",Ambivert,4-8 LPA,No Certification,I prefer working alone,Read/Write,No,Yes,Financial Analyst
B.Tech,Human-Computer Interaction,8.58,"Sketch, Figma","Problem-Solving, Creativity",Ambivert,12+ LPA,Nielsen Norman Group UX Certification,I like a mix of both,Kinesthetic,No,No,UI/UX Designer
B.Tech,Mechanical Engineering,8.53,"MATLAB, AutoCAD, SolidWorks","Problem-Solving, Teamwork",Ambivert,8-12 LPA,Certified SOLIDWORKS Professional,I prefer working in a team,Kinesthetic,Maybe,Yes,Mechanical Engineer
M.Tech,AI & ML,9.72,"PyTorch, TensorFlow, NLP, Computer Vision, Python","Research, Critical Thinking",Introvert,12+ LPA,TensorFlow Developer,I prefer working alone,Read/Write,Yes,Yes,Data Scientist
Diploma,Mechanical Engineering,8.86,"SolidWorks, MATLAB","Problem-Solving, Teamwork",Ambivert,8-12 LPA,No Certification,I prefer working in a team,Kinesthetic,Yes,Yes,Civil Engineer
M.Tech,AI & ML,9.44,"Computer Vision, Python, PyTorch","Research, Critical Thinking",Introvert,12+ LPA,Deep Learning Specialization,I prefer working alone,Read/Write,Yes,Yes,AI Specialist
MBA,Commerce,8.2,"SQL, Tableau, Financial Modeling, MS Excel","Analytical Skills, Attention to Detail",Extrovert,8-12 LPA,CFA,I prefer working alone,Read/Write,Maybe,No,Financial Analyst
B.Tech,Computer Science,9.63,"Git, SQL","Teamwork, Problem-Solving",Introvert,12+ LPA,No Certification,I like a mix of both,Kinesthetic,Maybe,No,Software Developer
B.Des,Graphic Design,8.38,"User Research, Sketch, Adobe XD","Creativity, Empathy",Ambivert,8-12 LPA,No Certification,I like a mix of both,Visual,Yes,No,UI/UX Designer
MBA,Business Administration,7.98,"Social Media Management, Digital Marketing, SEO, Google Analytics","Communication, Creativity",Extrovert,12+ LPA,Google Digital Marketing,I prefer working in a team,Auditory,Maybe,No,Marketing Manager
B.Tech,Computer Science,8.63,"Git, Python, Java","Problem-Solving, Teamwork",Introvert,8-12 LPA,No Certification,I prefer working alone,Visual,Yes,No,Data Scientist
BBA,Business Administration,7.12,"Digital Marketing, SEO","Creativity, Leadership",Extrovert,8-12 LPA,Google Digital Marketing,I prefer working in a team,Visual,Yes,No,Social Media Manager
MBA,Business Administration,8.23,"Social Media Management, Digital Marketing","Communication, Leadership",Extrovert,8-12 LPA,HubSpot Content Marketing,I prefer working in a team,Visual,Yes,No,Marketing Manager
M.Tech,Data Science,8.66,"SQL, R, Scikit-learn, TensorFlow","Problem-Solving, Critical Thinking",Ambivert,8-12 LPA,Google Data Analytics,I prefer working alone,Read/Write,Yes,No,Data Scientist
Diploma,Mechanical Engineering,7.26,"SolidWorks, AutoCAD","Problem-Solving, Teamwork",Ambivert,4-8 LPA,Certified SOLIDWORKS Professional,I prefer working in a team,Kinesthetic,Maybe,Yes,Mechanical Engineer
M.Tech,Computer Science,8.86,"Scikit-learn, R","Problem-Solving, Critical Thinking",Ambivert,12+ LPA,Google Data Analytics,I prefer working alone,Read/Write,Yes,Yes,AI Specialist
BBA,Business Administration,7.53,"SEO, Social Media Management, Digital Marketing, Google Analytics","Leadership, Communication",Extrovert,8-12 LPA,HubSpot Content Marketing,I prefer working in a team,Auditory,Yes,No,Marketing Manager
B.A.,Graphic Design,8.1,"Figma, Adobe Photoshop, Adobe Illustrator","Attention to Detail, Creativity",Introvert,4-8 LPA,No Certification,I prefer working alone,Kinesthetic,No,No,Graphic Designer
M.Tech,Computer Science,9.55,"NLP, TensorFlow, Python","Research, Critical Thinking",Introvert,12+ LPA,Deep Learning Specialization,I prefer working alone,Read/Write,Yes,Yes,AI Specialist
Diploma,Mechanical Engineering,8.85,"AutoCAD, SolidWorks","Problem-Solving, Teamwork",Ambivert,8-12 LPA,Certified SOLIDWORKS Professional,I prefer working in a team,Kinesthetic,Maybe,Yes,Civil Engineer
B.Tech,Computer Science,9.39,"SQL, Java","Problem-Solving, Teamwork",Ambivert,8-12 LPA,No Certification,I like a mix of both,Visual,Maybe,No,Software Developer
B.Tech,Human-Computer Interaction,8.82,"Sketch, Figma","Creativity, Problem-Solving",Ambivert,12+ LPA,Nielsen Norman Group UX Certification,I like a mix of both,Visual,No,No,UI/UX Designer
BBA,Business Administration,8.33,"Google Analytics, Digital Marketing","Communication, Leadership",Extrovert,12+ LPA,HubSpot Content Marketing,I prefer working in a team,Visual,Yes,No,Marketing Manager
BBA,Marketing,8.51,"Social Media Management, SEO","Communication, Leadership",Extrovert,12+ LPA,Google Digital Marketing,I prefer working in a team,Visual,Yes,No,Social Media Manager
B.Des,Graphic Design,6.63,"Adobe Illustrator, Figma","Creativity, Attention to Detail",Introvert,4-8 LPA,No Certification,I like a mix of both,Kinesthetic,No,No,Graphic Designer
MBA,Finance,8.59,"MS Excel, Financial Modeling","Attention to Detail, Analytical Skills",Extrovert,4-8 LPA,CFA,I prefer working alone,Read/Write,Maybe,No,Financial Analyst
M.Tech,Computer Science,8.65,"TensorFlow, Scikit-learn","Critical Thinking, Problem-Solving",Ambivert,12+ LPA,IBM Data Science,I prefer working alone,Visual,Yes,No,Data Scientist
B.Des,Human-Computer Interaction,8.36,"Figma, Adobe XD, User Research, Sketch","Creativity, Empathy",Ambivert,12+ LPA,No Certification,I like a mix of both,Kinesthetic,Yes,No,Graphic Designer
B.Des,Graphic Design,7.17,"Adobe Photoshop, Adobe Illustrator, Figma","Attention to Detail, Creativity",Ambivert,4-8 LPA,No Certification,I prefer working alone,Kinesthetic,No,Yes,UI/UX Designer
MBA,Business Administration,7.37,"Social Media Management, Digital Marketing, Google Analytics","Leadership, Communication",Extrovert,8-12 LPA,HubSpot Content Marketing,I prefer working in a team,Visual,Yes,No,Marketing Manager
M.Tech,Computer Science,9.75,"NLP, Computer Vision","Critical Thinking, Research",Introvert,12+ LPA,Deep Learning Specialization,I prefer working alone,Read/Write,Yes,Yes,Data Scientist
MBA,Finance,7.52,"SQL, Tableau","Attention to Detail, Analytical Skills",Ambivert,4-8 LPA,CFA,I prefer working alone,Read/Write,Maybe,No,Financial Analyst
BBA,Marketing,7.06,"Google Analytics, SEO","Communication, Leadership",Extrovert,12+ LPA,HubSpot Content Marketing,I prefer working in a team,Visual,Maybe,No,Marketing Manager
B.A.,Fine Arts,7.62,"Adobe Illustrator, Figma","Attention to Detail, Creativity",Ambivert,Less than 4 LPA,Adobe Certified Expert (ACE),I like a mix of both,Kinesthetic,No,No,UI/UX Designer
B.A.,Fine Arts,8.81,"Adobe Illustrator, Adobe Photoshop, Figma","Creativity, Attention to Detail",Introvert,4-8 LPA,No Certification,I prefer working alone,Visual,No,Yes,UI/UX Designer
BBA,Business Administration,7.11,"SEO, Google Analytics, Digital Marketing","Creativity, Communication",Extrovert,8-12 LPA,Google Digital Marketing,I prefer working in a team,Visual,Yes,No,Marketing Manager
B.Des,Graphic Design,8.94,"Adobe XD, Figma, Sketch","Empathy, Creativity",Ambivert,12+ LPA,No Certification,I like a mix of both,Visual,Yes,No,UI/UX Designer
M.Tech,Computer Science,9.35,"TensorFlow, Computer Vision, Python, NLP, PyTorch","Critical Thinking, Research",Introvert,12+ LPA,TensorFlow Developer,I prefer working alone,Read/Write,Yes,Yes,AI Specialist
B.Tech,Mechanical Engineering,7.96,"AutoCAD, SolidWorks, MATLAB","Problem-Solving, Teamwork",Ambivert,8-12 LPA,Certified SOLIDWORKS Professional,I prefer working in a team,Kinesthetic,Yes,Yes,Mechanical Engineer
MBA,Finance,8.0,"MS Excel, Financial Modeling, Tableau, SQL","Attention to Detail, Analytical Skills",Extrovert,8-12 LPA,No Certification,I prefer working alone,Visual,No,No,Financial Analyst
B.Tech,Computer Science,8.88,"Java, Git","Teamwork, Problem-Solving",Introvert,12+ LPA,No Certification,I prefer working alone,Kinesthetic,Yes,No,Software Developer
B.Tech,Computer Science,8.55,"Python, SQL","Teamwork, Problem-Solving",Ambivert,8-12 LPA,No Certification,I like a mix of both,Visual,Maybe,No,Software Developer
MBA,Marketing,7.08,"Digital Marketing, Social Media Management, SEO","Communication, Creativity",Extrovert,12+ LPA,Google Digital Marketing,I prefer working in a team,Auditory,Maybe,No,Marketing Manager
Diploma,Mechanical Engineering,7.2,"AutoCAD, SolidWorks","Problem-Solving, Teamwork",Ambivert,4-8 LPA,Certified SOLIDWORKS Professional,I prefer working in a team,Kinesthetic,Maybe,Yes,Mechanical Engineer
B.Des,Graphic Design,8.35,"Adobe XD, Figma, User Research","Empathy, Creativity",Ambivert,12+ LPA,No Certification,I like a mix of both,Kinesthetic,Yes,No,UI/UX Designer
MBA,Marketing,8.99,"Social Media Management, Digital Marketing, Google Analytics, SEO","Creativity, Leadership",Extrovert,12+ LPA,Google Digital Marketing,I prefer working in a team,Auditory,Maybe,No,Marketing Manager
B.A.,Graphic Design,7.91,"Figma, Adobe Photoshop, Adobe Illustrator","Attention to Detail, Creativity",Ambivert,Less than 4 LPA,No Certification,I prefer working alone,Visual,No,Yes,Graphic Designer
B.Com,Commerce,7.66,"MS Excel, SQL, Financial Modeling","Analytical Skills, Attention to Detail",Extrovert,4-8 LPA,No Certification,I prefer working alone,Read/Write,No,Yes,Financial Analyst
B.A.,Graphic Design,7.87,"Figma, Adobe Illustrator, Adobe Photoshop","Attention to Detail, Creativity",Ambivert,4-8 LPA,No Certification,I prefer working alone,Kinesthetic,No,Yes,Graphic Designer
B.A.,Graphic Design,8.62,"Adobe Illustrator, Figma","Attention to Detail, Creativity",Introvert,Less than 4 LPA,Adobe Certified Expert (ACE),I like a mix of both,Kinesthetic,No,Yes,UI/UX Designer
B.A.,Graphic Design,6.86,"Adobe Illustrator, Figma, Adobe Photoshop","Creativity, Attention to Detail",Introvert,Less than 4 LPA,Adobe Certified Expert (ACE),I prefer working alone,Visual,No,Yes,Graphic Designer
B.Des,Graphic Design,8.24,"Adobe Photoshop, Adobe Illustrator, Figma","Attention to Detail, Creativity",Ambivert,4-8 LPA,No Certification,I prefer working alone,Kinesthetic,No,Yes,Graphic Designer
M.Tech,Computer Science,9.27,"Python, PyTorch, Computer Vision, TensorFlow","Research, Critical Thinking",Introvert,12+ LPA,TensorFlow Developer,I prefer working alone,Read/Write,Yes,Yes,Data Scientist
B.Tech,Data Science,9.1,"R, SQL","Problem-Solving, Critical Thinking",Introvert,12+ LPA,Google Data Analytics,I prefer working alone,Read/Write,Yes,Yes,AI Specialist
M.Tech,AI & ML,9.88,"Computer Vision, Python, TensorFlow, PyTorch, NLP","Critical Thinking, Research",Introvert,12+ LPA,Deep Learning Specialization,I prefer working alone,Read/Write,Yes,Yes,AI Specialist
B.A.,Graphic Design,8.49,"Figma, Adobe Illustrator, Adobe Photoshop","Attention to Detail, Creativity",Introvert,4-8 LPA,No Certification,I prefer working alone,Visual,No,Yes,Graphic Designer
B.Tech,Computer Science,8.49,"Java, SQL","Teamwork, Problem-Solving",Ambivert,12+ LPA,Coursera - Python for Everybody,I prefer working alone,Kinesthetic,Maybe,No,Software Developer
B.Tech,Human-Computer Interaction,8.22,"Sketch, User Research, Adobe XD, Figma","Creativity, Empathy",Ambivert,8-12 LPA,No Certification,I like a mix of both,Visual,No,No,UI/UX Designer
B.Tech,Mechanical Engineering,8.73,"AutoCAD, SolidWorks","Problem-Solving, Teamwork",Ambivert,4-8 LPA,No Certification,I prefer working in a team,Kinesthetic,Maybe,Yes,Mechanical Engineer
B.Des,Human-Computer Interaction,8.72,"User Research, Adobe XD, Figma, Sketch","Problem-Solving, Empathy",Ambivert,8-12 LPA,Nielsen Norman Group UX Certification,I like a mix of both,Visual,No,No,UI/UX Designer
M.Tech,Computer Science,9.18,"PyTorch, Computer Vision, Python, TensorFlow, NLP","Critical Thinking, Research",Introvert,12+ LPA,Deep Learning Specialization,I prefer working alone,Read/Write,Yes,Yes,AI Specialist
B.Tech,Computer Science,9.33,"SQL, Git","Teamwork, Problem-Solving",Ambivert,12+ LPA,Coursera - Python for Everybody,I prefer working alone,Kinesthetic,Maybe,No,Software Developer
M.Tech,Computer Science,9.0,"TensorFlow, SQL, Python, R, Scikit-learn","Critical Thinking, Problem-Solving",Introvert,12+ LPA,Google Data Analytics,I prefer working alone,Read/Write,Yes,No,Data Scientist
M.Tech,AI & ML,9.55,"NLP, TensorFlow, PyTorch, Python","Research, Critical Thinking",Introvert,12+ LPA,Deep Learning Specialization,I prefer working alone,Read/Write,Yes,Yes,AI Specialist
B.Tech,Computer Science,9.18,"SQL, Python, Git","Teamwork, Problem-Solving",Ambivert,8-12 LPA,Coursera - Python for Everybody,I like a mix of both,Visual,Yes,No,Software Developer
B.Tech,Mechanical Engineering,8.78,"AutoCAD, SolidWorks, MATLAB","Teamwork, Problem-Solving",Ambivert,8-12 LPA,No Certification,I prefer working in a team,Kinesthetic,Yes,Yes,Civil Engineer
B.Tech,Mechanical Engineering,7.92,"SolidWorks, AutoCAD","Teamwork, Problem-Solving",Ambivert,8-12 LPA,No Certification,I prefer working in a team,Kinesthetic,Maybe,Yes,Civil Engineer
B.Com,Commerce,7.59,"MS Excel, Financial Modeling, SQL","Analytical Skills, Attention to Detail",Ambivert,8-12 LPA,CFA,I prefer working alone,Read/Write,Maybe,No,Financial Analyst
B.Tech,Computer Science,9.53,"TensorFlow, Scikit-learn","Problem-Solving, Critical Thinking",Introvert,8-12 LPA,IBM Data Science,I prefer working alone,Read/Write,Yes,No,Data Scientist
B.A.,Graphic Design,7.82,"Figma, Adobe Illustrator","Attention to Detail, Creativity",Ambivert,4-8 LPA,No Certification,I prefer working alone,Kinesthetic,No,No,Graphic Designer
B.Des,Graphic Design,7.7,"Figma, Sketch","Empathy, Creativity",Ambivert,8-12 LPA,Nielsen Norman Group UX Certification,I like a mix of both,Visual,No,No,Graphic Designer
BBA,Business Administration,7.21,"Digital Marketing, Social Media Management","Leadership, Communication",Extrovert,12+ LPA,Google Digital Marketing,I prefer working in a team,Auditory,Maybe,No,Social Media Manager
B.Tech,Computer Science,9.61,"TensorFlow, Python, Scikit-learn, SQL, R","Problem-Solving, Critical Thinking",Introvert,8-12 LPA,Google Data Analytics,I prefer working alone,Visual,Yes,Yes,Data Scientist
B.Tech,Computer Science,9.65,"Python, SQL, Java, Git","Teamwork, Problem-Solving",Ambivert,12+ LPA,Coursera - Python for Everybody,I prefer working alone,Visual,Maybe,No,Software Developer
B.Tech,Computer Science,9.2,"R, Python","Problem-Solving, Critical Thinking",Introvert,8-12 LPA,IBM Data Science,I prefer working alone,Visual,Yes,Yes,Data Scientist
Diploma,Mechanical Engineering,7.65,"AutoCAD, MATLAB","Teamwork, Problem-Solving",Ambivert,8-12 LPA,No Certification,I prefer working in a team,Kinesthetic,Maybe,Yes,Mechanical Engineer
B.Tech,Mechanical Engineering,8.54,"MATLAB, AutoCAD","Problem-Solving, Teamwork",Ambivert,8-12 LPA,No Certification,I prefer working in a team,Kinesthetic,Yes,Yes,Mechanical Engineer
B.Des,Graphic Design,8.57,"User Research, Adobe XD","Problem-Solving, Creativity",Ambivert,8-12 LPA,No Certification,I like a mix of both,Visual,Yes,No,Graphic Designer
M.Tech,AI & ML,8.85,"Computer Vision, PyTorch","Research, Critical Thinking",Introvert,12+ LPA,TensorFlow Developer,I prefer working alone,Read/Write,Yes,Yes,AI Specialist
B.Tech,Graphic Design,8.11,"Adobe XD, Sketch","Empathy, Problem-Solving",Ambivert,8-12 LPA,Nielsen Norman Group UX Certification,I like a mix of both,Kinesthetic,No,No,Graphic Designer
B.Com,Commerce,7.86,"Tableau, MS Excel","Attention to Detail, Analytical Skills",Ambivert,8-12 LPA,No Certification,I prefer working alone,Visual,No,No,Financial Analyst
B.Com,Commerce,8.57,"SQL, MS Excel","Analytical Skills, Attention to Detail",Ambivert,4-8 LPA,CFA,I prefer working alone,Read/Write,No,No,Financial Analyst
B.Tech,Computer Science,9.61,"Python, Java, SQL","Problem-Solving, Teamwork",Ambivert,8-12 LPA,Coursera - Python for Everybody,I prefer working alone,Visual,Yes,No,Software Developer
B.Des,Graphic Design,8.04,"Adobe XD, User Research","Creativity, Problem-Solving",Ambivert,12+ LPA,No Certification,I like a mix of both,Visual,Yes,No,UI/UX Designer
M.Tech,Data Science,9.83,"SQL, TensorFlow, R, Python","Critical Thinking, Problem-Solving",Ambivert,8-12 LPA,IBM Data Science,I prefer working alone,Read/Write,Yes,Yes,AI Specialist
Diploma,Mechanical Engineering,8.98,"SolidWorks, AutoCAD, MATLAB","Problem-Solving, Teamwork",Ambivert,4-8 LPA,No Certification,I prefer working in a team,Kinesthetic,Maybe,Yes,Mechanical Engineer
B.Des,Fine Arts,7.08,"Figma, Adobe Photoshop","Creativity, Attention to Detail",Ambivert,Less than 4 LPA,No Certification,I prefer working alone,Visual,No,Yes,Graphic Designer
B.Tech,Computer Science,8.32,"Java, JavaScript, SQL, Git, Python","Teamwork, Problem-Solving",Introvert,12+ LPA,No Certification,I like a mix of both,Kinesthetic,Yes,No,Data Scientist
B.Tech,Computer Science,9.59,"Scikit-learn, TensorFlow, SQL","Problem-Solving, Critical Thinking",Ambivert,12+ LPA,Google Data Analytics,I prefer working alone,Visual,Yes,Yes,Data Scientist
Diploma,Mechanical Engineering,8.77,"MATLAB, SolidWorks, AutoCAD","Problem-Solving, Teamwork",Ambivert,8-12 LPA,Certified SOLIDWORKS Professional,I prefer working in a team,Kinesthetic,Yes,Yes,Mechanical Engineer
B.Tech,Computer Science,9.11,"SQL, Git, Python, Java, JavaScript","Teamwork, Problem-Solving",Ambivert,12+ LPA,Coursera - Python for Everybody,I like a mix of both,Visual,Maybe,No,Software Developer
B.Tech,Computer Science,8.57,"Git, Java, JavaScript, SQL, Python","Teamwork, Problem-Solving",Ambivert,8-12 LPA,No Certification,I like a mix of both,Kinesthetic,Maybe,No,Software Developer
B.Com,Commerce,7.8,"MS Excel, Financial Modeling, SQL","Analytical Skills, Attention to Detail",Ambivert,8-12 LPA,No Certification,I prefer working alone,Visual,No,No,Business Analyst
B.Tech,Computer Science,8.48,"JavaScript, Git, Java","Teamwork, Problem-Solving",Ambivert,8-12 LPA,Coursera - Python for Everybody,I like a mix of both,Visual,Yes,No,Software Developer
B.Com,Finance,8.53,"Financial Modeling, Tableau, SQL, MS Excel","Attention to Detail, Analytical Skills",Ambivert,4-8 LPA,No Certification,I prefer working alone,Visual,No,No,Business Analyst
B.Tech,Computer Science,8.15,"Git, JavaScript, SQL","Teamwork, Problem-Solving",Ambivert,12+ LPA,Coursera - Python for Everybody,I prefer working alone,Kinesthetic,Yes,No,Software Developer
MBA,Commerce,8.71,"SQL, MS Excel, Tableau","Analytical Skills, Attention to Detail",Extrovert,8-12 LPA,CFA,I prefer working alone,Visual,Maybe,No,Financial Analyst
M.Tech,Data Science,9.1,"Python, SQL, R, TensorFlow","Critical Thinking, Problem-Solving",Introvert,8-12 LPA,IBM Data Science,I prefer working alone,Visual,Yes,No,AI Specialist
B.Des,Human-Computer Interaction,7.85,"User Research, Sketch, Adobe XD, Figma","Problem-Solving, Creativity",Ambivert,8-12 LPA,No Certification,I like a mix of both,Kinesthetic,No,No,UI/UX Designer
MBA,Commerce,7.96,"Financial Modeling, Tableau","Analytical Skills, Attention to Detail",Ambivert,4-8 LPA,No Certification,I prefer working alone,Read/Write,No,No,Financial Analyst
M.Tech,Computer Science,8.79,"TensorFlow, SQL","Problem-Solving, Critical Thinking",Ambivert,12+ LPA,Google Data Analytics,I prefer working alone,Visual,Yes,Yes,Data Scientist
Diploma,Mechanical Engineering,8.01,"AutoCAD, SolidWorks, MATLAB","Problem-Solving, Teamwork",Ambivert,4-8 LPA,No Certification,I prefer working in a team,Kinesthetic,Yes,Yes,Mechanical Engineer
B.Tech,Data Science,9.41,"R, Python, SQL, TensorFlow","Problem-Solving, Critical Thinking",Introvert,8-12 LPA,Google Data Analytics,I prefer working alone,Read/Write,Yes,No,AI Specialist
B.Tech,Human-Computer Interaction,8.35,"Adobe XD, Figma, User Research, Sketch","Creativity, Problem-Solving",Ambivert,8-12 LPA,No Certification,I like a mix of both,Kinesthetic,No,No,UI/UX Designer
BBA,Marketing,8.64,"Google Analytics, Social Media Management, Digital Marketing, SEO","Leadership, Creativity",Extrovert,12+ LPA,Google Digital Marketing,I prefer working in a team,Visual,Maybe,No,Marketing Manager
B.Des,Human-Computer Interaction,8.81,"Adobe XD, Sketch, User Research","Empathy, Creativity",Ambivert,12+ LPA,No Certification,I like a mix of both,Kinesthetic,Yes,No,UI/UX Designer
B.Tech,Graphic Design,9.17,"Sketch, Adobe XD","Problem-Solving, Creativity",Ambivert,12+ LPA,Nielsen Norman Group UX Certification,I like a mix of both,Visual,No,No,UI/UX Designer
MBA,Business Administration,7.25,"Google Analytics, Digital Marketing","Leadership, Communication",Extrovert,12+ LPA,HubSpot Content Marketing,I prefer working in a team,Visual,Yes,No,Social Media Manager
B.Tech,Computer Science,9.15,"Python, SQL, R, Scikit-learn, TensorFlow","Critical Thinking, Problem-Solving",Ambivert,8-12 LPA,IBM Data Science,I prefer working alone,Visual,Yes,Yes,AI Specialist
B.Tech,Mechanical Engineering,8.19,"AutoCAD, SolidWorks, MATLAB","Problem-Solving, Teamwork",Ambivert,4-8 LPA,Certified SOLIDWORKS Professional,I prefer working in a team,Kinesthetic,Maybe,Yes,Mechanical Engineer
M.Tech,AI & ML,9.98,"Python, TensorFlow, Computer Vision","Critical Thinking, Research",Introvert,12+ LPA,TensorFlow Developer,I prefer working alone,Read/Write,Yes,Yes,Data Scientist
M.Tech,Computer Science,9.53,"Python, PyTorch","Research, Critical Thinking",Introvert,12+ LPA,Deep Learning Specialization,I prefer working alone,Read/Write,Yes,Yes,AI Specialist
B.Des,Graphic Design,7.4,"Adobe Photoshop, Figma, Adobe Illustrator","Attention to Detail, Creativity",Ambivert,Less than 4 LPA,No Certification,I like a mix of both,Visual,No,Yes,Graphic Designer
B.Tech,Computer Science,8.46,"Git, SQL, JavaScript, Java","Problem-Solving, Teamwork",Ambivert,8-12 LPA,Coursera - Python for Everybody,I prefer working alone,Visual,Maybe,No,Software Developer
M.Tech,AI & ML,9.47,"PyTorch, NLP, TensorFlow","Research, Critical Thinking",Introvert,12+ LPA,Deep Learning Specialization,I prefer working alone,Read/Write,Yes,Yes,Data Scientist
BBA,Business Administration,7.57,"Social Media Management, SEO, Digital Marketing","Creativity, Communication",Extrovert,8-12 LPA,Google Digital Marketing,I prefer working in a team,Visual,Maybe,No,Marketing Manager
B.Tech,Computer Science,9.39,"TensorFlow, R, Python, Scikit-learn, SQL","Problem-Solving, Critical Thinking",Ambivert,8-12 LPA,IBM Data Science,I prefer working alone,Read/Write,Yes,No,AI Specialist
B.Tech,Computer Science,8.78,"TensorFlow, Python","Problem-Solving, Critical Thinking",Ambivert,12+ LPA,Google Data Analytics,I prefer working alone,Read/Write,Yes,Yes,Data Scientist
B.Tech,Data Science,9.58,"Python, SQL, TensorFlow, Scikit-learn","Problem-Solving, Critical Thinking",Ambivert,8-12 LPA,IBM Data Science,I prefer working alone,Visual,Yes,Yes,Data Scientist
Diploma,Mechanical Engineering,8.52,"SolidWorks, MATLAB","Teamwork, Problem-Solving",Ambivert,8-12 LPA,No Certification,I prefer working in a team,Kinesthetic,Maybe,Yes,Mechanical Engineer
MBA,Marketing,8.98,"SEO, Google Analytics, Social Media Management, Digital Marketing","Creativity, Communication",Extrovert,8-12 LPA,Google Digital Marketing,I prefer working in a team,Visual,Yes,No,Marketing Manager
B.Des,Fine Arts,7.59,"Figma, Adobe Illustrator, Adobe Photoshop","Attention to Detail, Creativity",Introvert,Less than 4 LPA,Adobe Certified Expert (ACE),I prefer working alone,Visual,No,Yes,Graphic Designer
B.Des,Fine Arts,8.03,"Adobe Illustrator, Adobe Photoshop, Figma","Creativity, Attention to Detail",Ambivert,Less than 4 LPA,Adobe Certified Expert (ACE),I prefer working alone,Kinesthetic,No,No,Graphic Designer
MBA,Finance,8.49,"MS Excel, Tableau, Financial Modeling, SQL","Analytical Skills, Attention to Detail",Extrovert,4-8 LPA,No Certification,I prefer working alone,Read/Write,Maybe,No,Financial Analyst
Diploma,Mechanical Engineering,7.97,"MATLAB, SolidWorks","Teamwork, Problem-Solving",Ambivert,8-12 LPA,No Certification,I prefer working in a team,Kinesthetic,Maybe,Yes,Mechanical Engineer
MBA,Finance,8.47,"SQL, Financial Modeling, MS Excel","Attention to Detail, Analytical Skills",Ambivert,8-12 LPA,No Certification,I prefer working alone,Visual,Maybe,No,Financial Analyst
B.A.,Fine Arts,8.07,"Figma, Adobe Illustrator","Creativity, Attention to Detail",Ambivert,Less than 4 LPA,No Certification,I like a mix of both,Kinesthetic,No,No,Graphic Designer
B.Tech,Mechanical Engineering,8.98,"AutoCAD, SolidWorks, MATLAB","Problem-Solving, Teamwork",Ambivert,4-8 LPA,Certified SOLIDWORKS Professional,I prefer working in a team,Kinesthetic,Maybe,Yes,Mechanical Engineer
B.Des,Graphic Design,8.98,"Figma, Adobe XD, Sketch, User Research","Empathy, Problem-Solving",Ambivert,8-12 LPA,Nielsen Norman Group UX Certification,I like a mix of both,Kinesthetic,Yes,No,Graphic Designer
M.Tech,AI & ML,9.05,"Python, Computer Vision","Research, Critical Thinking",Introvert,12+ LPA,TensorFlow Developer,I prefer working alone,Read/Write,Yes,Yes,AI Specialist
M.Tech,AI & ML,9.78,"Computer Vision, NLP, TensorFlow, PyTorch, Python","Research, Critical Thinking",Introvert,12+ LPA,TensorFlow Developer,I prefer working alone,Read/Write,Yes,Yes,AI Specialist
B.Tech,Computer Science,9.5,"Scikit-learn, TensorFlow, R, SQL, Python","Critical Thinking, Problem-Solving",Introvert,8-12 LPA,IBM Data Science,I prefer working alone,Read/Write,Yes,No,Data Scientist
B.Com,Commerce,8.54,"Financial Modeling, Tableau, MS Excel, SQL","Attention to Detail, Analytical Skills",Ambivert,8-12 LPA,CFA,I prefer working alone,Visual,Maybe,No,Financial Analyst
B.Tech,Computer Science,9.13,"Python, SQL, Java, Git, JavaScript","Teamwork, Problem-Solving",Ambivert,8-12 LPA,Coursera - Python for Everybody,I like a mix of both,Kinesthetic,Yes,No,Data Scientist
B.Com,Commerce,9.2,"Financial Modeling, MS Excel, Tableau","Analytical Skills, Attention to Detail",Ambivert,4-8 LPA,CFA,I prefer working alone,Visual,No,No,Financial Analyst
B.Tech,Computer Science,8.59,"R, Python, SQL, TensorFlow, Scikit-learn","Critical Thinking, Problem-Solving",Introvert,12+ LPA,Google Data Analytics,I prefer working alone,Read/Write,Yes,Yes,Data Scientist
B.Tech,Computer Science,8.51,"Git, SQL, Java, Python, JavaScript","Problem-Solving, Teamwork",Ambivert,12+ LPA,No Certification,I like a mix of both,Visual,Maybe,No,Software Developer
B.Des,Graphic Design,8.1,"Adobe Illustrator, Adobe Photoshop, Figma","Creativity, Attention to Detail",Ambivert,4-8 LPA,No Certification,I prefer working alone,Kinesthetic,No,No,Graphic Designer
B.Tech,Mechanical Engineering,8.75,"AutoCAD, MATLAB","Teamwork, Problem-Solving",Ambivert,4-8 LPA,Certified SOLIDWORKS Professional,I prefer working in a team,Kinesthetic,Yes,Yes,Mechanical Engineer
Diploma,Mechanical Engineering,7.85,"MATLAB, SolidWorks","Teamwork, Problem-Solving",Ambivert,4-8 LPA,Certified SOLIDWORKS Professional,I prefer working in a team,Kinesthetic,Maybe,Yes,Civil Engineer
MBA,Commerce,8.34,"Tableau, SQL, MS Excel","Attention to Detail, Analytical Skills",Extrovert,4-8 LPA,CFA,I prefer working alone,Visual,Maybe,No,Financial Analyst
B.Des,Graphic Design,8.26,"Adobe XD, Sketch, User Research, Figma","Creativity, Problem-Solving",Ambivert,8-12 LPA,Nielsen Norman Group UX Certification,I like a mix of both,Visual,Yes,No,Graphic Designer
B.Tech,Graphic Design,8.93,"Adobe XD, Figma","Creativity, Empathy",Ambivert,12+ LPA,No Certification,I like a mix of both,Kinesthetic,No,No,UI/UX Designer
B.Tech,Computer Science,8.81,"JavaScript, SQL","Teamwork, Problem-Solving",Introvert,8-12 LPA,Coursera - Python for Everybody,I prefer working alone,Visual,Yes,No,Data Scientist
Diploma,Mechanical Engineering,8.14,"AutoCAD, SolidWorks","Problem-Solving, Teamwork",Ambivert,8-12 LPA,No Certification,I prefer working in a team,Kinesthetic,Yes,Yes,Mechanical Engineer
M.Tech,Data Science,9.49,"Python, Scikit-learn","Critical Thinking, Problem-Solving",Ambivert,12+ LPA,Google Data Analytics,I prefer working alone,Visual,Yes,Yes,Data Scientist
B.Tech,Computer Science,8.9,"Git, SQL, Python, JavaScript, Java","Teamwork, Problem-Solving",Ambivert,12+ LPA,Coursera - Python for Everybody,I prefer working alone,Visual,Yes,No,Software Developer
B.Des,Human-Computer Interaction,8.12,"Sketch, User Research, Adobe XD, Figma","Empathy, Problem-Solving",Ambivert,12+ LPA,No Certification,I like a mix of both,Visual,Yes,No,UI/UX Designer
B.Tech,Computer Science,8.1,"JavaScript, Python","Problem-Solving, Teamwork",Introvert,12+ LPA,No Certification,I prefer working alone,Kinesthetic,Yes,No,Software Developer
MBA,Marketing,8.64,"Google Analytics, SEO, Social Media Management","Creativity, Leadership",Extrovert,12+ LPA,HubSpot Content Marketing,I prefer working in a team,Auditory,Yes,No,Social Media Manager
B.Des,Fine Arts,7.44,"Adobe Photoshop, Adobe Illustrator","Creativity, Attention to Detail",Ambivert,4-8 LPA,No Certification,I prefer working alone,Visual,No,No,Graphic Designer
MBA,Commerce,8.99,"SQL, Financial Modeling, MS Excel, Tableau","Analytical Skills, Attention to Detail",Extrovert,4-8 LPA,No Certification,I prefer working alone,Read/Write,No,No,Financial Analyst
B.Tech,Computer Science,8.34,"Git, JavaScript, SQL","Problem-Solving, Teamwork",Introvert,12+ LPA,Coursera - Python for Everybody,I like a mix of both,Kinesthetic,Yes,No,Data Scientist
MBA,Commerce,9.12,"MS Excel, Financial Modeling","Analytical Skills, Attention to Detail",Extrovert,8-12 LPA,CFA,I prefer working alone,Read/Write,No,Yes,Financial Analyst
M.Tech,Computer Science,9.38,"R, TensorFlow","Problem-Solving, Critical Thinking",Ambivert,12+ LPA,Google Data Analytics,I prefer working alone,Read/Write,Yes,Yes,Data Scientist
M.Tech,Computer Science,9.98,"Python, NLP, Computer Vision, PyTorch","Research, Critical Thinking",Introvert,12+ LPA,TensorFlow Developer,I prefer working alone,Read/Write,Yes,Yes,AI Specialist
B.Tech,Mechanical Engineering,7.18,"MATLAB, SolidWorks, AutoCAD","Teamwork, Problem-Solving",Ambivert,4-8 LPA,No Certification,I prefer working in a team,Kinesthetic,Yes,Yes,Civil Engineer
B.A.,Fine Arts,7.61,"Adobe Photoshop, Figma","Attention to Detail, Creativity",Introvert,4-8 LPA,No Certification,I like a mix of both,Visual,No,No,Graphic Designer
B.Tech,Data Science,9.8,"TensorFlow, Python, Scikit-learn","Critical Thinking, Problem-Solving",Ambivert,8-12 LPA,Google Data Analytics,I prefer working alone,Visual,Yes,No,Data Scientist
M.Tech,Computer Science,9.42,"Computer Vision, PyTorch, NLP, TensorFlow, Python","Critical Thinking, Research",Introvert,12+ LPA,Deep Learning Specialization,I prefer working alone,Read/Write,Yes,Yes,AI Specialist
MBA,Finance,7.94,"Tableau, MS Excel, SQL, Financial Modeling","Analytical Skills, Attention to Detail",Ambivert,8-12 LPA,No Certification,I prefer working alone,Read/Write,Maybe,Yes,Financial Analyst
B.Tech,Computer Science,8.3,"Java, Git, JavaScript, Python, SQL","Teamwork, Problem-Solving",Introvert,8-12 LPA,Coursera - Python for Everybody,I prefer working alone,Kinesthetic,Maybe,No,Software Developer
M.Tech,Computer Science,8.99,"NLP, PyTorch, Python, Computer Vision, TensorFlow","Critical Thinking, Research",Introvert,12+ LPA,Deep Learning Specialization,I prefer working alone,Read/Write,Yes,Yes,AI Specialist
MBA,Business Administration,8.08,"Digital Marketing, SEO","Communication, Leadership",Extrovert,12+ LPA,Google Digital Marketing,I prefer working in a team,Visual,Yes,No,Marketing Manager
MBA,Commerce,7.99,"Tableau, SQL, MS Excel, Financial Modeling","Analytical Skills, Attention to Detail",Extrovert,8-12 LPA,CFA,I prefer working alone,Read/Write,No,No,Business Analyst
B.Des,Human-Computer Interaction,8.7,"Adobe XD, User Research, Figma","Creativity, Problem-Solving",Ambivert,12+ LPA,No Certification,I like a mix of both,Visual,Yes,No,UI/UX Designer
MBA,Finance,8.35,"MS Excel, SQL, Financial Modeling, Tableau","Analytical Skills, Attention to Detail",Extrovert,8-12 LPA,CFA,I prefer working alone,Read/Write,Maybe,No,Financial Analyst
MBA,Business Administration,7.71,"Social Media Management, Digital Marketing, SEO, Google Analytics","Leadership, Creativity",Extrovert,12+ LPA,Google Digital Marketing,I prefer working in a team,Auditory,Yes,No,Marketing Manager
B.Com,Commerce,7.61,"Tableau, MS Excel","Analytical Skills, Attention to Detail",Ambivert,4-8 LPA,No Certification,I prefer working alone,Read/Write,Maybe,No,Financial Analyst
B.Tech,Data Science,8.61,"Scikit-learn, R, SQL","Critical Thinking, Problem-Solving",Ambivert,8-12 LPA,IBM Data Science,I prefer working alone,Visual,Yes,No,Data Scientist
B.Tech,Computer Science,8.46,"SQL, Git, Python, JavaScript, Java","Teamwork, Problem-Solving",Introvert,12+ LPA,No Certification,I like a mix of both,Kinesthetic,Yes,No,Software Developer
B.Tech,Computer Science,8.97,"Git, Python, SQL, JavaScript, Java","Problem-Solving, Teamwork",Introvert,12+ LPA,No Certification,I prefer working alone,Visual,Yes,No,Software Developer
M.Tech,AI & ML,9.44,"TensorFlow, Computer Vision","Critical Thinking, Research",Introvert,12+ LPA,TensorFlow Developer,I prefer working alone,Read/Write,Yes,Yes,AI Specialist
MBA,Business Administration,8.44,"Social Media Management, SEO","Creativity, Communication",Extrovert,8-12 LPA,HubSpot Content Marketing,I prefer working in a team,Visual,Maybe,No,Marketing Manager
B.Des,Fine Arts,6.69,"Adobe Illustrator, Figma","Creativity, Attention to Detail",Ambivert,Less than 4 LPA,No Certification,I like a mix of both,Kinesthetic,No,Yes,Graphic Designer
Diploma,Mechanical Engineering,7.57,"MATLAB, SolidWorks","Teamwork, Problem-Solving",Ambivert,8-12 LPA,Certified SOLIDWORKS Professional,I prefer working in a team,Kinesthetic,Yes,Yes,Mechanical Engineer
M.Tech,Computer Science,9.91,"PyTorch, Computer Vision, TensorFlow, Python","Research, Critical Thinking",Introvert,12+ LPA,TensorFlow Developer,I prefer working alone,Read/Write,Yes,Yes,Data Scientist
B.Tech,Data Science,9.24,"R, SQL, Python, TensorFlow","Problem-Solving, Critical Thinking",Introvert,8-12 LPA,IBM Data Science,I prefer working alone,Read/Write,Yes,No,Data Scientist
B.Des,Fine Arts,8.8,"Adobe Illustrator, Figma, Adobe Photoshop","Creativity, Attention to Detail",Introvert,4-8 LPA,Adobe Certified Expert (ACE),I prefer working alone,Kinesthetic,No,No,UI/UX Designer
Diploma,Mechanical Engineering,7.47,"AutoCAD, SolidWorks","Problem-Solving, Teamwork",Ambivert,8-12 LPA,Certified SOLIDWORKS Professional,I prefer working in a team,Kinesthetic,Yes,Yes,Mechanical Engineer
M.Tech,AI & ML,9.08,"Python, PyTorch, TensorFlow, Computer Vision, NLP","Research, Critical Thinking",Introvert,12+ LPA,Deep Learning Specialization,I prefer working alone,Read/Write,Yes,Yes,AI Specialist
BBA,Marketing,7.69,"Google Analytics, Digital Marketing","Creativity, Communication",Extrovert,12+ LPA,Google Digital Marketing,I prefer working in a team,Auditory,Yes,No,Marketing Manager
B.Tech,Human-Computer Interaction,7.96,"Sketch, User Research, Adobe XD, Figma","Creativity, Empathy",Ambivert,8-12 LPA,Nielsen Norman Group UX Certification,I like a mix of both,Visual,Yes,No,UI/UX Designer
B.Tech,Mechanical Engineering,8.32,"SolidWorks, MATLAB, AutoCAD","Problem-Solving, Teamwork",Ambivert,8-12 LPA,No Certification,I prefer working in a team,Kinesthetic,Maybe,Yes,Mechanical Engineer
M.Tech,AI & ML,9.08,"TensorFlow, Computer Vision, Python, NLP","Research, Critical Thinking",Introvert,12+ LPA,TensorFlow Developer,I prefer working alone,Read/Write,Yes,Yes,AI Specialist
B.Des,Fine Arts,8.35,"Figma, Adobe Illustrator","Creativity, Attention to Detail",Ambivert,Less than 4 LPA,No Certification,I like a mix of both,Kinesthetic,No,Yes,Graphic Designer
B.Com,Finance,8.53,"Tableau, SQL, Financial Modeling","Analytical Skills, Attention to Detail",Extrovert,4-8 LPA,CFA,I prefer working alone,Visual,Maybe,Yes,Financial Analyst
B.Tech,Mechanical Engineering,8.93,"AutoCAD, SolidWorks, MATLAB","Problem-Solving, Teamwork",Ambivert,8-12 LPA,No Certification,I prefer working in a team,Kinesthetic,Yes,Yes,Mechanical Engineer
B.Tech,Computer Science,9.38,"JavaScript, SQL, Java, Python, Git","Problem-Solving, Teamwork",Ambivert,12+ LPA,No Certification,I prefer working alone,Visual,Yes,No,Data Scientist
M.Tech,Data Science,8.97,"Scikit-learn, Python, SQL, TensorFlow, R","Problem-Solving, Critical Thinking",Ambivert,8-12 LPA,Google Data Analytics,I prefer working alone,Visual,Yes,No,Data Scientist
B.Tech,Computer Science,8.63,"JavaScript, SQL, Java","Teamwork, Problem-Solving",Introvert,8-12 LPA,No Certification,I prefer working alone,Visual,Yes,No,Software Developer
Diploma,Mechanical Engineering,8.56,"AutoCAD, SolidWorks, MATLAB","Problem-Solving, Teamwork",Ambivert,8-12 LPA,No Certification,I prefer working in a team,Kinesthetic,Maybe,Yes,Civil Engineer
M.Tech,Computer Science,8.84,"TensorFlow, NLP, Computer Vision, PyTorch","Critical Thinking, Research",Introvert,12+ LPA,Deep Learning Specialization,I prefer working alone,Read/Write,Yes,Yes,AI Specialist
B.Tech,Computer Science,8.85,"JavaScript, Python, SQL, Git, Java","Teamwork, Problem-Solving",Introvert,8-12 LPA,No Certification,I like a mix of both,Visual,Maybe,No,Software Developer
B.Tech,Mechanical Engineering,7.69,"SolidWorks, MATLAB, AutoCAD","Problem-Solving, Teamwork",Ambivert,8-12 LPA,No Certification,I prefer working in a team,Kinesthetic,Yes,Yes,Civil Engineer
M.Tech,Data Science,9.59,"SQL, R","Problem-Solving, Critical Thinking",Ambivert,12+ LPA,IBM Data Science,I prefer working alone,Read/Write,Yes,Yes,Data Scientist
B.A.,Graphic Design,6.78,"Figma, Adobe Illustrator, Adobe Photoshop","Attention to Detail, Creativity",Ambivert,4-8 LPA,Adobe Certified Expert (ACE),I prefer working alone,Kinesthetic,No,Yes,Graphic Designer
B.Tech,Mechanical Engineering,7.14,"SolidWorks, MATLAB, AutoCAD","Problem-Solving, Teamwork",Ambivert,8-12 LPA,No Certification,I prefer working in a team,Kinesthetic,Yes,Yes,Mechanical Engineer
B.Tech,Mechanical Engineering,8.04,"AutoCAD, SolidWorks","Teamwork, Problem-Solving",Ambivert,4-8 LPA,No Certification,I prefer working in a team,Kinesthetic,Maybe,Yes,Mechanical Engineer
Diploma,Mechanical Engineering,7.19,"AutoCAD, MATLAB","Teamwork, Problem-Solving",Ambivert,8-12 LPA,Certified SOLIDWORKS Professional,I prefer working in a team,Kinesthetic,Yes,Yes,Mechanical Engineer
BBA,Business Administration,8.99,"Social Media Management, Digital Marketing, Google Analytics","Creativity, Leadership",Extrovert,12+ LPA,Google Digital Marketing,I prefer working in a team,Visual,Yes,No,Marketing Manager
B.A.,Graphic Design,8.21,"Adobe Illustrator, Adobe Photoshop, Figma","Creativity, Attention to Detail",Ambivert,4-8 LPA,Adobe Certified Expert (ACE),I prefer working alone,Kinesthetic,No,No,Graphic Designer
M.Tech,AI & ML,9.43,"Python, TensorFlow","Research, Critical Thinking",Introvert,12+ LPA,TensorFlow Developer,I prefer working alone,Read/Write,Yes,Yes,AI Specialist
B.A.,Fine Arts,7.04,"Adobe Photoshop, Figma, Adobe Illustrator","Attention to Detail, Creativity",Ambivert,4-8 LPA,No Certification,I prefer working alone,Kinesthetic,No,Yes,UI/UX Designer
B.Des,Graphic Design,7.87,"Sketch, Figma, Adobe XD","Empathy, Creativity",Ambivert,12+ LPA,Nielsen Norman Group UX Certification,I like a mix of both,Visual,Yes,No,UI/UX Designer
M.Tech,Computer Science,8.85,"Python, R, TensorFlow, SQL","Critical Thinking, Problem-Solving",Ambivert,8-12 LPA,Google Data Analytics,I prefer working alone,Read/Write,Yes,Yes,AI Specialist
M.Tech,AI & ML,9.38,"Computer Vision, TensorFlow","Critical Thinking, Research",Introvert,12+ LPA,Deep Learning Specialization,I prefer working alone,Read/Write,Yes,Yes,AI Specialist
M.Tech,Computer Science,9.83,"TensorFlow, PyTorch, Computer Vision, NLP","Research, Critical Thinking",Introvert,12+ LPA,TensorFlow Developer,I prefer working alone,Read/Write,Yes,Yes,AI Specialist
B.A.,Fine Arts,8.34,"Figma, Adobe Photoshop","Attention to Detail, Creativity",Ambivert,4-8 LPA,No Certification,I like a mix of both,Visual,No,Yes,Graphic Designer
B.Tech,Computer Science,9.31,"JavaScript, Java, Git, SQL","Teamwork, Problem-Solving",Ambivert,12+ LPA,No Certification,I like a mix of both,Kinesthetic,Yes,No,Software Developer
MBA,Marketing,7.62,"Social Media Management, Digital Marketing, SEO, Google Analytics","Communication, Leadership",Extrovert,12+ LPA,Google Digital Marketing,I prefer working in a team,Visual,Yes,No,Marketing Manager
MBA,Commerce,8.03,"Tableau, SQL, MS Excel","Attention to Detail, Analytical Skills",Extrovert,4-8 LPA,CFA,I prefer working alone,Read/Write,Maybe,No,Financial Analyst
B.Com,Finance,8.01,"Tableau, Financial Modeling, SQL","Attention to Detail, Analytical Skills",Ambivert,4-8 LPA,CFA,I prefer working alone,Visual,No,Yes,Business Analyst
B.A.,Fine Arts,7.71,"Adobe Illustrator, Figma, Adobe Photoshop","Creativity, Attention to Detail",Introvert,Less than 4 LPA,Adobe Certified Expert (ACE),I prefer working alone,Kinesthetic,No,Yes,Graphic Designer
B.Tech,Mechanical Engineering,7.63,"AutoCAD, SolidWorks","Teamwork, Problem-Solving",Ambivert,8-12 LPA,No Certification,I prefer working in a team,Kinesthetic,Yes,Yes,Mechanical Engineer
MBA,Business Administration,8.45,"Digital Marketing, Social Media Management, SEO, Google Analytics","Communication, Creativity",Extrovert,8-12 LPA,Google Digital Marketing,I prefer working in a team,Auditory,Yes,No,Marketing Manager
B.Tech,Graphic Design,7.78,"Figma, Sketch, User Research, Adobe XD","Creativity, Empathy",Ambivert,12+ LPA,Nielsen Norman Group UX Certification,I like a mix of both,Visual,Yes,No,UI/UX Designer
M.Tech,AI & ML,8.98,"Computer Vision, Python","Critical Thinking, Research",Introvert,12+ LPA,TensorFlow Developer,I prefer working alone,Read/Write,Yes,Yes,AI Specialist
M.Tech,Computer Science,9.31,"TensorFlow, Python","Critical Thinking, Problem-Solving",Ambivert,12+ LPA,Google Data Analytics,I prefer working alone,Read/Write,Yes,Yes,AI Specialist
B.Tech,Computer Science,9.16,"Java, JavaScript","Teamwork, Problem-Solving",Ambivert,12+ LPA,Coursera - Python for Everybody,I prefer working alone,Visual,Maybe,No,Data Scientist
B.Tech,Data Science,9.5,"Scikit-learn, SQL, TensorFlow, R","Critical Thinking, Problem-Solving",Ambivert,8-12 LPA,IBM Data Science,I prefer working alone,Read/Write,Yes,No,Data Scientist
BBA,Business Administration,8.03,"Social Media Management, SEO, Digital Marketing","Leadership, Communication",Extrovert,8-12 LPA,HubSpot Content Marketing,I prefer working in a team,Auditory,Maybe,No,Marketing Manager
B.Com,Finance,8.97,"MS Excel, SQL","Analytical Skills, Attention to Detail",Ambivert,4-8 LPA,No Certification,I prefer working alone,Visual,No,No,Financial Analyst
B.Tech,Computer Science,9.2,"JavaScript, Git","Problem-Solving, Teamwork",Ambivert,12+ LPA,Coursera - Python for Everybody,I like a mix of both,Kinesthetic,Yes,No,Software Developer
B.Tech,Computer Science,9.67,"SQL, Git","Problem-Solving, Teamwork",Introvert,12+ LPA,No Certification,I prefer working alone,Kinesthetic,Maybe,No,Software Developer
M.Tech,AI & ML,9.3,"Python, PyTorch, Computer Vision, TensorFlow, NLP","Critical Thinking, Research",Introvert,12+ LPA,TensorFlow Developer,I prefer working alone,Read/Write,Yes,Yes,AI Specialist
B.Des,Graphic Design,8.11,"Adobe Illustrator, Adobe Photoshop, Figma","Attention to Detail, Creativity",Introvert,Less than 4 LPA,No Certification,I prefer working alone,Kinesthetic,No,Yes,UI/UX Designer
B.Tech,Computer Science,9.33,"Python, Scikit-learn, R","Critical Thinking, Problem-Solving",Ambivert,12+ LPA,Google Data Analytics,I prefer working alone,Visual,Yes,No,Data Scientist
B.Tech,Computer Science,9.79,"Java, SQL, Python, JavaScript","Teamwork, Problem-Solving",Introvert,8-12 LPA,No Certification,I prefer working alone,Kinesthetic,Yes,No,Software Developer
M.Tech,Computer Science,9.47,"Python, R, SQL, TensorFlow","Critical Thinking, Problem-Solving",Introvert,12+ LPA,Google Data Analytics,I prefer working alone,Visual,Yes,Yes,Data Scientist
MBA,Finance,8.32,"MS Excel, Financial Modeling, Tableau","Attention to Detail, Analytical Skills",Extrovert,8-12 LPA,No Certification,I prefer working alone,Visual,Maybe,No,Financial Analyst
MBA,Marketing,7.42,"SEO, Digital Marketing","Communication, Creativity",Extrovert,12+ LPA,Google Digital Marketing,I prefer working in a team,Visual,Maybe,No,Marketing Manager
B.Tech,Mechanical Engineering,8.13,"SolidWorks, MATLAB","Problem-Solving, Teamwork",Ambivert,8-12 LPA,Certified SOLIDWORKS Professional,I prefer working in a team,Kinesthetic,Maybe,Yes,Mechanical Engineer
B.Tech,Computer Science,8.78,"Git, JavaScript","Teamwork, Problem-Solving",Introvert,8-12 LPA,Coursera - Python for Everybody,I like a mix of both,Kinesthetic,Yes,No,Software Developer
M.Tech,AI & ML,9.7,"TensorFlow, PyTorch, NLP, Computer Vision, Python","Research, Critical Thinking",Introvert,12+ LPA,Deep Learning Specialization,I prefer working alone,Read/Write,Yes,Yes,Data Scientist
M.Tech,Computer Science,9.9,"Python, Computer Vision, PyTorch, NLP","Research, Critical Thinking",Introvert,12+ LPA,Deep Learning Specialization,I prefer working alone,Read/Write,Yes,Yes,AI Specialist
MBA,Business Administration,8.85,"Digital Marketing, Social Media Management, SEO","Communication, Creativity",Extrovert,12+ LPA,HubSpot Content Marketing,I prefer working in a team,Visual,Maybe,No,Social Media Manager
B.Tech,Computer Science,8.62,"Python, SQL, Java, Git","Problem-Solving, Teamwork",Ambivert,12+ LPA,Coursera - Python for Everybody,I prefer working alone,Visual,Yes,No,Software Developer
B.Des,Fine Arts,8.19,"Adobe Photoshop, Adobe Illustrator, Figma","Creativity, Attention to Detail",Ambivert,4-8 LPA,No Certification,I prefer working alone,Kinesthetic,No,No,Graphic Designer
M.Tech,Computer Science,9.67,"Computer Vision, TensorFlow, Python, NLP","Critical Thinking, Research",Introvert,12+ LPA,TensorFlow Developer,I prefer working alone,Read/Write,Yes,Yes,AI Specialist
B.Tech,Mechanical Engineering,8.82,"AutoCAD, SolidWorks","Teamwork, Problem-Solving",Ambivert,8-12 LPA,Certified SOLIDWORKS Professional,I prefer working in a team,Kinesthetic,Yes,Yes,Civil Engineer
M.Tech,Computer Science,9.9,"Computer Vision, NLP, Python, TensorFlow","Research, Critical Thinking",Introvert,12+ LPA,TensorFlow Developer,I prefer working alone,Read/Write,Yes,Yes,Data Scientist
B.Tech,Mechanical Engineering,7.32,"SolidWorks, AutoCAD","Problem-Solving, Teamwork",Ambivert,4-8 LPA,Certified SOLIDWORKS Professional,I prefer working in a team,Kinesthetic,Yes,Yes,Mechanical Engineer
M.Tech,AI & ML,9.96,"NLP, TensorFlow","Research, Critical Thinking",Introvert,12+ LPA,TensorFlow Developer,I prefer working alone,Read/Write,Yes,Yes,Data Scientist
Diploma,Mechanical Engineering,7.05,"MATLAB, AutoCAD","Teamwork, Problem-Solving",Ambivert,4-8 LPA,Certified SOLIDWORKS Professional,I prefer working in a team,Kinesthetic,Maybe,Yes,Mechanical Engineer
M.Tech,Computer Science,9.75,"Python, TensorFlow, SQL","Critical Thinking, Problem-Solving",Ambivert,12+ LPA,IBM Data Science,I prefer working alone,Visual,Yes,Yes,Data Scientist
BBA,Marketing,7.27,"Google Analytics, SEO","Creativity, Communication",Extrovert,12+ LPA,HubSpot Content Marketing,I prefer working in a team,Auditory,Yes,No,Social Media Manager
MBA,Commerce,8.19,"Tableau, MS Excel, Financial Modeling, SQL","Analytical Skills, Attention to Detail",Ambivert,4-8 LPA,CFA,I prefer working alone,Visual,Maybe,Yes,Financial Analyst
MBA,Finance,7.77,"Financial Modeling, SQL","Analytical Skills, Attention to Detail",Ambivert,4-8 LPA,CFA,I prefer working alone,Read/Write,Maybe,Yes,Financial Analyst
B.Com,Commerce,8.45,"Tableau, Financial Modeling, MS Excel, SQL","Analytical Skills, Attention to Detail",Ambivert,8-12 LPA,No Certification,I prefer working alone,Read/Write,No,No,Financial Analyst
B.Tech,Graphic Design,7.67,"Sketch, User Research, Figma, Adobe XD","Creativity, Problem-Solving",Ambivert,12+ LPA,No Certification,I like a mix of both,Kinesthetic,No,No,UI/UX Designer
B.Tech,Data Science,9.56,"TensorFlow, Python, R, SQL, Scikit-learn","Problem-Solving, Critical Thinking",Introvert,12+ LPA,IBM Data Science,I prefer working alone,Visual,Yes,Yes,Data Scientist
M.Tech,Data Science,9.32,"Python, Scikit-learn","Problem-Solving, Critical Thinking",Introvert,8-12 LPA,Google Data Analytics,I prefer working alone,Read/Write,Yes,No,AI Specialist
B.Tech,Data Science,8.56,"Scikit-learn, TensorFlow, Python, R","Problem-Solving, Critical Thinking",Ambivert,8-12 LPA,Google Data Analytics,I prefer working alone,Read/Write,Yes,Yes,Data Scientist
Diploma,Mechanical Engineering,8.66,"AutoCAD, MATLAB","Teamwork, Problem-Solving",Ambivert,8-12 LPA,Certified SOLIDWORKS Professional,I prefer working in a team,Kinesthetic,Yes,Yes,Mechanical Engineer
Diploma,Mechanical Engineering,9.0,"AutoCAD, SolidWorks, MATLAB","Problem-Solving, Teamwork",Ambivert,4-8 LPA,Certified SOLIDWORKS Professional,I prefer working in a team,Kinesthetic,Yes,Yes,Mechanical Engineer
B.Tech,Mechanical Engineering,8.33,"MATLAB, SolidWorks, AutoCAD","Problem-Solving, Teamwork",Ambivert,8-12 LPA,Certified SOLIDWORKS Professional,I prefer working in a team,Kinesthetic,Maybe,Yes,Mechanical Engineer
M.Tech,Computer Science,9.23,"TensorFlow, Computer Vision, Python, NLP, PyTorch","Research, Critical Thinking",Introvert,12+ LPA,Deep Learning Specialization,I prefer working alone,Read/Write,Yes,Yes,AI Specialist
B.Tech,Human-Computer Interaction,9.18,"Adobe XD, User Research","Problem-Solving, Empathy",Ambivert,8-12 LPA,Nielsen Norman Group UX Certification,I like a mix of both,Visual,Yes,No,Graphic Designer
M.Tech,AI & ML,9.39,"TensorFlow, Computer Vision","Critical Thinking, Research",Introvert,12+ LPA,Deep Learning Specialization,I prefer working alone,Read/Write,Yes,Yes,AI Specialist
B.Tech,Computer Science,8.84,"SQL, JavaScript","Teamwork, Problem-Solving",Ambivert,8-12 LPA,No Certification,I prefer working alone,Kinesthetic,Yes,No,Data Scientist
M.Tech,Computer Science,9.08,"TensorFlow, Python, R","Critical Thinking, Problem-Solving",Introvert,8-12 LPA,IBM Data Science,I prefer working alone,Read/Write,Yes,No,Data Scientist
B.Tech,Human-Computer Interaction,9.24,"Adobe XD, User Research","Creativity, Empathy",Ambivert,8-12 LPA,Nielsen Norman Group UX Certification,I like a mix of both,Kinesthetic,Yes,No,UI/UX Designer
B.A.,Fine Arts,8.13,"Adobe Illustrator, Adobe Photoshop","Creativity, Attention to Detail",Ambivert,4-8 LPA,Adobe Certified Expert (ACE),I like a mix of both,Kinesthetic,No,No,Graphic Designer
BBA,Business Administration,7.45,"SEO, Social Media Management, Google Analytics","Communication, Leadership",Extrovert,8-12 LPA,HubSpot Content Marketing,I prefer working in a team,Visual,Maybe,No,Marketing Manager
B.Des,Human-Computer Interaction,7.52,"Figma, Sketch","Empathy, Problem-Solving",Ambivert,12+ LPA,No Certification,I like a mix of both,Kinesthetic,Yes,No,UI/UX Designer
B.Des,Human-Computer Interaction,7.59,"User Research, Adobe XD, Sketch, Figma","Empathy, Problem-Solving",Ambivert,12+ LPA,No Certification,I like a mix of both,Visual,Yes,No,UI/UX Designer
B.Tech,Mechanical Engineering,7.8,"AutoCAD, MATLAB, SolidWorks","Problem-Solving, Teamwork",Ambivert,8-12 LPA,No Certification,I prefer working in a team,Kinesthetic,Yes,Yes,Mechanical Engineer
BBA,Marketing,7.44,"SEO, Digital Marketing, Social Media Management","Leadership, Communication",Extrovert,12+ LPA,Google Digital Marketing,I prefer working in a team,Visual,Maybe,No,Marketing Manager
Diploma,Mechanical Engineering,8.96,"MATLAB, AutoCAD, SolidWorks","Teamwork, Problem-Solving",Ambivert,8-12 LPA,Certified SOLIDWORKS Professional,I prefer working in a team,Kinesthetic,Maybe,Yes,Mechanical Engineer
B.Tech,Human-Computer Interaction,8.73,"User Research, Figma, Adobe XD, Sketch","Empathy, Problem-Solving",Ambivert,8-12 LPA,No Certification,I like a mix of both,Kinesthetic,Yes,No,Graphic Designer
B.Com,Finance,8.34,"MS Excel, SQL, Financial Modeling","Attention to Detail, Analytical Skills",Extrovert,4-8 LPA,CFA,I prefer working alone,Visual,No,Yes,Financial Analyst
B.Tech,Mechanical Engineering,7.43,"AutoCAD, MATLAB","Teamwork, Problem-Solving",Ambivert,8-12 LPA,Certified SOLIDWORKS Professional,I prefer working in a team,Kinesthetic,Yes,Yes,Mechanical Engineer
B.Tech,Computer Science,8.88,"Git, JavaScript, Java, Python, SQL","Teamwork, Problem-Solving",Ambivert,8-12 LPA,Coursera - Python for Everybody,I like a mix of both,Kinesthetic,Maybe,No,Software Developer
B.Tech,Computer Science,9.56,"SQL, Java, Git","Teamwork, Problem-Solving",Ambivert,8-12 LPA,Coursera - Python for Everybody,I prefer working alone,Kinesthetic,Maybe,No,Software Developer
M.Tech,AI & ML,9.04,"Python, NLP, Computer Vision","Research, Critical Thinking",Introvert,12+ LPA,TensorFlow Developer,I prefer working alone,Read/Write,Yes,Yes,AI Specialist
B.Tech,Mechanical Engineering,7.51,"MATLAB, AutoCAD, SolidWorks","Problem-Solving, Teamwork",Ambivert,8-12 LPA,Certified SOLIDWORKS Professional,I prefer working in a team,Kinesthetic,Maybe,Yes,Civil Engineer
B.Tech,Computer Science,9.68,"Git, Java, SQL, Python","Problem-Solving, Teamwork",Introvert,8-12 LPA,No Certification,I like a mix of both,Visual,Yes,No,Software Developer
B.Des,Graphic Design,7.89,"Adobe XD, Sketch","Problem-Solving, Creativity",Ambivert,12+ LPA,No Certification,I like a mix of both,Visual,Yes,No,UI/UX Designer
M.Tech,AI & ML,8.87,"Computer Vision, Python, TensorFlow","Research, Critical Thinking",Introvert,12+ LPA,TensorFlow Developer,I prefer working alone,Read/Write,Yes,Yes,AI Specialist
M.Tech,AI & ML,8.97,"TensorFlow, NLP","Critical Thinking, Research",Introvert,12+ LPA,TensorFlow Developer,I prefer working alone,Read/Write,Yes,Yes,AI Specialist
B.Tech,Mechanical Engineering,8.13,"AutoCAD, SolidWorks, MATLAB","Teamwork, Problem-Solving",Ambivert,8-12 LPA,Certified SOLIDWORKS Professional,I prefer working in a team,Kinesthetic,Yes,Yes,Mechanical Engineer
B.Tech,Data Science,9.02,"Scikit-learn, TensorFlow","Problem-Solving, Critical Thinking",Introvert,12+ LPA,Google Data Analytics,I prefer working alone,Visual,Yes,No,Data Scientist
BBA,Marketing,8.1,"SEO, Google Analytics, Social Media Management, Digital Marketing","Communication, Creativity",Extrovert,12+ LPA,HubSpot Content Marketing,I prefer working in a team,Visual,Yes,No,Marketing Manager
B.Tech,Graphic Design,7.97,"User Research, Adobe XD, Figma, Sketch","Creativity, Empathy",Ambivert,12+ LPA,Nielsen Norman Group UX Certification,I like a mix of both,Visual,Yes,No,UI/UX Designer
B.Tech,Computer Science,9.62,"Git, JavaScript, Java, SQL","Problem-Solving, Teamwork",Ambivert,8-12 LPA,No Certification,I like a mix of both,Kinesthetic,Yes,No,Data Scientist
B.Com,Commerce,9.05,"MS Excel, Tableau, SQL, Financial Modeling","Attention to Detail, Analytical Skills",Ambivert,8-12 LPA,CFA,I prefer working alone,Visual,No,Yes,Financial Analyst
B.Des,Human-Computer Interaction,8.56,"User Research, Sketch","Creativity, Problem-Solving",Ambivert,12+ LPA,No Certification,I like a mix of both,Visual,No,No,Graphic Designer
MBA,Finance,7.68,"SQL, MS Excel, Financial Modeling","Analytical Skills, Attention to Detail",Extrovert,8-12 LPA,No Certification,I prefer working alone,Read/Write,Maybe,Yes,Financial Analyst
BBA,Marketing,8.87,"SEO, Google Analytics, Social Media Management","Creativity, Leadership",Extrovert,8-12 LPA,Google Digital Marketing,I prefer working in a team,Visual,Yes,No,Marketing Manager
B.Tech,Data Science,9.2,"R, Scikit-learn, TensorFlow","Problem-Solving, Critical Thinking",Ambivert,12+ LPA,IBM Data Science,I prefer working alone,Visual,Yes,Yes,Data Scientist
MBA,Marketing,7.25,"Digital Marketing, SEO","Leadership, Creativity",Extrovert,12+ LPA,Google Digital Marketing,I prefer working in a team,Auditory,Yes,No,Marketing Manager
MBA,Business Administration,7.85,"Google Analytics, SEO","Creativity, Leadership",Extrovert,8-12 LPA,Google Digital Marketing,I prefer working in a team,Auditory,Maybe,No,Social Media Manager
MBA,Business Administration,8.14,"SEO, Social Media Management, Google Analytics, Digital Marketing","Communication, Creativity",Extrovert,8-12 LPA,HubSpot Content Marketing,I prefer working in a team,Visual,Yes,No,Marketing Manager
B.Des,Human-Computer Interaction,8.92,"Sketch, Figma, Adobe XD","Problem-Solving, Empathy",Ambivert,8-12 LPA,Nielsen Norman Group UX Certification,I like a mix of both,Kinesthetic,Yes,No,UI/UX Designer
B.Tech,Computer Science,8.6,"JavaScript, Java, SQL, Python","Problem-Solving, Teamwork",Ambivert,8-12 LPA,No Certification,I prefer working alone,Kinesthetic,Yes,No,Software Developer
MBA,Business Administration,7.6,"Google Analytics, Digital Marketing, Social Media Management","Creativity, Leadership",Extrovert,12+ LPA,HubSpot Content Marketing,I prefer working in a team,Auditory,Maybe,No,Marketing Manager
B.Des,Graphic Design,8.93,"Figma, Sketch","Empathy, Problem-Solving",Ambivert,8-12 LPA,Nielsen Norman Group UX Certification,I like a mix of both,Visual,Yes,No,UI/UX Designer
M.Tech,Data Science,8.89,"R, SQL, Python, Scikit-learn","Critical Thinking, Problem-Solving",Introvert,8-12 LPA,Google Data Analytics,I prefer working alone,Visual,Yes,No,AI Specialist
B.Com,Commerce,7.81,"Tableau, MS Excel, SQL","Analytical Skills, Attention to Detail",Ambivert,4-8 LPA,No Certification,I prefer working alone,Read/Write,Maybe,No,Financial Analyst
B.Tech,Computer Science,8.98,"Git, Java","Teamwork, Problem-Solving",Ambivert,8-12 LPA,No Certification,I like a mix of both,Visual,Maybe,No,Software Developer
BBA,Marketing,7.29,"Digital Marketing, Google Analytics","Communication, Creativity",Extrovert,12+ LPA,Google Digital Marketing,I prefer working in a team,Visual,Yes,No,Marketing Manager
B.Des,Graphic Design,7.7,"User Research, Figma","Creativity, Empathy",Ambivert,12+ LPA,No Certification,I like a mix of both,Visual,No,No,UI/UX Designer
B.Tech,Computer Science,9.88,"Scikit-learn, R","Critical Thinking, Problem-Solving",Ambivert,12+ LPA,IBM Data Science,I prefer working alone,Visual,Yes,No,Data Scientist
B.Tech,Computer Science,8.12,"JavaScript, Java","Problem-Solving, Teamwork",Introvert,8-12 LPA,No Certification,I like a mix of both,Kinesthetic,Maybe,No,Data Scientist
B.Com,Commerce,9.16,"Financial Modeling, SQL","Analytical Skills, Attention to Detail",Ambivert,8-12 LPA,No Certification,I prefer working alone,Read/Write,No,Yes,Financial Analyst
B.A.,Graphic Design,7.97,"Adobe Photoshop, Figma","Creativity, Attention to Detail",Introvert,4-8 LPA,Adobe Certified Expert (ACE),I prefer working alone,Kinesthetic,No,No,Graphic Designer
B.Tech,Mechanical Engineering,8.65,"SolidWorks, MATLAB","Teamwork, Problem-Solving",Ambivert,4-8 LPA,No Certification,I prefer working in a team,Kinesthetic,Yes,Yes,Mechanical Engineer
B.Com,Commerce,8.11,"Tableau, SQL","Attention to Detail, Analytical Skills",Ambivert,4-8 LPA,CFA,I prefer working alone,Visual,Maybe,No,Financial Analyst
Diploma,Mechanical Engineering,7.39,"SolidWorks, MATLAB, AutoCAD","Problem-Solving, Teamwork",Ambivert,8-12 LPA,Certified SOLIDWORKS Professional,I prefer working in a team,Kinesthetic,Yes,Yes,Mechanical Engineer
M.Tech,AI & ML,9.89,"TensorFlow, Computer Vision, PyTorch","Critical Thinking, Research",Introvert,12+ LPA,TensorFlow Developer,I prefer working alone,Read/Write,Yes,Yes,Data Scientist
B.Tech,Mechanical Engineering,8.84,"SolidWorks, AutoCAD, MATLAB","Teamwork, Problem-Solving",Ambivert,4-8 LPA,Certified SOLIDWORKS Professional,I prefer working in a team,Kinesthetic,Yes,Yes,Mechanical Engineer
B.Tech,Mechanical Engineering,8.0,"AutoCAD, MATLAB","Teamwork, Problem-Solving",Ambivert,8-12 LPA,No Certification,I prefer working in a team,Kinesthetic,Maybe,Yes,Mechanical Engineer
B.Des,Graphic Design,9.11,"Figma, Adobe XD, Sketch","Creativity, Empathy",Ambivert,12+ LPA,No Certification,I like a mix of both,Visual,Yes,No,UI/UX Designer
B.Com,Commerce,8.97,"Financial Modeling, Tableau, SQL","Analytical Skills, Attention to Detail",Extrovert,4-8 LPA,No Certification,I prefer working alone,Visual,No,Yes,Business Analyst
B.Tech,Computer Science,8.48,"JavaScript, Python, SQL, Git, Java","Problem-Solving, Teamwork",Introvert,8-12 LPA,Coursera - Python for Everybody,I prefer working alone,Kinesthetic,Maybe,No,Software Developer
B.Tech,Mechanical Engineering,8.65,"AutoCAD, MATLAB, SolidWorks","Teamwork, Problem-Solving",Ambivert,8-12 LPA,No Certification,I prefer working in a team,Kinesthetic,Maybe,Yes,Mechanical Engineer
B.A.,Graphic Design,7.83,"Adobe Photoshop, Adobe Illustrator, Figma","Attention to Detail, Creativity",Introvert,Less than 4 LPA,No Certification,I like a mix of both,Visual,No,No,Graphic Designer
B.Tech,Computer Science,9.02,"SQL, Git, Python, Java, JavaScript","Problem-Solving, Teamwork",Ambivert,12+ LPA,Coursera - Python for Everybody,I like a mix of both,Kinesthetic,Yes,No,Software Developer
B.Tech,Computer Science,9.71,"Git, SQL","Teamwork, Problem-Solving",Ambivert,12+ LPA,Coursera - Python for Everybody,I like a mix of both,Kinesthetic,Yes,No,Software Developer
B.Des,Fine Arts,7.86,"Figma, Adobe Photoshop, Adobe Illustrator","Creativity, Attention to Detail",Ambivert,Less than 4 LPA,No Certification,I like a mix of both,Kinesthetic,No,Yes,UI/UX Designer
B.Tech,Computer Science,8.99,"Python, JavaScript, SQL","Teamwork, Problem-Solving",Ambivert,12+ LPA,No Certification,I like a mix of both,Visual,Maybe,No,Software Developer
Diploma,Mechanical Engineering,8.17,"SolidWorks, MATLAB","Problem-Solving, Teamwork",Ambivert,4-8 LPA,Certified SOLIDWORKS Professional,I prefer working in a team,Kinesthetic,Yes,Yes,Mechanical Engineer
BBA,Business Administration,7.28,"Social Media Management, Google Analytics","Communication, Leadership",Extrovert,8-12 LPA,Google Digital Marketing,I prefer working in a team,Visual,Maybe,No,Marketing Manager
B.Tech,Computer Science,8.23,"SQL, Python, JavaScript, Git","Teamwork, Problem-Solving",Ambivert,8-12 LPA,Coursera - Python for Everybody,I prefer working alone,Kinesthetic,Maybe,No,Data Scientist
M.Tech,Computer Science,9.27,"R, Python, TensorFlow","Critical Thinking, Problem-Solving",Ambivert,8-12 LPA,IBM Data Science,I prefer working alone,Visual,Yes,No,AI Specialist
M.Tech,Data Science,9.09,"TensorFlow, R, Python","Critical Thinking, Problem-Solving",Ambivert,8-12 LPA,Google Data Analytics,I prefer working alone,Visual,Yes,Yes,Data Scientist
BBA,Business Administration,7.32,"Social Media Management, Digital Marketing, SEO, Google Analytics","Communication, Leadership",Extrovert,8-12 LPA,Google Digital Marketing,I prefer working in a team,Auditory,Maybe,No,Marketing Manager
M.Tech,Computer Science,9.48,"Computer Vision, NLP, TensorFlow","Critical Thinking, Research",Introvert,12+ LPA,TensorFlow Developer,I prefer working alone,Read/Write,Yes,Yes,AI Specialist
B.Tech,Computer Science,8.6,"TensorFlow, Python, SQL, Scikit-learn, R","Critical Thinking, Problem-Solving",Ambivert,12+ LPA,Google Data Analytics,I prefer working alone,Visual,Yes,No,Data Scientist
B.Tech,Human-Computer Interaction,8.17,"Sketch, Figma, User Research","Problem-Solving, Creativity",Ambivert,8-12 LPA,No Certification,I like a mix of both,Kinesthetic,Yes,No,Graphic Designer
B.Tech,Graphic Design,8.02,"Sketch, Adobe XD, Figma","Creativity, Empathy",Ambivert,8-12 LPA,Nielsen Norman Group UX Certification,I like a mix of both,Visual,Yes,No,UI/UX Designer
B.Tech,Mechanical Engineering,8.4,"MATLAB, SolidWorks","Problem-Solving, Teamwork",Ambivert,4-8 LPA,No Certification,I prefer working in a team,Kinesthetic,Yes,Yes,Mechanical Engineer
M.Tech,Data Science,9.6,"SQL, R, Python, Scikit-learn","Problem-Solving, Critical Thinking",Introvert,12+ LPA,IBM Data Science,I prefer working alone,Visual,Yes,Yes,Data Scientist
B.Tech,Mechanical Engineering,8.67,"MATLAB, AutoCAD, SolidWorks","Problem-Solving, Teamwork",Ambivert,8-12 LPA,No Certification,I prefer working in a team,Kinesthetic,Maybe,Yes,Civil Engineer
B.A.,Fine Arts,7.32,"Adobe Photoshop, Adobe Illustrator, Figma","Creativity, Attention to Detail",Introvert,4-8 LPA,Adobe Certified Expert (ACE),I prefer working alone,Kinesthetic,No,Yes,Graphic Designer
B.Tech,Graphic Design,9.16,"User Research, Figma","Creativity, Problem-Solving",Ambivert,12+ LPA,Nielsen Norman Group UX Certification,I like a mix of both,Visual,Yes,No,Graphic Designer
B.Des,Human-Computer Interaction,7.64,"User Research, Adobe XD","Problem-Solving, Creativity",Ambivert,8-12 LPA,No Certification,I like a mix of both,Kinesthetic,No,No,UI/UX Designer
MBA,Marketing,7.97,"SEO, Google Analytics, Social Media Management","Creativity, Communication",Extrovert,12+ LPA,Google Digital Marketing,I prefer working in a team,Auditory,Maybe,No,Marketing Manager
B.Des,Fine Arts,8.37,"Adobe Illustrator, Figma, Adobe Photoshop","Creativity, Attention to Detail",Introvert,4-8 LPA,Adobe Certified Expert (ACE),I prefer working alone,Visual,No,Yes,Graphic Designer
MBA,Finance,7.85,"Financial Modeling, SQL, MS Excel, Tableau","Attention to Detail, Analytical Skills",Extrovert,8-12 LPA,CFA,I prefer working alone,Read/Write,Maybe,No,Business Analyst
B.Tech,Computer Science,8.99,"Python, Git, Java, SQL, JavaScript","Problem-Solving, Teamwork",Ambivert,12+ LPA,No Certification,I like a mix of both,Visual,Yes,No,Software Developer
B.Tech,Computer Science,8.84,"JavaScript, Git, Java, Python","Problem-Solving, Teamwork",Introvert,12+ LPA,No Certification,I like a mix of both,Kinesthetic,Yes,No,Software Developer
B.Tech,Computer Science,9.24,"SQL, TensorFlow, R, Scikit-learn, Python","Critical Thinking, Problem-Solving",Introvert,8-12 LPA,IBM Data Science,I prefer working alone,Visual,Yes,Yes,AI Specialist
B.Tech,Data Science,8.94,"TensorFlow, Scikit-learn, SQL, Python, R","Problem-Solving, Critical Thinking",Introvert,12+ LPA,IBM Data Science,I prefer working alone,Visual,Yes,No,Data Scientist
M.Tech,AI & ML,9.23,"PyTorch, NLP, Python","Critical Thinking, Research",Introvert,12+ LPA,TensorFlow Developer,I prefer working alone,Read/Write,Yes,Yes,Data Scientist
B.Tech,Mechanical Engineering,7.09,"AutoCAD, MATLAB, SolidWorks","Problem-Solving, Teamwork",Ambivert,4-8 LPA,No Certification,I prefer working in a team,Kinesthetic,Yes,Yes,Mechanical Engineer
MBA,Business Administration,8.66,"SEO, Google Analytics","Leadership, Communication",Extrovert,8-12 LPA,HubSpot Content Marketing,I prefer working in a team,Visual,Yes,No,Marketing Manager
B.Tech,Computer Science,8.58,"Git, JavaScript, Python, SQL","Teamwork, Problem-Solving",Introvert,12+ LPA,No Certification,I prefer working alone,Visual,Yes,No,Data Scientist
Diploma,Mechanical Engineering,8.01,"AutoCAD, MATLAB, SolidWorks","Teamwork, Problem-Solving",Ambivert,4-8 LPA,Certified SOLIDWORKS Professional,I prefer working in a team,Kinesthetic,Yes,Yes,Mechanical Engineer
M.Tech,Computer Science,9.27,"Computer Vision, NLP, TensorFlow, Python, PyTorch","Research, Critical Thinking",Introvert,12+ LPA,TensorFlow Developer,I prefer working alone,Read/Write,Yes,Yes,AI Specialist
Diploma,Mechanical Engineering,8.36,"AutoCAD, SolidWorks","Teamwork, Problem-Solving",Ambivert,8-12 LPA,No Certification,I prefer working in a team,Kinesthetic,Maybe,Yes,Mechanical Engineer
M.Tech,Computer Science,9.75,"Python, TensorFlow","Critical Thinking, Research",Introvert,12+ LPA,Deep Learning Specialization,I prefer working alone,Read/Write,Yes,Yes,Data Scientist
B.Tech,Computer Science,8.48,"Git, Python, Java, SQL, JavaScript","Problem-Solving, Teamwork",Ambivert,8-12 LPA,Coursera - Python for Everybody,I like a mix of both,Visual,Yes,No,Software Developer
MBA,Marketing,7.79,"Social Media Management, SEO, Digital Marketing, Google Analytics","Leadership, Creativity",Extrovert,8-12 LPA,HubSpot Content Marketing,I prefer working in a team,Visual,Yes,No,Social Media Manager
B.Com,Finance,7.85,"MS Excel, Financial Modeling, Tableau","Attention to Detail, Analytical Skills",Extrovert,4-8 LPA,No Certification,I prefer working alone,Visual,No,Yes,Financial Analyst
MBA,Marketing,7.3,"SEO, Digital Marketing, Google Analytics","Leadership, Creativity",Extrovert,12+ LPA,HubSpot Content Marketing,I prefer working in a team,Auditory,Maybe,No,Marketing Manager
B.A.,Fine Arts,6.98,"Figma, Adobe Illustrator","Attention to Detail, Creativity",Introvert,Less than 4 LPA,Adobe Certified Expert (ACE),I like a mix of both,Visual,No,No,Graphic Designer
B.Tech,Computer Science,9.36,"SQL, Java, Python, Git, JavaScript","Teamwork, Problem-Solving",Introvert,12+ LPA,Coursera - Python for Everybody,I prefer working alone,Kinesthetic,Yes,No,Software Developer
B.Tech,Computer Science,9.16,"SQL, Python","Problem-Solving, Teamwork",Introvert,8-12 LPA,Coursera - Python for Everybody,I like a mix of both,Visual,Maybe,No,Software Developer
M.Tech,Computer Science,9.11,"Python, Scikit-learn, SQL, R, TensorFlow","Problem-Solving, Critical Thinking",Introvert,12+ LPA,Google Data Analytics,I prefer working alone,Read/Write,Yes,No,Data Scientist
B.A.,Graphic Design,6.7,"Figma, Adobe Illustrator","Creativity, Attention to Detail",Introvert,Less than 4 LPA,Adobe Certified Expert (ACE),I prefer working alone,Visual,No,Yes,Graphic Designer
M.Tech,Data Science,8.87,"Python, SQL, R, TensorFlow","Problem-Solving, Critical Thinking",Introvert,12+ LPA,Google Data Analytics,I prefer working alone,Read/Write,Yes,No,Data Scientist
B.Tech,Computer Science,9.02,"SQL, JavaScript, Python, Java","Problem-Solving, Teamwork",Introvert,8-12 LPA,Coursera - Python for Everybody,I prefer working alone,Visual,Maybe,No,Software Developer
B.A.,Fine Arts,8.65,"Figma, Adobe Illustrator","Creativity, Attention to Detail",Ambivert,4-8 LPA,No Certification,I prefer working alone,Kinesthetic,No,Yes,Graphic Designer
B.A.,Graphic Design,6.73,"Adobe Photoshop, Figma","Attention to Detail, Creativity",Ambivert,Less than 4 LPA,Adobe Certified Expert (ACE),I prefer working alone,Kinesthetic,No,Yes,UI/UX Designer
B.Tech,Computer Science,8.59,"Java, JavaScript, Python, SQL, Git","Teamwork, Problem-Solving",Introvert,12+ LPA,No Certification,I prefer working alone,Kinesthetic,Maybe,No,Software Developer
BBA,Business Administration,8.29,"Social Media Management, SEO, Digital Marketing, Google Analytics","Creativity, Communication",Extrovert,8-12 LPA,HubSpot Content Marketing,I prefer working in a team,Auditory,Maybe,No,Marketing Manager
M.Tech,Computer Science,8.87,"Python, PyTorch, NLP","Research, Critical Thinking",Introvert,12+ LPA,Deep Learning Specialization,I prefer working alone,Read/Write,Yes,Yes,AI Specialist
B.Tech,Computer Science,8.57,"JavaScript, SQL, Java, Git, Python","Teamwork, Problem-Solving",Ambivert,8-12 LPA,Coursera - Python for Everybody,I prefer working alone,Visual,Yes,No,Software Developer
MBA,Commerce,8.12,"Tableau, SQL, Financial Modeling","Analytical Skills, Attention to Detail",Extrovert,4-8 LPA,CFA,I prefer working alone,Read/Write,No,Yes,Financial Analyst
B.Des,Human-Computer Interaction,8.12,"Adobe XD, User Research, Sketch, Figma","Problem-Solving, Empathy",Ambivert,8-12 LPA,Nielsen Norman Group UX Certification,I like a mix of both,Kinesthetic,Yes,No,UI/UX Designer
B.Tech,Computer Science,9.34,"Java, JavaScript, Git","Teamwork, Problem-Solving",Introvert,8-12 LPA,No Certification,I prefer working alone,Visual,Maybe,No,Data Scientist
B.Des,Fine Arts,7.92,"Adobe Illustrator, Adobe Photoshop","Creativity, Attention to Detail",Introvert,4-8 LPA,Adobe Certified Expert (ACE),I prefer working alone,Kinesthetic,No,No,Graphic Designer
B.Tech,Data Science,9.48,"Scikit-learn, SQL, TensorFlow","Critical Thinking, Problem-Solving",Introvert,12+ LPA,Google Data Analytics,I prefer working alone,Visual,Yes,No,Data Scientist
BBA,Business Administration,7.31,"Social Media Management, Digital Marketing, SEO, Google Analytics","Communication, Leadership",Extrovert,12+ LPA,HubSpot Content Marketing,I prefer working in a team,Visual,Yes,No,Marketing Manager
B.Des,Fine Arts,7.39,"Adobe Illustrator, Figma, Adobe Photoshop","Attention to Detail, Creativity",Introvert,4-8 LPA,Adobe Certified Expert (ACE),I like a mix of both,Visual,No,Yes,Graphic Designer
B.A.,Graphic Design,8.73,"Figma, Adobe Photoshop, Adobe Illustrator","Attention to Detail, Creativity",Introvert,4-8 LPA,No Certification,I like a mix of both,Visual,No,Yes,Graphic Designer
M.Tech,Data Science,8.56,"R, Scikit-learn, Python","Problem-Solving, Critical Thinking",Introvert,8-12 LPA,Google Data Analytics,I prefer working alone,Read/Write,Yes,No,AI Specialist
M.Tech,Computer Science,9.8,"TensorFlow, Computer Vision","Research, Critical Thinking",Introvert,12+ LPA,Deep Learning Specialization,I prefer working alone,Read/Write,Yes,Yes,Data Scientist
B.Tech,Computer Science,9.71,"R, Scikit-learn, TensorFlow, SQL, Python","Problem-Solving, Critical Thinking",Introvert,8-12 LPA,Google Data Analytics,I prefer working alone,Read/Write,Yes,No,Data Scientist
MBA,Marketing,8.3,"Social Media Management, SEO, Google Analytics, Digital Marketing","Creativity, Communication",Extrovert,8-12 LPA,HubSpot Content Marketing,I prefer working in a team,Visual,Maybe,No,Marketing Manager
B.Des,Human-Computer Interaction,8.05,"Sketch, User Research","Problem-Solving, Creativity",Ambivert,12+ LPA,No Certification,I like a mix of both,Kinesthetic,No,No,Graphic Designer
B.Des,Fine Arts,7.81,"Adobe Photoshop, Adobe Illustrator, Figma","Attention to Detail, Creativity",Ambivert,4-8 LPA,No Certification,I like a mix of both,Visual,No,No,Graphic Designer
B.Tech,Computer Science,8.63,"TensorFlow, SQL, Python","Critical Thinking, Problem-Solving",Ambivert,12+ LPA,IBM Data Science,I prefer working alone,Visual,Yes,No,Data Scientist
B.Des,Graphic Design,8.53,"Figma, Adobe Photoshop","Creativity, Attention to Detail",Introvert,Less than 4 LPA,Adobe Certified Expert (ACE),I prefer working alone,Visual,No,No,Graphic Designer
M.Tech,Data Science,9.7,"SQL, TensorFlow, Scikit-learn, Python","Problem-Solving, Critical Thinking",Ambivert,8-12 LPA,Google Data Analytics,I prefer working alone,Visual,Yes,Yes,Data Scientist
MBA,Finance,9.01,"SQL, Tableau","Attention to Detail, Analytical Skills",Ambivert,4-8 LPA,CFA,I prefer working alone,Read/Write,No,No,Financial Analyst
B.Tech,Computer Science,8.24,"JavaScript, Java, Git","Problem-Solving, Teamwork",Introvert,12+ LPA,No Certification,I prefer working alone,Kinesthetic,Maybe,No,Software Developer
B.Des,Fine Arts,7.94,"Figma, Adobe Illustrator, Adobe Photoshop","Creativity, Attention to Detail",Introvert,4-8 LPA,No Certification,I like a mix of both,Visual,No,No,Graphic Designer
B.A.,Graphic Design,8.67,"Adobe Illustrator, Adobe Photoshop","Attention to Detail, Creativity",Introvert,Less than 4 LPA,Adobe Certified Expert (ACE),I like a mix of both,Visual,No,Yes,Graphic Designer
B.Tech,Computer Science,9.18,"JavaScript, SQL","Teamwork, Problem-Solving",Ambivert,12+ LPA,Coursera - Python for Everybody,I like a mix of both,Kinesthetic,Maybe,No,Software Developer
B.Tech,Computer Science,9.24,"Python, SQL","Teamwork, Problem-Solving",Ambivert,8-12 LPA,Coursera - Python for Everybody,I like a mix of both,Kinesthetic,Yes,No,Software Developer
Diploma,Mechanical Engineering,8.65,"AutoCAD, SolidWorks","Teamwork, Problem-Solving",Ambivert,4-8 LPA,No Certification,I prefer working in a team,Kinesthetic,Yes,Yes,Mechanical Engineer
B.Tech,Human-Computer Interaction,8.16,"User Research, Adobe XD, Figma, Sketch","Problem-Solving, Empathy",Ambivert,12+ LPA,No Certification,I like a mix of both,Kinesthetic,No,No,Graphic Designer
MBA,Marketing,7.37,"SEO, Google Analytics, Digital Marketing","Communication, Creativity",Extrovert,8-12 LPA,Google Digital Marketing,I prefer working in a team,Visual,Yes,No,Marketing Manager
M.Tech,AI & ML,9.02,"TensorFlow, NLP, Python","Critical Thinking, Research",Introvert,12+ LPA,TensorFlow Developer,I prefer working alone,Read/Write,Yes,Yes,AI Specialist
Diploma,Mechanical Engineering,8.76,"MATLAB, SolidWorks, AutoCAD","Problem-Solving, Teamwork",Ambivert,4-8 LPA,No Certification,I prefer working in a team,Kinesthetic,Maybe,Yes,Mechanical Engineer
MBA,Commerce,8.75,"SQL, MS Excel","Attention to Detail, Analytical Skills",Extrovert,4-8 LPA,CFA,I prefer working alone,Read/Write,No,Yes,Financial Analyst
B.Des,Fine Arts,7.74,"Adobe Photoshop, Adobe Illustrator, Figma","Creativity, Attention to Detail",Introvert,Less than 4 LPA,Adobe Certified Expert (ACE),I prefer working alone,Kinesthetic,No,Yes,Graphic Designer
B.Tech,Mechanical Engineering,8.56,"SolidWorks, MATLAB, AutoCAD","Teamwork, Problem-Solving",Ambivert,4-8 LPA,No Certification,I prefer working in a team,Kinesthetic,Yes,Yes,Mechanical Engineer
MBA,Finance,8.49,"Tableau, MS Excel, SQL","Analytical Skills, Attention to Detail",Extrovert,4-8 LPA,No Certification,I prefer working alone,Visual,No,Yes,Financial Analyst
M.Tech,Computer Science,9.68,"TensorFlow, Scikit-learn","Problem-Solving, Critical Thinking",Introvert,8-12 LPA,Google Data Analytics,I prefer working alone,Visual,Yes,Yes,AI Specialist
B.Com,Commerce,7.53,"Financial Modeling, SQL, MS Excel","Analytical Skills, Attention to Detail",Ambivert,8-12 LPA,No Certification,I prefer working alone,Visual,Maybe,Yes,Business Analyst
MBA,Finance,8.18,"SQL, Financial Modeling","Analytical Skills, Attention to Detail",Extrovert,4-8 LPA,No Certification,I prefer working alone,Read/Write,Maybe,No,Business Analyst
M.Tech,Computer Science,9.32,"Computer Vision, TensorFlow, PyTorch","Research, Critical Thinking",Introvert,12+ LPA,Deep Learning Specialization,I prefer working alone,Read/Write,Yes,Yes,AI Specialist
B.Tech,Computer Science,9.32,"Python, Git","Problem-Solving, Teamwork",Ambivert,8-12 LPA,No Certification,I prefer working alone,Visual,Maybe,No,Software Developer
M.Tech,Data Science,9.78,"SQL, Python","Problem-Solving, Critical Thinking",Ambivert,8-12 LPA,IBM Data Science,I prefer working alone,Visual,Yes,No,Data Scientist
MBA,Business Administration,8.94,"Digital Marketing, Social Media Management, SEO, Google Analytics","Creativity, Leadership",Extrovert,12+ LPA,Google Digital Marketing,I prefer working in a team,Auditory,Yes,No,Social Media Manager
B.A.,Graphic Design,8.02,"Figma, Adobe Photoshop","Attention to Detail, Creativity",Introvert,Less than 4 LPA,Adobe Certified Expert (ACE),I prefer working alone,Visual,No,Yes,Graphic Designer
B.Com,Finance,8.56,"Tableau, Financial Modeling","Attention to Detail, Analytical Skills",Extrovert,8-12 LPA,No Certification,I prefer working alone,Visual,No,No,Financial Analyst
B.Tech,Graphic Design,8.17,"Sketch, Figma, Adobe XD","Creativity, Empathy",Ambivert,12+ LPA,No Certification,I like a mix of both,Kinesthetic,No,No,UI/UX Designer
M.Tech,Computer Science,8.94,"Python, PyTorch, NLP, Computer Vision","Research, Critical Thinking",Introvert,12+ LPA,Deep Learning Specialization,I prefer working alone,Read/Write,Yes,Yes,Data Scientist
Diploma,Mechanical Engineering,8.49,"SolidWorks, MATLAB, AutoCAD","Problem-Solving, Teamwork",Ambivert,8-12 LPA,No Certification,I prefer working in a team,Kinesthetic,Yes,Yes,Mechanical Engineer
B.A.,Graphic Design,6.82,"Adobe Illustrator, Figma, Adobe Photoshop","Attention to Detail, Creativity",Introvert,4-8 LPA,Adobe Certified Expert (ACE),I prefer working alone,Kinesthetic,No,No,Graphic Designer
Diploma,Mechanical Engineering,7.12,"MATLAB, AutoCAD, SolidWorks","Teamwork, Problem-Solving",Ambivert,4-8 LPA,No Certification,I prefer working in a team,Kinesthetic,Yes,Yes,Mechanical Engineer
B.A.,Graphic Design,8.31,"Adobe Photoshop, Figma","Attention to Detail, Creativity",Ambivert,Less than 4 LPA,Adobe Certified Expert (ACE),I like a mix of both,Kinesthetic,No,Yes,Graphic Designer
B.Des,Human-Computer Interaction,8.0,"Sketch, User Research, Figma","Empathy, Creativity",Ambivert,8-12 LPA,Nielsen Norman Group UX Certification,I like a mix of both,Visual,Yes,No,UI/UX Designer
M.Tech,Data Science,9.76,"SQL, R","Critical Thinking, Problem-Solving",Introvert,8-12 LPA,Google Data Analytics,I prefer working alone,Visual,Yes,No,Data Scientist
B.Tech,Mechanical Engineering,8.09,"SolidWorks, AutoCAD, MATLAB","Problem-Solving, Teamwork",Ambivert,4-8 LPA,Certified SOLIDWORKS Professional,I prefer working in a team,Kinesthetic,Maybe,Yes,Mechanical Engineer
B.Tech,Graphic Design,7.52,"User Research, Sketch","Empathy, Creativity",Ambivert,8-12 LPA,No Certification,I like a mix of both,Visual,No,No,Graphic Designer
B.Tech,Mechanical Engineering,7.8,"SolidWorks, MATLAB","Teamwork, Problem-Solving",Ambivert,8-12 LPA,No Certification,I prefer working in a team,Kinesthetic,Yes,Yes,Mechanical Engineer
M.Tech,Computer Science,9.49,"PyTorch, Computer Vision, TensorFlow, Python, NLP","Research, Critical Thinking",Introvert,12+ LPA,Deep Learning Specialization,I prefer working alone,Read/Write,Yes,Yes,AI Specialist
BBA,Business Administration,7.25,"SEO, Google Analytics, Social Media Management","Leadership, Communication",Extrovert,12+ LPA,Google Digital Marketing,I prefer working in a team,Auditory,Maybe,No,Marketing Manager
B.Com,Commerce,8.88,"SQL, MS Excel, Tableau","Attention to Detail, Analytical Skills",Extrovert,4-8 LPA,No Certification,I prefer working alone,Visual,No,Yes,Financial Analyst
M.Tech,Computer Science,9.11,"Computer Vision, Python","Critical Thinking, Research",Introvert,12+ LPA,TensorFlow Developer,I prefer working alone,Read/Write,Yes,Yes,AI Specialist
B.Tech,Computer Science,8.85,"Git, Python, SQL, Java, JavaScript","Teamwork, Problem-Solving",Ambivert,12+ LPA,Coursera - Python for Everybody,I like a mix of both,Kinesthetic,Maybe,No,Software Developer
B.Tech,Computer Science,8.28,"Python, Java, JavaScript, Git, SQL","Teamwork, Problem-Solving",Introvert,12+ LPA,Coursera - Python for Everybody,I like a mix of both,Visual,Yes,No,Software Developer
B.Tech,Computer Science,8.05,"Java, SQL, JavaScript","Problem-Solving, Teamwork",Introvert,12+ LPA,Coursera - Python for Everybody,I like a mix of both,Visual,Yes,No,Software Developer
B.Tech,Computer Science,9.4,"JavaScript, SQL, Python","Teamwork, Problem-Solving",Ambivert,12+ LPA,Coursera - Python for Everybody,I like a mix of both,Visual,Yes,No,Software Developer
B.Tech,Mechanical Engineering,8.01,"SolidWorks, MATLAB","Problem-Solving, Teamwork",Ambivert,4-8 LPA,Certified SOLIDWORKS Professional,I prefer working in a team,Kinesthetic,Maybe,Yes,Mechanical Engineer
B.Tech,Computer Science,8.1,"Git, Python","Teamwork, Problem-Solving",Ambivert,12+ LPA,No Certification,I prefer working alone,Kinesthetic,Yes,No,Software Developer
B.A.,Graphic Design,7.18,"Adobe Illustrator, Figma","Creativity, Attention to Detail",Introvert,4-8 LPA,No Certification,I like a mix of both,Kinesthetic,No,No,Graphic Designer
B.Tech,Computer Science,8.12,"Python, JavaScript, Git, Java","Teamwork, Problem-Solving",Ambivert,12+ LPA,No Certification,I like a mix of both,Visual,Yes,No,Data Scientist
B.Tech,Computer Science,9.73,"Scikit-learn, Python","Critical Thinking, Problem-Solving",Ambivert,8-12 LPA,Google Data Analytics,I prefer working alone,Visual,Yes,No,Data Scientist
B.Tech,Computer Science,9.49,"Python, JavaScript, SQL, Java","Problem-Solving, Teamwork",Introvert,12+ LPA,Coursera - Python for Everybody,I prefer working alone,Visual,Yes,No,Software Developer
B.Com,Commerce,9.02,"MS Excel, SQL","Analytical Skills, Attention to Detail",Ambivert,4-8 LPA,CFA,I prefer working alone,Visual,Maybe,Yes,Financial Analyst
MBA,Commerce,8.04,"Tableau, Financial Modeling, SQL","Analytical Skills, Attention to Detail",Extrovert,8-12 LPA,CFA,I prefer working alone,Read/Write,No,No,Financial Analyst
BBA,Business Administration,7.54,"Google Analytics, Social Media Management, Digital Marketing","Creativity, Communication",Extrovert,12+ LPA,HubSpot Content Marketing,I prefer working in a team,Auditory,Yes,No,Social Media Manager
MBA,Marketing,7.61,"Digital Marketing, Social Media Management, Google Analytics","Leadership, Communication",Extrovert,8-12 LPA,Google Digital Marketing,I prefer working in a team,Auditory,Maybe,No,Marketing Manager
B.Com,Finance,9.15,"SQL, Tableau, MS Excel","Attention to Detail, Analytical Skills",Ambivert,8-12 LPA,No Certification,I prefer working alone,Read/Write,Maybe,No,Financial Analyst
B.A.,Graphic Design,8.34,"Adobe Photoshop, Figma, Adobe Illustrator","Creativity, Attention to Detail",Introvert,4-8 LPA,Adobe Certified Expert (ACE),I prefer working alone,Visual,No,No,Graphic Designer
B.Tech,Mechanical Engineering,8.36,"AutoCAD, MATLAB, SolidWorks","Teamwork, Problem-Solving",Ambivert,4-8 LPA,No Certification,I prefer working in a team,Kinesthetic,Yes,Yes,Mechanical Engineer
B.Tech,Human-Computer Interaction,8.92,"User Research, Figma, Sketch, Adobe XD","Creativity, Empathy",Ambivert,12+ LPA,No Certification,I like a mix of both,Visual,No,No,UI/UX Designer
B.Com,Finance,7.84,"Financial Modeling, Tableau","Attention to Detail, Analytical Skills",Ambivert,8-12 LPA,CFA,I prefer working alone,Read/Write,No,No,Financial Analyst
B.Tech,Computer Science,9.18,"Java, Git, SQL, JavaScript, Python","Problem-Solving, Teamwork",Introvert,8-12 LPA,No Certification,I like a mix of both,Kinesthetic,Yes,No,Software Developer
B.Tech,Computer Science,8.41,"Python, JavaScript, Java, Git","Problem-Solving, Teamwork",Introvert,12+ LPA,Coursera - Python for Everybody,I prefer working alone,Visual,Maybe,No,Software Developer
B.Tech,Computer Science,8.11,"JavaScript, Java, SQL, Git, Python","Problem-Solving, Teamwork",Ambivert,12+ LPA,No Certification,I prefer working alone,Kinesthetic,Maybe,No,Data Scientist
M.Tech,AI & ML,9.13,"Computer Vision, TensorFlow, NLP","Critical Thinking, Research",Introvert,12+ LPA,Deep Learning Specialization,I prefer working alone,Read/Write,Yes,Yes,AI Specialist
M.Tech,Computer Science,8.87,"PyTorch, Computer Vision, Python, TensorFlow","Research, Critical Thinking",Introvert,12+ LPA,Deep Learning Specialization,I prefer working alone,Read/Write,Yes,Yes,AI Specialist
M.Tech,AI & ML,9.86,"Computer Vision, Python, NLP","Research, Critical Thinking",Introvert,12+ LPA,Deep Learning Specialization,I prefer working alone,Read/Write,Yes,Yes,AI Specialist
B.A.,Fine Arts,7.06,"Adobe Illustrator, Adobe Photoshop","Attention to Detail, Creativity",Introvert,4-8 LPA,Adobe Certified Expert (ACE),I prefer working alone,Visual,No,No,Graphic Designer
B.Tech,Computer Science,8.83,"Java, Git","Problem-Solving, Teamwork",Ambivert,8-12 LPA,No Certification,I prefer working alone,Kinesthetic,Yes,No,Software Developer
M.Tech,Data Science,9.26,"SQL, TensorFlow","Problem-Solving, Critical Thinking",Ambivert,8-12 LPA,IBM Data Science,I prefer working alone,Visual,Yes,No,AI Specialist
B.Tech,Mechanical Engineering,7.61,"MATLAB, SolidWorks","Problem-Solving, Teamwork",Ambivert,4-8 LPA,Certified SOLIDWORKS Professional,I prefer working in a team,Kinesthetic,Maybe,Yes,Mechanical Engineer
BBA,Business Administration,7.58,"Digital Marketing, SEO","Creativity, Communication",Extrovert,8-12 LPA,HubSpot Content Marketing,I prefer working in a team,Visual,Yes,No,Marketing Manager
B.Tech,Computer Science,9.61,"Java, Python, JavaScript","Teamwork, Problem-Solving",Ambivert,8-12 LPA,Coursera - Python for Everybody,I like a mix of both,Kinesthetic,Maybe,No,Software Developer
M.Tech,AI & ML,9.69,"Python, PyTorch, Computer Vision, TensorFlow, NLP","Critical Thinking, Research",Introvert,12+ LPA,Deep Learning Specialization,I prefer working alone,Read/Write,Yes,Yes,AI Specialist
M.Tech,Computer Science,9.37,"NLP, TensorFlow, Computer Vision, PyTorch, Python","Research, Critical Thinking",Introvert,12+ LPA,TensorFlow Developer,I prefer working alone,Read/Write,Yes,Yes,AI Specialist
B.Tech,Graphic Design,8.77,"Sketch, Figma, Adobe XD","Creativity, Problem-Solving",Ambivert,12+ LPA,Nielsen Norman Group UX Certification,I like a mix of both,Kinesthetic,No,No,UI/UX Designer
M.Tech,Computer Science,9.07,"NLP, TensorFlow, Computer Vision, Python","Research, Critical Thinking",Introvert,12+ LPA,TensorFlow Developer,I prefer working alone,Read/Write,Yes,Yes,AI Specialist
MBA,Business Administration,7.5,"Digital Marketing, Social Media Management, Google Analytics","Leadership, Creativity",Extrovert,12+ LPA,HubSpot Content Marketing,I prefer working in a team,Visual,Maybe,No,Marketing Manager
B.Com,Commerce,7.98,"MS Excel, SQL","Analytical Skills, Attention to Detail",Extrovert,4-8 LPA,CFA,I prefer working alone,Visual,No,Yes,Financial Analyst
B.A.,Graphic Design,6.61,"Adobe Photoshop, Figma, Adobe Illustrator","Attention to Detail, Creativity",Ambivert,Less than 4 LPA,Adobe Certified Expert (ACE),I prefer working alone,Kinesthetic,No,No,Graphic Designer
MBA,Marketing,8.77,"SEO, Social Media Management","Creativity, Leadership",Extrovert,8-12 LPA,Google Digital Marketing,I prefer working in a team,Visual,Maybe,No,Marketing Manager
B.Des,Graphic Design,7.68,"User Research, Adobe XD, Sketch","Creativity, Empathy",Ambivert,12+ LPA,Nielsen Norman Group UX Certification,I like a mix of both,Kinesthetic,Yes,No,UI/UX Designer
M.Tech,Computer Science,9.63,"TensorFlow, PyTorch, Python, Computer Vision","Research, Critical Thinking",Introvert,12+ LPA,Deep Learning Specialization,I prefer working alone,Read/Write,Yes,Yes,AI Specialist
B.Tech,Computer Science,9.26,"Java, Python, SQL, JavaScript","Problem-Solving, Teamwork",Ambivert,8-12 LPA,No Certification,I like a mix of both,Kinesthetic,Maybe,No,Software Developer
M.Tech,Computer Science,8.6,"TensorFlow, Python","Problem-Solving, Critical Thinking",Ambivert,8-12 LPA,Google Data Analytics,I prefer working alone,Visual,Yes,No,Data Scientist
BBA,Marketing,8.6,"Digital Marketing, SEO, Social Media Management, Google Analytics","Leadership, Creativity",Extrovert,12+ LPA,HubSpot Content Marketing,I prefer working in a team,Auditory,Yes,No,Marketing Manager
B.Des,Graphic Design,7.63,"Figma, Adobe Illustrator, Adobe Photoshop","Attention to Detail, Creativity",Ambivert,Less than 4 LPA,Adobe Certified Expert (ACE),I prefer working alone,Visual,No,Yes,Graphic Designer
M.Tech,AI & ML,9.02,"PyTorch, NLP, Computer Vision, TensorFlow","Research, Critical Thinking",Introvert,12+ LPA,Deep Learning Specialization,I prefer working alone,Read/Write,Yes,Yes,AI Specialist
B.Des,Fine Arts,7.77,"Figma, Adobe Photoshop","Creativity, Attention to Detail",Introvert,Less than 4 LPA,No Certification,I like a mix of both,Kinesthetic,No,Yes,UI/UX Designer
B.Tech,Computer Science,8.36,"SQL, Java, Git, Python, JavaScript","Teamwork, Problem-Solving",Ambivert,12+ LPA,No Certification,I like a mix of both,Kinesthetic,Yes,No,Software Developer
B.A.,Graphic Design,8.16,"Figma, Adobe Illustrator, Adobe Photoshop","Attention to Detail, Creativity",Ambivert,Less than 4 LPA,Adobe Certified Expert (ACE),I prefer working alone,Kinesthetic,No,Yes,Graphic Designer
MBA,Finance,8.47,"MS Excel, Financial Modeling","Attention to Detail, Analytical Skills",Extrovert,8-12 LPA,CFA,I prefer working alone,Visual,Maybe,No,Financial Analyst
M.Tech,Data Science,8.59,"TensorFlow, Scikit-learn, Python, R","Problem-Solving, Critical Thinking",Introvert,8-12 LPA,IBM Data Science,I prefer working alone,Visual,Yes,No,Data Scientist
BBA,Marketing,8.41,"SEO, Google Analytics, Digital Marketing","Communication, Leadership",Extrovert,8-12 LPA,HubSpot Content Marketing,I prefer working in a team,Auditory,Yes,No,Marketing Manager
B.Des,Graphic Design,6.73,"Adobe Illustrator, Adobe Photoshop, Figma","Attention to Detail, Creativity",Introvert,4-8 LPA,No Certification,I prefer working alone,Kinesthetic,No,No,Graphic Designer
B.Tech,Data Science,9.88,"TensorFlow, Scikit-learn, Python","Problem-Solving, Critical Thinking",Introvert,8-12 LPA,Google Data Analytics,I prefer working alone,Read/Write,Yes,No,Data Scientist
B.Tech,Mechanical Engineering,7.41,"AutoCAD, SolidWorks","Teamwork, Problem-Solving",Ambivert,4-8 LPA,Certified SOLIDWORKS Professional,I prefer working in a team,Kinesthetic,Maybe,Yes,Civil Engineer
MBA,Finance,7.52,"SQL, Tableau","Analytical Skills, Attention to Detail",Extrovert,8-12 LPA,No Certification,I prefer working alone,Visual,Maybe,No,Financial Analyst
B.Tech,Mechanical Engineering,8.67,"MATLAB, SolidWorks, AutoCAD","Problem-Solving, Teamwork",Ambivert,8-12 LPA,No Certification,I prefer working in a team,Kinesthetic,Yes,Yes,Civil Engineer
B.A.,Fine Arts,8.05,"Adobe Illustrator, Adobe Photoshop","Attention to Detail, Creativity",Ambivert,Less than 4 LPA,Adobe Certified Expert (ACE),I prefer working alone,Kinesthetic,No,Yes,Graphic Designer
M.Tech,Computer Science,9.81,"SQL, R","Critical Thinking, Problem-Solving",Introvert,8-12 LPA,Google Data Analytics,I prefer working alone,Read/Write,Yes,No,AI Specialist
M.Tech,AI & ML,9.47,"NLP, Computer Vision","Critical Thinking, Research",Introvert,12+ LPA,Deep Learning Specialization,I prefer working alone,Read/Write,Yes,Yes,AI Specialist
B.Des,Fine Arts,6.91,"Adobe Photoshop, Figma, Adobe Illustrator","Attention to Detail, Creativity",Introvert,4-8 LPA,No Certification,I like a mix of both,Kinesthetic,No,No,Graphic Designer
B.Tech,Computer Science,9.62,"Git, Python, SQL, Java","Problem-Solving, Teamwork",Ambivert,12+ LPA,Coursera - Python for Everybody,I prefer working alone,Kinesthetic,Yes,No,Software Developer
BBA,Marketing,8.06,"SEO, Google Analytics, Digital Marketing, Social Media Management","Leadership, Creativity",Extrovert,8-12 LPA,Google Digital Marketing,I prefer working in a team,Auditory,Maybe,No,Marketing Manager
B.Des,Graphic Design,8.15,"Adobe Illustrator, Adobe Photoshop, Figma","Attention to Detail, Creativity",Ambivert,Less than 4 LPA,Adobe Certified Expert (ACE),I like a mix of both,Kinesthetic,No,Yes,Graphic Designer
M.Tech,Computer Science,9.98,"TensorFlow, Python, PyTorch, NLP","Critical Thinking, Research",Introvert,12+ LPA,Deep Learning Specialization,I prefer working alone,Read/Write,Yes,Yes,AI Specialist
B.Tech,Mechanical Engineering,8.27,"AutoCAD, SolidWorks","Teamwork, Problem-Solving",Ambivert,4-8 LPA,No Certification,I prefer working in a team,Kinesthetic,Maybe,Yes,Mechanical Engineer
M.Tech,Computer Science,8.83,"Scikit-learn, TensorFlow","Problem-Solving, Critical Thinking",Introvert,12+ LPA,Google Data Analytics,I prefer working alone,Read/Write,Yes,No,Data Scientist
B.A.,Fine Arts,6.57,"Figma, Adobe Photoshop, Adobe Illustrator","Creativity, Attention to Detail",Introvert,4-8 LPA,No Certification,I like a mix of both,Kinesthetic,No,Yes,UI/UX Designer
B.Tech,Human-Computer Interaction,7.92,"User Research, Adobe XD, Sketch","Empathy, Creativity",Ambivert,8-12 LPA,Nielsen Norman Group UX Certification,I like a mix of both,Visual,Yes,No,Graphic Designer
M.Tech,Computer Science,9.36,"TensorFlow, Scikit-learn","Problem-Solving, Critical Thinking",Ambivert,8-12 LPA,Google Data Analytics,I prefer working alone,Visual,Yes,No,Data Scientist
M.Tech,AI & ML,9.54,"PyTorch, NLP, TensorFlow, Python","Critical Thinking, Research",Introvert,12+ LPA,TensorFlow Developer,I prefer working alone,Read/Write,Yes,Yes,AI Specialist
M.Tech,AI & ML,8.9,"Computer Vision, PyTorch, NLP","Research, Critical Thinking",Introvert,12+ LPA,Deep Learning Specialization,I prefer working alone,Read/Write,Yes,Yes,Data Scientist
B.Tech,Graphic Design,8.29,"Figma, Sketch, Adobe XD","Empathy, Creativity",Ambivert,12+ LPA,Nielsen Norman Group UX Certification,I like a mix of both,Visual,No,No,Graphic Designer
M.Tech,Data Science,8.72,"SQL, Scikit-learn, Python, R","Critical Thinking, Problem-Solving",Introvert,12+ LPA,Google Data Analytics,I prefer working alone,Visual,Yes,No,Data Scientist
B.Des,Fine Arts,6.72,"Adobe Photoshop, Adobe Illustrator","Attention to Detail, Creativity",Introvert,4-8 LPA,No Certification,I like a mix of both,Kinesthetic,No,No,Graphic Designer
MBA,Finance,8.11,"Financial Modeling, MS Excel, Tableau, SQL","Analytical Skills, Attention to Detail",Ambivert,8-12 LPA,No Certification,I prefer working alone,Visual,Maybe,Yes,Financial Analyst
B.Tech,Computer Science,8.4,"JavaScript, Java","Problem-Solving, Teamwork",Ambivert,8-12 LPA,No Certification,I prefer working alone,Kinesthetic,Yes,No,Software Developer
M.Tech,Computer Science,9.34,"Python, PyTorch, TensorFlow, NLP, Computer Vision","Research, Critical Thinking",Introvert,12+ LPA,TensorFlow Developer,I prefer working alone,Read/Write,Yes,Yes,AI Specialist
MBA,Commerce,8.79,"Financial Modeling, Tableau, MS Excel, SQL","Attention to Detail, Analytical Skills",Ambivert,8-12 LPA,No Certification,I prefer working alone,Visual,Maybe,No,Financial Analyst
B.Tech,Computer Science,9.78,"SQL, Python, Java, JavaScript, Git","Teamwork, Problem-Solving",Ambivert,12+ LPA,Coursera - Python for Everybody,I like a mix of both,Visual,Maybe,No,Software Developer
M.Tech,Computer Science,8.76,"Scikit-learn, Python","Critical Thinking, Problem-Solving",Ambivert,8-12 LPA,Google Data Analytics,I prefer working alone,Visual,Yes,No,Data Scientist
B.Tech,Computer Science,8.56,"Python, JavaScript","Teamwork, Problem-Solving",Ambivert,8-12 LPA,Coursera - Python for Everybody,I like a mix of both,Kinesthetic,Yes,No,Software Developer
MBA,Marketing,8.13,"Social Media Management, Google Analytics, Digital Marketing","Leadership, Communication",Extrovert,12+ LPA,HubSpot Content Marketing,I prefer working in a team,Visual,Maybe,No,Marketing Manager
Diploma,Mechanical Engineering,8.69,"SolidWorks, MATLAB, AutoCAD","Teamwork, Problem-Solving",Ambivert,4-8 LPA,Certified SOLIDWORKS Professional,I prefer working in a team,Kinesthetic,Yes,Yes,Mechanical Engineer
M.Tech,Data Science,9.59,"Scikit-learn, R, Python","Problem-Solving, Critical Thinking",Ambivert,8-12 LPA,IBM Data Science,I prefer working alone,Read/Write,Yes,Yes,AI Specialist
M.Tech,Computer Science,8.91,"SQL, Python, Scikit-learn, R, TensorFlow","Problem-Solving, Critical Thinking",Introvert,8-12 LPA,Google Data Analytics,I prefer working alone,Read/Write,Yes,No,Data Scientist
B.Des,Graphic Design,8.33,"Adobe Illustrator, Adobe Photoshop","Attention to Detail, Creativity",Introvert,Less than 4 LPA,Adobe Certified Expert (ACE),I like a mix of both,Visual,No,No,Graphic Designer
B.Tech,Human-Computer Interaction,7.55,"Figma, Adobe XD","Creativity, Empathy",Ambivert,8-12 LPA,Nielsen Norman Group UX Certification,I like a mix of both,Visual,No,No,Graphic Designer
M.Tech,Computer Science,8.89,"Computer Vision, PyTorch, NLP, Python","Research, Critical Thinking",Introvert,12+ LPA,Deep Learning Specialization,I prefer working alone,Read/Write,Yes,Yes,AI Specialist
M.Tech,Data Science,9.35,"R, Scikit-learn","Critical Thinking, Problem-Solving",Introvert,12+ LPA,Google Data Analytics,I prefer working alone,Read/Write,Yes,Yes,Data Scientist
M.Tech,Computer Science,9.57,"NLP, PyTorch","Research, Critical Thinking",Introvert,12+ LPA,Deep Learning Specialization,I prefer working alone,Read/Write,Yes,Yes,Data Scientist
BBA,Marketing,8.41,"Google Analytics, SEO, Digital Marketing, Social Media Management","Creativity, Communication",Extrovert,12+ LPA,HubSpot Content Marketing,I prefer working in a team,Auditory,Maybe,No,Marketing Manager
B.Tech,Computer Science,9.65,"SQL, Java, Git, JavaScript, Python","Problem-Solving, Teamwork",Introvert,8-12 LPA,No Certification,I prefer working alone,Visual,Maybe,No,Software Developer
B.Des,Human-Computer Interaction,9.07,"Adobe XD, User Research, Sketch","Empathy, Problem-Solving",Ambivert,8-12 LPA,No Certification,I like a mix of both,Kinesthetic,No,No,UI/UX Designer
Diploma,Mechanical Engineering,7.8,"AutoCAD, SolidWorks, MATLAB","Problem-Solving, Teamwork",Ambivert,4-8 LPA,No Certification,I prefer working in a team,Kinesthetic,Maybe,Yes,Civil Engineer
M.Tech,Computer Science,8.75,"TensorFlow, R, Python, SQL, Scikit-learn","Problem-Solving, Critical Thinking",Introvert,12+ LPA,Google Data Analytics,I prefer working alone,Visual,Yes,No,Data Scientist
MBA,Commerce,8.87,"MS Excel, SQL","Attention to Detail, Analytical Skills",Ambivert,8-12 LPA,No Certification,I prefer working alone,Read/Write,No,Yes,Financial Analyst
B.Tech,Human-Computer Interaction,9.22,"Sketch, Adobe XD, User Research","Empathy, Problem-Solving",Ambivert,8-12 LPA,Nielsen Norman Group UX Certification,I like a mix of both,Visual,Yes,No,UI/UX Designer
B.Tech,Computer Science,9.37,"Python, JavaScript","Teamwork, Problem-Solving",Ambivert,12+ LPA,Coursera - Python for Everybody,I prefer working alone,Kinesthetic,Maybe,No,Software Developer
B.Tech,Computer Science,8.99,"Java, JavaScript, Git, SQL, Python","Problem-Solving, Teamwork",Introvert,8-12 LPA,Coursera - Python for Everybody,I like a mix of both,Visual,Maybe,No,Software Developer
B.Des,Graphic Design,7.16,"Adobe Illustrator, Figma","Attention to Detail, Creativity",Ambivert,4-8 LPA,Adobe Certified Expert (ACE),I prefer working alone,Kinesthetic,No,No,Graphic Designer
MBA,Business Administration,7.49,"Google Analytics, Social Media Management","Communication, Creativity",Extrovert,8-12 LPA,Google Digital Marketing,I prefer working in a team,Auditory,Yes,No,Marketing Manager
MBA,Business Administration,8.24,"Social Media Management, SEO, Google Analytics","Creativity, Leadership",Extrovert,8-12 LPA,Google Digital Marketing,I prefer working in a team,Visual,Maybe,No,Marketing Manager
B.Tech,Computer Science,9.33,"Git, Java, JavaScript, SQL, Python","Problem-Solving, Teamwork",Ambivert,8-12 LPA,No Certification,I prefer working alone,Visual,Yes,No,Software Developer
B.Com,Finance,8.21,"MS Excel, Tableau","Analytical Skills, Attention to Detail",Ambivert,8-12 LPA,CFA,I prefer working alone,Read/Write,No,No,Financial Analyst
M.Tech,AI & ML,9.97,"NLP, Computer Vision, TensorFlow","Research, Critical Thinking",Introvert,12+ LPA,Deep Learning Specialization,I prefer working alone,Read/Write,Yes,Yes,AI Specialist
B.Com,Finance,8.25,"MS Excel, SQL, Financial Modeling","Analytical Skills, Attention to Detail",Extrovert,8-12 LPA,No Certification,I prefer working alone,Read/Write,Maybe,Yes,Financial Analyst
B.A.,Graphic Design,7.79,"Adobe Photoshop, Adobe Illustrator, Figma","Creativity, Attention to Detail",Introvert,4-8 LPA,Adobe Certified Expert (ACE),I prefer working alone,Visual,No,Yes,Graphic Designer
BBA,Marketing,8.99,"Social Media Management, Digital Marketing","Leadership, Communication",Extrovert,12+ LPA,HubSpot Content Marketing,I prefer working in a team,Auditory,Yes,No,Marketing Manager
Diploma,Mechanical Engineering,8.66,"SolidWorks, MATLAB, AutoCAD","Teamwork, Problem-Solving",Ambivert,4-8 LPA,No Certification,I prefer working in a team,Kinesthetic,Yes,Yes,Mechanical Engineer
B.Tech,Mechanical Engineering,8.4,"MATLAB, AutoCAD","Teamwork, Problem-Solving",Ambivert,8-12 LPA,Certified SOLIDWORKS Professional,I prefer working in a team,Kinesthetic,Maybe,Yes,Mechanical Engineer
B.Tech,Computer Science,9.4,"SQL, Python, Git, Java","Problem-Solving, Teamwork",Introvert,8-12 LPA,No Certification,I prefer working alone,Kinesthetic,Yes,No,Software Developer
M.Tech,AI & ML,9.38,"Computer Vision, PyTorch","Research, Critical Thinking",Introvert,12+ LPA,TensorFlow Developer,I prefer working alone,Read/Write,Yes,Yes,AI Specialist
B.Com,Finance,7.78,"Tableau, Financial Modeling, MS Excel","Attention to Detail, Analytical Skills",Extrovert,4-8 LPA,CFA,I prefer working alone,Read/Write,No,Yes,Financial Analyst
M.Tech,Computer Science,9.44,"Computer Vision, Python, PyTorch, TensorFlow, NLP","Research, Critical Thinking",Introvert,12+ LPA,Deep Learning Specialization,I prefer working alone,Read/Write,Yes,Yes,AI Specialist
M.Tech,Computer Science,9.07,"TensorFlow, Python","Problem-Solving, Critical Thinking",Introvert,12+ LPA,Google Data Analytics,I prefer working alone,Visual,Yes,No,Data Scientist
B.Tech,Human-Computer Interaction,8.38,"User Research, Adobe XD","Empathy, Creativity",Ambivert,12+ LPA,No Certification,I like a mix of both,Visual,Yes,No,UI/UX Designer
B.A.,Graphic Design,7.67,"Adobe Illustrator, Figma","Creativity, Attention to Detail",Introvert,4-8 LPA,Adobe Certified Expert (ACE),I like a mix of both,Visual,No,No,Graphic Designer
B.Tech,Data Science,9.8,"Scikit-learn, TensorFlow, Python","Problem-Solving, Critical Thinking",Introvert,8-12 LPA,Google Data Analytics,I prefer working alone,Read/Write,Yes,Yes,AI Specialist
B.Tech,Computer Science,9.13,"TensorFlow, Python, R, SQL","Critical Thinking, Problem-Solving",Introvert,12+ LPA,IBM Data Science,I prefer working alone,Read/Write,Yes,No,Data Scientist
B.Tech,Graphic Design,8.62,"User Research, Sketch","Creativity, Empathy",Ambivert,8-12 LPA,No Certification,I like a mix of both,Kinesthetic,No,No,UI/UX Designer
B.Com,Commerce,8.23,"Tableau, SQL, MS Excel, Financial Modeling","Analytical Skills, Attention to Detail",Extrovert,4-8 LPA,No Certification,I prefer working alone,Visual,No,No,Financial Analyst
BBA,Marketing,7.44,"Digital Marketing, SEO, Social Media Management, Google Analytics","Leadership, Creativity",Extrovert,12+ LPA,HubSpot Content Marketing,I prefer working in a team,Visual,Maybe,No,Social Media Manager
B.Des,Human-Computer Interaction,7.65,"User Research, Figma, Adobe XD","Creativity, Problem-Solving",Ambivert,12+ LPA,Nielsen Norman Group UX Certification,I like a mix of both,Kinesthetic,No,No,UI/UX Designer
BBA,Business Administration,8.24,"Digital Marketing, Google Analytics","Creativity, Communication",Extrovert,8-12 LPA,Google Digital Marketing,I prefer working in a team,Auditory,Yes,No,Marketing Manager
B.Tech,Data Science,9.37,"Python, SQL, R, Scikit-learn, TensorFlow","Problem-Solving, Critical Thinking",Introvert,8-12 LPA,Google Data Analytics,I prefer working alone,Visual,Yes,Yes,Data Scientist
B.Tech,Computer Science,9.38,"JavaScript, Java, Python, SQL","Teamwork, Problem-Solving",Introvert,12+ LPA,Coursera - Python for Everybody,I like a mix of both,Kinesthetic,Yes,No,Software Developer
M.Tech,Data Science,9.62,"Python, Scikit-learn, SQL","Critical Thinking, Problem-Solving",Ambivert,12+ LPA,IBM Data Science,I prefer working alone,Visual,Yes,Yes,Data Scientist
B.Tech,Data Science,9.5,"Python, R, Scikit-learn, TensorFlow, SQL","Problem-Solving, Critical Thinking",Ambivert,12+ LPA,Google Data Analytics,I prefer working alone,Visual,Yes,Yes,Data Scientist
MBA,Business Administration,7.29,"SEO, Digital Marketing","Creativity, Communication",Extrovert,12+ LPA,HubSpot Content Marketing,I prefer working in a team,Visual,Maybe,No,Marketing Manager
M.Tech,Data Science,9.23,"R, TensorFlow, SQL, Scikit-learn","Problem-Solving, Critical Thinking",Introvert,8-12 LPA,Google Data Analytics,I prefer working alone,Visual,Yes,No,Data Scientist
Diploma,Mechanical Engineering,7.05,"SolidWorks, MATLAB, AutoCAD","Problem-Solving, Teamwork",Ambivert,8-12 LPA,No Certification,I prefer working in a team,Kinesthetic,Yes,Yes,Mechanical Engineer
MBA,Commerce,8.27,"SQL, Financial Modeling, Tableau","Analytical Skills, Attention to Detail",Extrovert,4-8 LPA,CFA,I prefer working alone,Read/Write,Maybe,No,Financial Analyst
B.Tech,Computer Science,8.27,"JavaScript, SQL, Python","Teamwork, Problem-Solving",Introvert,12+ LPA,Coursera - Python for Everybody,I prefer working alone,Kinesthetic,Maybe,No,Software Developer
B.Des,Graphic Design,7.2,"Figma, Adobe Photoshop, Adobe Illustrator","Creativity, Attention to Detail",Introvert,Less than 4 LPA,Adobe Certified Expert (ACE),I like a mix of both,Kinesthetic,No,Yes,Graphic Designer
B.Des,Fine Arts,8.13,"Adobe Photoshop, Figma","Creativity, Attention to Detail",Introvert,Less than 4 LPA,Adobe Certified Expert (ACE),I like a mix of both,Kinesthetic,No,No,Graphic Designer
B.Tech,Computer Science,9.71,"JavaScript, Git","Teamwork, Problem-Solving",Introvert,12+ LPA,No Certification,I prefer working alone,Kinesthetic,Yes,No,Software Developer
B.Des,Graphic Design,8.1,"Adobe XD, Sketch","Creativity, Empathy",Ambivert,12+ LPA,Nielsen Norman Group UX Certification,I like a mix of both,Visual,Yes,No,Graphic Designer
B.Tech,Computer Science,8.81,"Git, JavaScript, Python","Problem-Solving, Teamwork",Introvert,8-12 LPA,Coursera - Python for Everybody,I like a mix of both,Kinesthetic,Yes,No,Software Developer
M.Tech,Computer Science,9.52,"TensorFlow, PyTorch, Python, NLP","Research, Critical Thinking",Introvert,12+ LPA,Deep Learning Specialization,I prefer working alone,Read/Write,Yes,Yes,AI Specialist
B.Tech,Computer Science,8.68,"TensorFlow, SQL, Scikit-learn, Python","Problem-Solving, Critical Thinking",Ambivert,12+ LPA,IBM Data Science,I prefer working alone,Visual,Yes,No,AI Specialist
BBA,Marketing,8.27,"SEO, Social Media Management, Google Analytics, Digital Marketing","Leadership, Creativity",Extrovert,12+ LPA,Google Digital Marketing,I prefer working in a team,Auditory,Yes,No,Social Media Manager
MBA,Business Administration,8.38,"Social Media Management, Google Analytics","Communication, Leadership",Extrovert,8-12 LPA,HubSpot Content Marketing,I prefer working in a team,Visual,Yes,No,Marketing Manager
B.Tech,Human-Computer Interaction,9.13,"Adobe XD, Sketch, User Research","Problem-Solving, Empathy",Ambivert,12+ LPA,No Certification,I like a mix of both,Kinesthetic,No,No,UI/UX Designer
Diploma,Mechanical Engineering,7.74,"AutoCAD, SolidWorks","Problem-Solving, Teamwork",Ambivert,8-12 LPA,No Certification,I prefer working in a team,Kinesthetic,Maybe,Yes,Mechanical Engineer
BBA,Business Administration,7.46,"Google Analytics, Digital Marketing, SEO, Social Media Management","Leadership, Creativity",Extrovert,12+ LPA,HubSpot Content Marketing,I prefer working in a team,Auditory,Yes,No,Marketing Manager
B.Com,Commerce,8.96,"Financial Modeling, Tableau, MS Excel, SQL","Attention to Detail, Analytical Skills",Extrovert,4-8 LPA,No Certification,I prefer working alone,Read/Write,Maybe,Yes,Business Analyst
M.Tech,Computer Science,9.72,"TensorFlow, SQL, Python, Scikit-learn, R","Critical Thinking, Problem-Solving",Ambivert,12+ LPA,IBM Data Science,I prefer working alone,Read/Write,Yes,Yes,Data Scientist
B.Tech,Computer Science,8.58,"SQL, Python, Java, JavaScript","Teamwork, Problem-Solving",Introvert,8-12 LPA,Coursera - Python for Everybody,I like a mix of both,Kinesthetic,Yes,No,Software Developer
M.Tech,AI & ML,8.97,"TensorFlow, Python, Computer Vision, PyTorch","Critical Thinking, Research",Introvert,12+ LPA,TensorFlow Developer,I prefer working alone,Read/Write,Yes,Yes,AI Specialist
B.Tech,Mechanical Engineering,7.55,"MATLAB, SolidWorks","Problem-Solving, Teamwork",Ambivert,4-8 LPA,Certified SOLIDWORKS Professional,I prefer working in a team,Kinesthetic,Maybe,Yes,Mechanical Engineer
B.Tech,Computer Science,9.25,"Python, JavaScript","Teamwork, Problem-Solving",Introvert,8-12 LPA,Coursera - Python for Everybody,I like a mix of both,Visual,Yes,No,Software Developer
M.Tech,Computer Science,9.77,"Computer Vision, PyTorch, NLP, Python, TensorFlow","Research, Critical Thinking",Introvert,12+ LPA,TensorFlow Developer,I prefer working alone,Read/Write,Yes,Yes,AI Specialist
B.Tech,Computer Science,8.43,"SQL, JavaScript, Python, Java, Git","Teamwork, Problem-Solving",Ambivert,12+ LPA,No Certification,I prefer working alone,Visual,Maybe,No,Data Scientist
M.Tech,AI & ML,9.66,"Python, TensorFlow, Computer Vision","Research, Critical Thinking",Introvert,12+ LPA,TensorFlow Developer,I prefer working alone,Read/Write,Yes,Yes,AI Specialist
B.Tech,Mechanical Engineering,8.96,"SolidWorks, MATLAB, AutoCAD","Teamwork, Problem-Solving",Ambivert,4-8 LPA,No Certification,I prefer working in a team,Kinesthetic,Maybe,Yes,Mechanical Engineer
M.Tech,Data Science,9.46,"Python, TensorFlow, SQL, R","Critical Thinking, Problem-Solving",Introvert,8-12 LPA,IBM Data Science,I prefer working alone,Read/Write,Yes,No,Data Scientist
M.Tech,Computer Science,9.59,"SQL, TensorFlow, Scikit-learn, R","Critical Thinking, Problem-Solving",Ambivert,12+ LPA,IBM Data Science,I prefer working alone,Visual,Yes,Yes,Data Scientist
MBA,Commerce,8.64,"Financial Modeling, MS Excel","Attention to Detail, Analytical Skills",Extrovert,8-12 LPA,CFA,I prefer working alone,Read/Write,No,Yes,Business Analyst
M.Tech,Computer Science,9.38,"TensorFlow, NLP, PyTorch, Python, Computer Vision","Critical Thinking, Research",Introvert,12+ LPA,TensorFlow Developer,I prefer working alone,Read/Write,Yes,Yes,AI Specialist
MBA,Finance,8.6,"MS Excel, Tableau, SQL, Financial Modeling","Analytical Skills, Attention to Detail",Extrovert,4-8 LPA,CFA,I prefer working alone,Visual,Maybe,No,Financial Analyst
MBA,Marketing,7.95,"Social Media Management, Digital Marketing, SEO, Google Analytics","Communication, Leadership",Extrovert,8-12 LPA,HubSpot Content Marketing,I prefer working in a team,Auditory,Yes,No,Marketing Manager
B.Tech,Computer Science,8.52,"Git, JavaScript, Python, SQL, Java","Teamwork, Problem-Solving",Introvert,12+ LPA,Coursera - Python for Everybody,I like a mix of both,Kinesthetic,Maybe,No,Software Developer
B.Tech,Computer Science,9.67,"SQL, Python, Git","Teamwork, Problem-Solving",Introvert,12+ LPA,Coursera - Python for Everybody,I like a mix of both,Kinesthetic,Yes,No,Software Developer
B.Des,Fine Arts,7.2,"Adobe Illustrator, Adobe Photoshop","Creativity, Attention to Detail",Introvert,Less than 4 LPA,No Certification,I like a mix of both,Visual,No,Yes,Graphic Designer
B.Tech,Mechanical Engineering,7.44,"MATLAB, SolidWorks","Teamwork, Problem-Solving",Ambivert,8-12 LPA,No Certification,I prefer working in a team,Kinesthetic,Maybe,Yes,Mechanical Engineer
M.Tech,Computer Science,9.11,"Python, PyTorch, TensorFlow","Research, Critical Thinking",Introvert,12+ LPA,Deep Learning Specialization,I prefer working alone,Read/Write,Yes,Yes,AI Specialist
B.Tech,Computer Science,9.21,"JavaScript, Git, SQL, Java","Teamwork, Problem-Solving",Ambivert,12+ LPA,Coursera - Python for Everybody,I like a mix of both,Visual,Yes,No,Software Developer
M.Tech,AI & ML,9.73,"PyTorch, Python","Critical Thinking, Research",Introvert,12+ LPA,Deep Learning Specialization,I prefer working alone,Read/Write,Yes,Yes,AI Specialist
B.A.,Fine Arts,7.05,"Figma, Adobe Photoshop","Attention to Detail, Creativity",Ambivert,4-8 LPA,Adobe Certified Expert (ACE),I prefer working alone,Kinesthetic,No,No,Graphic Designer
MBA,Commerce,7.69,"Financial Modeling, SQL","Analytical Skills, Attention to Detail",Extrovert,4-8 LPA,CFA,I prefer working alone,Visual,No,No,Business Analyst
B.Tech,Computer Science,8.57,"R, TensorFlow","Problem-Solving, Critical Thinking",Ambivert,12+ LPA,IBM Data Science,I prefer working alone,Read/Write,Yes,Yes,AI Specialist
B.Des,Graphic Design,8.14,"Figma, User Research, Sketch, Adobe XD","Problem-Solving, Empathy",Ambivert,12+ LPA,Nielsen Norman Group UX Certification,I like a mix of both,Kinesthetic,Yes,No,UI/UX Designer
B.Com,Finance,8.02,"SQL, Tableau, MS Excel, Financial Modeling","Attention to Detail, Analytical Skills",Extrovert,4-8 LPA,CFA,I prefer working alone,Visual,No,Yes,Financial Analyst
B.Tech,Data Science,8.57,"Python, SQL","Problem-Solving, Critical Thinking",Ambivert,8-12 LPA,Google Data Analytics,I prefer working alone,Read/Write,Yes,Yes,AI Specialist
M.Tech,Computer Science,8.95,"Computer Vision, PyTorch, Python, TensorFlow","Critical Thinking, Research",Introvert,12+ LPA,TensorFlow Developer,I prefer working alone,Read/Write,Yes,Yes,AI Specialist
B.A.,Fine Arts,8.75,"Adobe Illustrator, Figma, Adobe Photoshop","Attention to Detail, Creativity",Introvert,Less than 4 LPA,Adobe Certified Expert (ACE),I prefer working alone,Kinesthetic,No,Yes,Graphic Designer
MBA,Commerce,8.45,"SQL, MS Excel, Tableau","Attention to Detail, Analytical Skills",Ambivert,4-8 LPA,No Certification,I prefer working alone,Visual,No,Yes,Financial Analyst
B.Tech,Computer Science,8.69,"SQL, Python, Git","Teamwork, Problem-Solving",Ambivert,8-12 LPA,Coursera - Python for Everybody,I prefer working alone,Kinesthetic,Yes,No,Software Developer
B.Tech,Mechanical Engineering,7.71,"SolidWorks, MATLAB, AutoCAD","Problem-Solving, Teamwork",Ambivert,8-12 LPA,No Certification,I prefer working in a team,Kinesthetic,Maybe,Yes,Mechanical Engineer
B.Tech,Computer Science,9.13,"JavaScript, Python","Teamwork, Problem-Solving",Introvert,8-12 LPA,No Certification,I prefer working alone,Kinesthetic,Yes,No,Software Developer
B.Tech,Graphic Design,8.29,"User Research, Sketch, Adobe XD, Figma","Creativity, Problem-Solving",Ambivert,8-12 LPA,No Certification,I like a mix of both,Visual,Yes,No,UI/UX Designer
MBA,Finance,8.5,"MS Excel, Financial Modeling, SQL, Tableau","Attention to Detail, Analytical Skills",Ambivert,4-8 LPA,No Certification,I prefer working alone,Visual,No,Yes,Financial Analyst
M.Tech,AI & ML,9.91,"TensorFlow, NLP, Computer Vision, Python, PyTorch","Critical Thinking, Research",Introvert,12+ LPA,Deep Learning Specialization,I prefer working alone,Read/Write,Yes,Yes,AI Specialist
B.Tech,Graphic Design,7.95,"User Research, Sketch, Adobe XD, Figma","Problem-Solving, Empathy",Ambivert,12+ LPA,Nielsen Norman Group UX Certification,I like a mix of both,Visual,Yes,No,UI/UX Designer
B.Tech,Computer Science,9.29,"Git, Python, SQL","Problem-Solving, Teamwork",Ambivert,12+ LPA,Coursera - Python for Everybody,I like a mix of both,Kinesthetic,Yes,No,Software Developer
M.Tech,Computer Science,9.44,"Python, Computer Vision, NLP","Critical Thinking, Research",Introvert,12+ LPA,TensorFlow Developer,I prefer working alone,Read/Write,Yes,Yes,AI Specialist
B.Des,Graphic Design,8.84,"Adobe Illustrator, Adobe Photoshop","Attention to Detail, Creativity",Ambivert,4-8 LPA,Adobe Certified Expert (ACE),I like a mix of both,Kinesthetic,No,Yes,Graphic Designer
M.Tech,Computer Science,9.04,"TensorFlow, PyTorch","Critical Thinking, Research",Introvert,12+ LPA,Deep Learning Specialization,I prefer working alone,Read/Write,Yes,Yes,Data Scientist
M.Tech,Data Science,9.6,"Scikit-learn, R","Critical Thinking, Problem-Solving",Ambivert,12+ LPA,Google Data Analytics,I prefer working alone,Read/Write,Yes,No,Data Scientist
B.Des,Graphic Design,6.75,"Adobe Photoshop, Adobe Illustrator, Figma","Attention to Detail, Creativity",Ambivert,Less than 4 LPA,No Certification,I like a mix of both,Kinesthetic,No,No,Graphic Designer
B.Tech,Human-Computer Interaction,9.2,"Adobe XD, Sketch, User Research, Figma","Creativity, Problem-Solving",Ambivert,12+ LPA,No Certification,I like a mix of both,Visual,No,No,UI/UX Designer
B.Tech,Data Science,9.0,"Scikit-learn, TensorFlow","Problem-Solving, Critical Thinking",Ambivert,8-12 LPA,Google Data Analytics,I prefer working alone,Read/Write,Yes,Yes,Data Scientist
B.Tech,Computer Science,9.79,"SQL, Python","Problem-Solving, Critical Thinking",Introvert,8-12 LPA,IBM Data Science,I prefer working alone,Read/Write,Yes,Yes,Data Scientist
B.Des,Fine Arts,8.36,"Figma, Adobe Illustrator","Attention to Detail, Creativity",Ambivert,4-8 LPA,Adobe Certified Expert (ACE),I prefer working alone,Kinesthetic,No,No,Graphic Designer
B.Com,Finance,9.01,"Tableau, MS Excel, SQL, Financial Modeling","Attention to Detail, Analytical Skills",Ambivert,4-8 LPA,No Certification,I prefer working alone,Visual,No,Yes,Financial Analyst
M.Tech,AI & ML,9.56,"Computer Vision, Python, NLP, PyTorch, TensorFlow","Critical Thinking, Research",Introvert,12+ LPA,Deep Learning Specialization,I prefer working alone,Read/Write,Yes,Yes,AI Specialist
B.Com,Commerce,8.6,"Financial Modeling, MS Excel","Analytical Skills, Attention to Detail",Extrovert,8-12 LPA,CFA,I prefer working alone,Visual,Maybe,No,Financial Analyst
B.Tech,Graphic Design,9.03,"Adobe XD, Figma, Sketch","Creativity, Empathy",Ambivert,8-12 LPA,No Certification,I like a mix of both,Kinesthetic,No,No,UI/UX Designer
B.Des,Fine Arts,7.69,"Adobe Photoshop, Figma, Adobe Illustrator","Attention to Detail, Creativity",Ambivert,Less than 4 LPA,Adobe Certified Expert (ACE),I like a mix of both,Kinesthetic,No,Yes,Graphic Designer
MBA,Finance,8.72,"MS Excel, Financial Modeling","Attention to Detail, Analytical Skills",Extrovert,8-12 LPA,No Certification,I prefer working alone,Visual,Maybe,No,Financial Analyst
B.Tech,Computer Science,9.65,"Java, JavaScript, Python","Teamwork, Problem-Solving",Ambivert,12+ LPA,No Certification,I like a mix of both,Kinesthetic,Maybe,No,Software Developer
B.Tech,Computer Science,9.79,"Java, Git","Problem-Solving, Teamwork",Introvert,8-12 LPA,Coursera - Python for Everybody,I like a mix of both,Kinesthetic,Yes,No,Software Developer
B.Com,Finance,7.6,"Financial Modeling, SQL","Analytical Skills, Attention to Detail",Ambivert,4-8 LPA,CFA,I prefer working alone,Read/Write,Maybe,Yes,Financial Analyst
BBA,Business Administration,7.47,"Social Media Management, Digital Marketing, Google Analytics, SEO","Leadership, Creativity",Extrovert,8-12 LPA,Google Digital Marketing,I prefer working in a team,Visual,Maybe,No,Social Media Manager
B.Des,Human-Computer Interaction,7.93,"Adobe XD, User Research, Sketch","Problem-Solving, Empathy",Ambivert,8-12 LPA,No Certification,I like a mix of both,Visual,No,No,UI/UX Designer
MBA,Marketing,7.29,"SEO, Digital Marketing, Social Media Management","Creativity, Leadership",Extrovert,8-12 LPA,Google Digital Marketing,I prefer working in a team,Visual,Maybe,No,Social Media Manager
M.Tech,Computer Science,8.82,"Python, NLP, TensorFlow, Computer Vision","Critical Thinking, Research",Introvert,12+ LPA,TensorFlow Developer,I prefer working alone,Read/Write,Yes,Yes,AI Specialist
BBA,Business Administration,7.49,"Google Analytics, SEO, Social Media Management","Leadership, Communication",Extrovert,12+ LPA,Google Digital Marketing,I prefer working in a team,Visual,Maybe,No,Social Media Manager
MBA,Business Administration,7.2,"SEO, Google Analytics, Social Media Management, Digital Marketing","Leadership, Communication",Extrovert,12+ LPA,HubSpot Content Marketing,I prefer working in a team,Visual,Maybe,No,Marketing Manager
B.Des,Graphic Design,7.04,"Adobe Photoshop, Adobe Illustrator, Figma","Attention to Detail, Creativity",Introvert,Less than 4 LPA,No Certification,I like a mix of both,Kinesthetic,No,Yes,Graphic Designer
B.Tech,Computer Science,9.41,"Git, SQL, JavaScript, Python, Java","Problem-Solving, Teamwork",Introvert,12+ LPA,No Certification,I like a mix of both,Kinesthetic,Yes,No,Software Developer
B.Tech,Mechanical Engineering,8.77,"SolidWorks, MATLAB, AutoCAD","Teamwork, Problem-Solving",Ambivert,4-8 LPA,No Certification,I prefer working in a team,Kinesthetic,Maybe,Yes,Civil Engineer
M.Tech,AI & ML,9.16,"Python, PyTorch, NLP","Research, Critical Thinking",Introvert,12+ LPA,TensorFlow Developer,I prefer working alone,Read/Write,Yes,Yes,AI Specialist
B.Des,Human-Computer Interaction,8.5,"Sketch, Adobe XD, Figma","Empathy, Problem-Solving",Ambivert,12+ LPA,Nielsen Norman Group UX Certification,I like a mix of both,Kinesthetic,No,No,UI/UX Designer
Diploma,Mechanical Engineering,8.18,"SolidWorks, MATLAB, AutoCAD","Problem-Solving, Teamwork",Ambivert,8-12 LPA,Certified SOLIDWORKS Professional,I prefer working in a team,Kinesthetic,Maybe,Yes,Mechanical Engineer
M.Tech,AI & ML,8.86,"PyTorch, Python","Research, Critical Thinking",Introvert,12+ LPA,TensorFlow Developer,I prefer working alone,Read/Write,Yes,Yes,AI Specialist
B.Tech,Computer Science,8.18,"JavaScript, Python, Git","Problem-Solving, Teamwork",Introvert,8-12 LPA,Coursera - Python for Everybody,I prefer working alone,Visual,Maybe,No,Data Scientist
B.Des,Graphic Design,7.59,"Figma, Sketch","Problem-Solving, Empathy",Ambivert,8-12 LPA,Nielsen Norman Group UX Certification,I like a mix of both,Kinesthetic,No,No,UI/UX Designer
B.Tech,Computer Science,9.11,"Java, SQL, JavaScript, Git","Teamwork, Problem-Solving",Ambivert,12+ LPA,Coursera - Python for Everybody,I like a mix of both,Kinesthetic,Yes,No,Software Developer
Diploma,Mechanical Engineering,7.99,"MATLAB, AutoCAD","Problem-Solving, Teamwork",Ambivert,4-8 LPA,Certified SOLIDWORKS Professional,I prefer working in a team,Kinesthetic,Maybe,Yes,Mechanical Engineer
B.Com,Commerce,8.93,"Tableau, Financial Modeling, SQL","Attention to Detail, Analytical Skills",Extrovert,4-8 LPA,CFA,I prefer working alone,Visual,Maybe,Yes,Business Analyst
B.Des,Graphic Design,8.21,"Figma, Adobe Photoshop","Attention to Detail, Creativity",Introvert,Less than 4 LPA,No Certification,I like a mix of both,Kinesthetic,No,Yes,Graphic Designer
B.Tech,Computer Science,8.87,"Python, JavaScript","Problem-Solving, Teamwork",Ambivert,8-12 LPA,No Certification,I like a mix of both,Visual,Maybe,No,Software Developer
BBA,Business Administration,8.94,"SEO, Digital Marketing, Google Analytics, Social Media Management","Creativity, Communication",Extrovert,8-12 LPA,HubSpot Content Marketing,I prefer working in a team,Auditory,Maybe,No,Marketing Manager
M.Tech,Computer Science,9.13,"PyTorch, Python","Research, Critical Thinking",Introvert,12+ LPA,Deep Learning Specialization,I prefer working alone,Read/Write,Yes,Yes,AI Specialist
B.Tech,Computer Science,8.95,"Scikit-learn, R, TensorFlow, SQL, Python","Critical Thinking, Problem-Solving",Ambivert,8-12 LPA,Google Data Analytics,I prefer working alone,Visual,Yes,No,Data Scientist
B.Des,Graphic Design,6.67,"Figma, Adobe Photoshop, Adobe Illustrator","Creativity, Attention to Detail",Ambivert,4-8 LPA,No Certification,I prefer working alone,Visual,No,Yes,Graphic Designer
B.Tech,Graphic Design,8.17,"User Research, Figma, Sketch","Creativity, Empathy",Ambivert,12+ LPA,Nielsen Norman Group UX Certification,I like a mix of both,Visual,No,No,UI/UX Designer
M.Tech,Computer Science,9.0,"PyTorch, Computer Vision, NLP, Python, TensorFlow","Research, Critical Thinking",Introvert,12+ LPA,TensorFlow Developer,I prefer working alone,Read/Write,Yes,Yes,AI Specialist
B.Tech,Computer Science,8.45,"Java, JavaScript","Teamwork, Problem-Solving",Ambivert,8-12 LPA,Coursera - Python for Everybody,I prefer working alone,Visual,Maybe,No,Software Developer
B.Tech,Computer Science,9.7,"Git, Python, Java","Teamwork, Problem-Solving",Introvert,8-12 LPA,Coursera - Python for Everybody,I prefer working alone,Visual,Maybe,No,Software Developer
B.Tech,Mechanical Engineering,8.91,"AutoCAD, MATLAB","Teamwork, Problem-Solving",Ambivert,4-8 LPA,Certified SOLIDWORKS Professional,I prefer working in a team,Kinesthetic,Maybe,Yes,Mechanical Engineer
BBA,Marketing,7.19,"Google Analytics, Social Media Management, SEO, Digital Marketing","Creativity, Leadership",Extrovert,8-12 LPA,HubSpot Content Marketing,I prefer working in a team,Auditory,Maybe,No,Marketing Manager
M.Tech,Data Science,8.68,"R, Python, Scikit-learn, TensorFlow","Critical Thinking, Problem-Solving",Introvert,8-12 LPA,Google Data Analytics,I prefer working alone,Read/Write,Yes,Yes,Data Scientist
B.Tech,Computer Science,9.87,"TensorFlow, R, SQL","Critical Thinking, Problem-Solving",Introvert,8-12 LPA,Google Data Analytics,I prefer working alone,Visual,Yes,Yes,Data Scientist
M.Tech,Computer Science,9.81,"NLP, PyTorch","Critical Thinking, Research",Introvert,12+ LPA,TensorFlow Developer,I prefer working alone,Read/Write,Yes,Yes,AI Specialist
B.Tech,Mechanical Engineering,7.24,"AutoCAD, MATLAB","Teamwork, Problem-Solving",Ambivert,8-12 LPA,Certified SOLIDWORKS Professional,I prefer working in a team,Kinesthetic,Yes,Yes,Civil Engineer
B.Tech,Computer Science,8.49,"JavaScript, Python, Git, SQL","Teamwork, Problem-Solving",Ambivert,8-12 LPA,No Certification,I like a mix of both,Visual,Maybe,No,Software Developer
MBA,Business Administration,8.64,"Google Analytics, SEO, Digital Marketing","Leadership, Communication",Extrovert,12+ LPA,Google Digital Marketing,I prefer working in a team,Visual,Yes,No,Marketing Manager
B.Des,Human-Computer Interaction,9.03,"Sketch, Adobe XD, Figma, User Research","Empathy, Problem-Solving",Ambivert,8-12 LPA,Nielsen Norman Group UX Certification,I like a mix of both,Visual,No,No,UI/UX Designer
B.Tech,Computer Science,9.65,"Git, Python, Java, JavaScript, SQL","Teamwork, Problem-Solving",Introvert,8-12 LPA,No Certification,I like a mix of both,Visual,Yes,No,Software Developer
B.Tech,Computer Science,9.5,"JavaScript, SQL, Git, Java, Python","Problem-Solving, Teamwork",Introvert,8-12 LPA,No Certification,I like a mix of both,Kinesthetic,Maybe,No,Data Scientist
B.Tech,Mechanical Engineering,8.78,"MATLAB, AutoCAD","Teamwork, Problem-Solving",Ambivert,8-12 LPA,Certified SOLIDWORKS Professional,I prefer working in a team,Kinesthetic,Maybe,Yes,Mechanical Engineer
MBA,Marketing,8.97,"Digital Marketing, Google Analytics, SEO, Social Media Management","Creativity, Leadership",Extrovert,12+ LPA,Google Digital Marketing,I prefer working in a team,Auditory,Yes,No,Marketing Manager
B.Com,Finance,8.47,"Tableau, SQL, Financial Modeling, MS Excel","Analytical Skills, Attention to Detail",Extrovert,8-12 LPA,No Certification,I prefer working alone,Read/Write,No,No,Financial Analyst
BBA,Marketing,7.71,"Social Media Management, Google Analytics","Leadership, Communication",Extrovert,12+ LPA,Google Digital Marketing,I prefer working in a team,Auditory,Yes,No,Marketing Manager
BBA,Business Administration,7.71,"SEO, Social Media Management, Digital Marketing","Creativity, Leadership",Extrovert,12+ LPA,HubSpot Content Marketing,I prefer working in a team,Visual,Maybe,No,Marketing Manager
M.Tech,Computer Science,9.49,"TensorFlow, R, Python, SQL","Problem-Solving, Critical Thinking",Ambivert,12+ LPA,IBM Data Science,I prefer working alone,Read/Write,Yes,Yes,Data Scientist
M.Tech,Data Science,9.04,"SQL, TensorFlow, Scikit-learn, R","Problem-Solving, Critical Thinking",Ambivert,8-12 LPA,Google Data Analytics,I prefer working alone,Read/Write,Yes,Yes,AI Specialist
MBA,Marketing,7.75,"Digital Marketing, SEO, Google Analytics, Social Media Management","Communication, Leadership",Extrovert,8-12 LPA,HubSpot Content Marketing,I prefer working in a team,Visual,Yes,No,Marketing Manager
MBA,Business Administration,7.59,"Google Analytics, Digital Marketing, SEO","Creativity, Leadership",Extrovert,12+ LPA,HubSpot Content Marketing,I prefer working in a team,Auditory,Maybe,No,Marketing Manager
MBA,Marketing,7.06,"SEO, Digital Marketing","Leadership, Creativity",Extrovert,8-12 LPA,Google Digital Marketing,I prefer working in a team,Visual,Yes,No,Social Media Manager
B.Tech,Computer Science,9.41,"Java, JavaScript, Python","Problem-Solving, Teamwork",Ambivert,8-12 LPA,No Certification,I prefer working alone,Visual,Yes,No,Software Developer
B.Tech,Computer Science,8.94,"SQL, Python, TensorFlow, Scikit-learn, R","Problem-Solving, Critical Thinking",Introvert,8-12 LPA,IBM Data Science,I prefer working alone,Read/Write,Yes,Yes,Data Scientist
BBA,Marketing,8.22,"Google Analytics, SEO","Creativity, Communication",Extrovert,8-12 LPA,HubSpot Content Marketing,I prefer working in a team,Auditory,Maybe,No,Marketing Manager
MBA,Finance,9.14,"MS Excel, Financial Modeling","Attention to Detail, Analytical Skills",Ambivert,4-8 LPA,No Certification,I prefer working alone,Visual,Maybe,Yes,Financial Analyst
BBA,Marketing,7.0,"SEO, Social Media Management","Leadership, Creativity",Extrovert,8-12 LPA,HubSpot Content Marketing,I prefer working in a team,Visual,Yes,No,Marketing Manager
B.Des,Graphic Design,6.52,"Figma, Adobe Illustrator","Creativity, Attention to Detail",Introvert,4-8 LPA,Adobe Certified Expert (ACE),I prefer working alone,Kinesthetic,No,No,Graphic Designer
B.Des,Graphic Design,7.9,"Figma, Adobe Illustrator, Adobe Photoshop","Attention to Detail, Creativity",Introvert,Less than 4 LPA,No Certification,I like a mix of both,Visual,No,No,Graphic Designer
B.Tech,Computer Science,9.06,"R, Scikit-learn","Critical Thinking, Problem-Solving",Ambivert,8-12 LPA,Google Data Analytics,I prefer working alone,Read/Write,Yes,Yes,AI Specialist
B.Tech,Computer Science,9.33,"Git, Python, JavaScript, SQL, Java","Problem-Solving, Teamwork",Ambivert,12+ LPA,Coursera - Python for Everybody,I like a mix of both,Kinesthetic,Maybe,No,Data Scientist
B.Tech,Computer Science,8.32,"Java, SQL","Problem-Solving, Teamwork",Ambivert,8-12 LPA,No Certification,I prefer working alone,Visual,Maybe,No,Data Scientist
BBA,Marketing,7.49,"Google Analytics, Digital Marketing, SEO, Social Media Management","Communication, Leadership",Extrovert,12+ LPA,Google Digital Marketing,I prefer working in a team,Auditory,Maybe,No,Marketing Manager
B.Tech,Graphic Design,8.93,"User Research, Sketch","Empathy, Problem-Solving",Ambivert,12+ LPA,No Certification,I like a mix of both,Visual,Yes,No,Graphic Designer
B.Des,Graphic Design,8.71,"Adobe Illustrator, Figma, Adobe Photoshop","Attention to Detail, Creativity",Introvert,Less than 4 LPA,No Certification,I like a mix of both,Visual,No,Yes,Graphic Designer
B.Des,Human-Computer Interaction,8.59,"Adobe XD, Sketch, Figma, User Research","Empathy, Problem-Solving",Ambivert,12+ LPA,No Certification,I like a mix of both,Kinesthetic,Yes,No,UI/UX Designer
M.Tech,Computer Science,8.96,"Computer Vision, Python","Research, Critical Thinking",Introvert,12+ LPA,TensorFlow Developer,I prefer working alone,Read/Write,Yes,Yes,AI Specialist
MBA,Finance,8.45,"Financial Modeling, Tableau, SQL, MS Excel","Attention to Detail, Analytical Skills",Ambivert,8-12 LPA,CFA,I prefer working alone,Read/Write,Maybe,Yes,Financial Analyst
M.Tech,Data Science,9.18,"SQL, Scikit-learn","Problem-Solving, Critical Thinking",Ambivert,12+ LPA,IBM Data Science,I prefer working alone,Visual,Yes,Yes,AI Specialist
B.Tech,Mechanical Engineering,8.26,"MATLAB, AutoCAD, SolidWorks","Teamwork, Problem-Solving",Ambivert,4-8 LPA,No Certification,I prefer working in a team,Kinesthetic,Maybe,Yes,Civil Engineer
BBA,Marketing,8.71,"Google Analytics, SEO, Social Media Management","Communication, Creativity",Extrovert,8-12 LPA,HubSpot Content Marketing,I prefer working in a team,Visual,Maybe,No,Marketing Manager
B.Des,Fine Arts,8.13,"Adobe Illustrator, Adobe Photoshop, Figma","Attention to Detail, Creativity",Ambivert,Less than 4 LPA,No Certification,I prefer working alone,Kinesthetic,No,No,Graphic Designer
Diploma,Mechanical Engineering,8.58,"AutoCAD, MATLAB, SolidWorks","Problem-Solving, Teamwork",Ambivert,4-8 LPA,No Certification,I prefer working in a team,Kinesthetic,Yes,Yes,Mechanical Engineer
M.Tech,Data Science,9.4,"TensorFlow, Python, R","Problem-Solving, Critical Thinking",Ambivert,12+ LPA,Google Data Analytics,I prefer working alone,Read/Write,Yes,No,Data Scientist
B.Tech,Computer Science,8.39,"SQL, Git, Python, Java, JavaScript","Teamwork, Problem-Solving",Ambivert,12+ LPA,Coursera - Python for Everybody,I like a mix of both,Kinesthetic,Yes,No,Software Developer
B.Tech,Computer Science,8.06,"JavaScript, Java, Git, Python","Problem-Solving, Teamwork",Ambivert,12+ LPA,No Certification,I prefer working alone,Visual,Yes,No,Software Developer
M.Tech,Computer Science,9.98,"Python, NLP, PyTorch, TensorFlow, Computer Vision","Critical Thinking, Research",Introvert,12+ LPA,Deep Learning Specialization,I prefer working alone,Read/Write,Yes,Yes,AI Specialist
M.Tech,Computer Science,9.27,"PyTorch, Computer Vision, Python, NLP","Research, Critical Thinking",Introvert,12+ LPA,Deep Learning Specialization,I prefer working alone,Read/Write,Yes,Yes,AI Specialist
B.Tech,Computer Science,9.33,"JavaScript, Java, Git, Python, SQL","Teamwork, Problem-Solving",Introvert,12+ LPA,Coursera - Python for Everybody,I prefer working alone,Kinesthetic,Maybe,No,Software Developer
B.Des,Graphic Design,7.87,"Sketch, Figma, User Research","Empathy, Creativity",Ambivert,8-12 LPA,No Certification,I like a mix of both,Visual,Yes,No,Graphic Designer
BBA,Business Administration,7.95,"SEO, Digital Marketing","Communication, Creativity",Extrovert,8-12 LPA,HubSpot Content Marketing,I prefer working in a team,Visual,Yes,No,Marketing Manager
M.Tech,AI & ML,9.52,"TensorFlow, Python, Computer Vision","Critical Thinking, Research",Introvert,12+ LPA,Deep Learning Specialization,I prefer working alone,Read/Write,Yes,Yes,AI Specialist
Diploma,Mechanical Engineering,8.72,"MATLAB, AutoCAD, SolidWorks","Problem-Solving, Teamwork",Ambivert,8-12 LPA,Certified SOLIDWORKS Professional,I prefer working in a team,Kinesthetic,Maybe,Yes,Mechanical Engineer
B.Des,Human-Computer Interaction,7.9,"Sketch, Adobe XD","Creativity, Empathy",Ambivert,8-12 LPA,Nielsen Norman Group UX Certification,I like a mix of both,Kinesthetic,Yes,No,UI/UX Designer
B.Tech,Data Science,9.5,"Scikit-learn, R, TensorFlow, Python, SQL","Problem-Solving, Critical Thinking",Ambivert,8-12 LPA,IBM Data Science,I prefer working alone,Read/Write,Yes,No,Data Scientist
M.Tech,Data Science,9.01,"R, TensorFlow","Critical Thinking, Problem-Solving",Introvert,12+ LPA,Google Data Analytics,I prefer working alone,Read/Write,Yes,No,Data Scientist
B.Tech,Data Science,9.04,"Scikit-learn, R","Problem-Solving, Critical Thinking",Ambivert,12+ LPA,Google Data Analytics,I prefer working alone,Read/Write,Yes,Yes,Data Scientist
MBA,Finance,7.84,"Financial Modeling, MS Excel, SQL, Tableau","Analytical Skills, Attention to Detail",Extrovert,4-8 LPA,CFA,I prefer working alone,Visual,Maybe,Yes,Financial Analyst
M.Tech,Data Science,9.57,"Scikit-learn, SQL, TensorFlow","Problem-Solving, Critical Thinking",Introvert,8-12 LPA,Google Data Analytics,I prefer working alone,Read/Write,Yes,Yes,Data Scientist
B.Tech,Computer Science,8.42,"Python, JavaScript, SQL","Teamwork, Problem-Solving",Ambivert,12+ LPA,Coursera - Python for Everybody,I like a mix of both,Kinesthetic,Yes,No,Software Developer
B.Tech,Computer Science,8.78,"SQL, Java","Problem-Solving, Teamwork",Ambivert,8-12 LPA,Coursera - Python for Everybody,I like a mix of both,Kinesthetic,Yes,No,Software Developer
B.Tech,Computer Science,8.48,"Git, Java, SQL, JavaScript","Problem-Solving, Teamwork",Introvert,8-12 LPA,No Certification,I like a mix of both,Visual,Maybe,No,Software Developer
MBA,Marketing,8.18,"Digital Marketing, SEO, Social Media Management","Creativity, Leadership",Extrovert,12+ LPA,HubSpot Content Marketing,I prefer working in a team,Auditory,Maybe,No,Marketing Manager
B.Tech,Graphic Design,7.72,"Figma, Sketch, Adobe XD","Empathy, Problem-Solving",Ambivert,12+ LPA,Nielsen Norman Group UX Certification,I like a mix of both,Kinesthetic,Yes,No,UI/UX Designer
B.Com,Commerce,8.49,"Financial Modeling, SQL","Analytical Skills, Attention to Detail",Ambivert,4-8 LPA,No Certification,I prefer working alone,Visual,No,No,Financial Analyst
BBA,Marketing,7.22,"Digital Marketing, Social Media Management","Creativity, Leadership",Extrovert,12+ LPA,Google Digital Marketing,I prefer working in a team,Auditory,Yes,No,Marketing Manager
MBA,Finance,7.91,"SQL, Financial Modeling, MS Excel, Tableau","Analytical Skills, Attention to Detail",Ambivert,4-8 LPA,No Certification,I prefer working alone,Visual,Maybe,No,Financial Analyst
Diploma,Mechanical Engineering,8.99,"AutoCAD, MATLAB, SolidWorks","Problem-Solving, Teamwork",Ambivert,4-8 LPA,Certified SOLIDWORKS Professional,I prefer working in a team,Kinesthetic,Maybe,Yes,Mechanical Engineer
B.Com,Finance,8.94,"SQL, Financial Modeling","Analytical Skills, Attention to Detail",Extrovert,8-12 LPA,CFA,I prefer working alone,Read/Write,No,Yes,Financial Analyst
M.Tech,AI & ML,9.97,"NLP, Python","Research, Critical Thinking",Introvert,12+ LPA,TensorFlow Developer,I prefer working alone,Read/Write,Yes,Yes,AI Specialist
M.Tech,AI & ML,9.86,"Python, Computer Vision, PyTorch, TensorFlow","Critical Thinking, Research",Introvert,12+ LPA,Deep Learning Specialization,I prefer working alone,Read/Write,Yes,Yes,AI Specialist
B.A.,Graphic Design,7.63,"Adobe Photoshop, Figma, Adobe Illustrator","Creativity, Attention to Detail",Introvert,Less than 4 LPA,Adobe Certified Expert (ACE),I prefer working alone,Kinesthetic,No,No,Graphic Designer
B.Des,Human-Computer Interaction,8.63,"Adobe XD, User Research, Sketch","Problem-Solving, Empathy",Ambivert,8-12 LPA,No Certification,I like a mix of both,Visual,Yes,No,Graphic Designer
MBA,Marketing,8.7,"Digital Marketing, Social Media Management, Google Analytics, SEO","Communication, Leadership",Extrovert,12+ LPA,HubSpot Content Marketing,I prefer working in a team,Auditory,Yes,No,Social Media Manager
B.Tech,Computer Science,9.14,"Git, SQL","Teamwork, Problem-Solving",Ambivert,8-12 LPA,Coursera - Python for Everybody,I prefer working alone,Visual,Maybe,No,Software Developer
MBA,Finance,8.95,"SQL, MS Excel, Tableau","Attention to Detail, Analytical Skills",Extrovert,4-8 LPA,CFA,I prefer working alone,Visual,Maybe,No,Financial Analyst
B.Des,Graphic Design,8.33,"Sketch, User Research, Figma","Creativity, Problem-Solving",Ambivert,12+ LPA,Nielsen Norman Group UX Certification,I like a mix of both,Visual,No,No,UI/UX Designer
Diploma,Mechanical Engineering,8.25,"SolidWorks, AutoCAD","Problem-Solving, Teamwork",Ambivert,4-8 LPA,Certified SOLIDWORKS Professional,I prefer working in a team,Kinesthetic,Yes,Yes,Mechanical Engineer
B.Com,Finance,8.29,"Financial Modeling, SQL","Analytical Skills, Attention to Detail",Ambivert,8-12 LPA,CFA,I prefer working alone,Read/Write,No,Yes,Financial Analyst
B.Tech,Computer Science,8.4,"Java, Git, Python, SQL","Teamwork, Problem-Solving",Ambivert,8-12 LPA,No Certification,I prefer working alone,Visual,Maybe,No,Software Developer
B.Tech,Data Science,8.64,"Python, Scikit-learn, R, SQL","Problem-Solving, Critical Thinking",Ambivert,12+ LPA,IBM Data Science,I prefer working alone,Visual,Yes,No,Data Scientist
M.Tech,Computer Science,9.85,"PyTorch, NLP, TensorFlow, Computer Vision","Critical Thinking, Research",Introvert,12+ LPA,Deep Learning Specialization,I prefer working alone,Read/Write,Yes,Yes,AI Specialist
Diploma,Mechanical Engineering,8.73,"MATLAB, AutoCAD","Teamwork, Problem-Solving",Ambivert,8-12 LPA,No Certification,I prefer working in a team,Kinesthetic,Yes,Yes,Civil Engineer
MBA,Marketing,8.42,"SEO, Digital Marketing, Social Media Management, Google Analytics","Communication, Leadership",Extrovert,8-12 LPA,Google Digital Marketing,I prefer working in a team,Auditory,Maybe,No,Marketing Manager
B.Des,Graphic Design,7.91,"Sketch, Figma, Adobe XD, User Research","Empathy, Problem-Solving",Ambivert,12+ LPA,No Certification,I like a mix of both,Visual,No,No,UI/UX Designer
B.Tech,Human-Computer Interaction,7.89,"Figma, Sketch","Problem-Solving, Creativity",Ambivert,8-12 LPA,Nielsen Norman Group UX Certification,I like a mix of both,Kinesthetic,No,No,UI/UX Designer
B.Tech,Mechanical Engineering,7.33,"AutoCAD, MATLAB, SolidWorks","Teamwork, Problem-Solving",Ambivert,4-8 LPA,No Certification,I prefer working in a team,Kinesthetic,Yes,Yes,Mechanical Engineer
MBA,Commerce,7.7,"Financial Modeling, Tableau, SQL","Attention to Detail, Analytical Skills",Ambivert,8-12 LPA,CFA,I prefer working alone,Read/Write,Maybe,No,Financial Analyst
M.Tech,Data Science,8.71,"TensorFlow, Scikit-learn, R, Python, SQL","Problem-Solving, Critical Thinking",Ambivert,12+ LPA,IBM Data Science,I prefer working alone,Visual,Yes,Yes,AI Specialist
B.Tech,Human-Computer Interaction,7.86,"Figma, Adobe XD, Sketch","Problem-Solving, Creativity",Ambivert,12+ LPA,No Certification,I like a mix of both,Kinesthetic,Yes,No,UI/UX Designer
BBA,Business Administration,8.55,"Google Analytics, Social Media Management, Digital Marketing","Communication, Leadership",Extrovert,12+ LPA,Google Digital Marketing,I prefer working in a team,Visual,Maybe,No,Marketing Manager
B.Tech,Computer Science,9.29,"Java, Python","Teamwork, Problem-Solving",Introvert,12+ LPA,No Certification,I like a mix of both,Kinesthetic,Yes,No,Data Scientist
MBA,Business Administration,8.79,"Social Media Management, Digital Marketing, SEO, Google Analytics","Creativity, Leadership",Extrovert,12+ LPA,HubSpot Content Marketing,I prefer working in a team,Visual,Yes,No,Marketing Manager
B.Tech,Computer Science,9.4,"SQL, Python, Java, JavaScript, Git","Problem-Solving, Teamwork",Introvert,8-12 LPA,Coursera - Python for Everybody,I prefer working alone,Visual,Maybe,No,Software Developer
B.Tech,Graphic Design,8.44,"User Research, Adobe XD","Problem-Solving, Creativity",Ambivert,12+ LPA,No Certification,I like a mix of both,Kinesthetic,No,No,UI/UX Designer
M.Tech,Data Science,8.51,"R, Scikit-learn, Python, SQL","Critical Thinking, Problem-Solving",Ambivert,12+ LPA,Google Data Analytics,I prefer working alone,Visual,Yes,Yes,Data Scientist
B.Tech,Computer Science,8.33,"Python, SQL, Git, Java","Problem-Solving, Teamwork",Ambivert,12+ LPA,Coursera - Python for Everybody,I like a mix of both,Kinesthetic,Yes,No,Data Scientist
B.A.,Fine Arts,6.59,"Figma, Adobe Photoshop, Adobe Illustrator","Creativity, Attention to Detail",Introvert,4-8 LPA,Adobe Certified Expert (ACE),I prefer working alone,Kinesthetic,No,Yes,Graphic Designer
B.Tech,Computer Science,9.54,"Java, Git, Python","Problem-Solving, Teamwork",Ambivert,8-12 LPA,No Certification,I prefer working alone,Kinesthetic,Maybe,No,Software Developer
M.Tech,Computer Science,9.49,"SQL, Python, R, TensorFlow, Scikit-learn","Problem-Solving, Critical Thinking",Ambivert,8-12 LPA,Google Data Analytics,I prefer working alone,Visual,Yes,Yes,AI Specialist
M.Tech,AI & ML,9.74,"TensorFlow, Python","Critical Thinking, Research",Introvert,12+ LPA,TensorFlow Developer,I prefer working alone,Read/Write,Yes,Yes,AI Specialist
Diploma,Mechanical Engineering,7.7,"MATLAB, AutoCAD","Problem-Solving, Teamwork",Ambivert,8-12 LPA,No Certification,I prefer working in a team,Kinesthetic,Maybe,Yes,Mechanical Engineer
B.Com,Commerce,7.66,"SQL, Financial Modeling","Analytical Skills, Attention to Detail",Ambivert,4-8 LPA,CFA,I prefer working alone,Visual,Maybe,No,Business Analyst
B.Tech,Mechanical Engineering,7.87,"AutoCAD, SolidWorks","Teamwork, Problem-Solving",Ambivert,4-8 LPA,Certified SOLIDWORKS Professional,I prefer working in a team,Kinesthetic,Yes,Yes,Mechanical Engineer
B.Tech,Mechanical Engineering,8.44,"MATLAB, AutoCAD","Problem-Solving, Teamwork",Ambivert,8-12 LPA,Certified SOLIDWORKS Professional,I prefer working in a team,Kinesthetic,Maybe,Yes,Mechanical Engineer
MBA,Marketing,8.61,"Digital Marketing, Google Analytics","Leadership, Communication",Extrovert,12+ LPA,HubSpot Content Marketing,I prefer working in a team,Auditory,Maybe,No,Marketing Manager
MBA,Marketing,7.74,"Social Media Management, Digital Marketing","Communication, Creativity",Extrovert,12+ LPA,HubSpot Content Marketing,I prefer working in a team,Visual,Yes,No,Social Media Manager
B.Tech,Mechanical Engineering,8.57,"MATLAB, SolidWorks","Teamwork, Problem-Solving",Ambivert,4-8 LPA,No Certification,I prefer working in a team,Kinesthetic,Yes,Yes,Mechanical Engineer
B.Tech,Computer Science,8.8,"TensorFlow, R, Scikit-learn, SQL","Critical Thinking, Problem-Solving",Introvert,12+ LPA,Google Data Analytics,I prefer working alone,Visual,Yes,Yes,AI Specialist
M.Tech,Data Science,9.8,"Python, R, TensorFlow, SQL, Scikit-learn","Critical Thinking, Problem-Solving",Introvert,8-12 LPA,Google Data Analytics,I prefer working alone,Visual,Yes,No,Data Scientist
MBA,Marketing,8.02,"SEO, Google Analytics","Leadership, Creativity",Extrovert,12+ LPA,Google Digital Marketing,I prefer working in a team,Visual,Yes,No,Marketing Manager
B.Des,Graphic Design,7.0,"Figma, Adobe Illustrator","Attention to Detail, Creativity",Introvert,Less than 4 LPA,No Certification,I prefer working alone,Visual,No,Yes,Graphic Designer
BBA,Marketing,8.87,"Digital Marketing, Google Analytics","Communication, Leadership",Extrovert,8-12 LPA,Google Digital Marketing,I prefer working in a team,Visual,Maybe,No,Marketing Manager
B.Tech,Computer Science,9.23,"Java, SQL","Teamwork, Problem-Solving",Ambivert,12+ LPA,Coursera - Python for Everybody,I like a mix of both,Visual,Yes,No,Software Developer
B.Tech,Computer Science,9.31,"JavaScript, Git, SQL, Java, Python","Teamwork, Problem-Solving",Ambivert,8-12 LPA,Coursera - Python for Everybody,I like a mix of both,Visual,Yes,No,Software Developer
B.Tech,Computer Science,8.31,"JavaScript, Python, SQL, Git, Java","Teamwork, Problem-Solving",Ambivert,12+ LPA,Coursera - Python for Everybody,I like a mix of both,Visual,Yes,No,Software Developer
MBA,Marketing,8.85,"Digital Marketing, Social Media Management","Leadership, Creativity",Extrovert,8-12 LPA,Google Digital Marketing,I prefer working in a team,Visual,Maybe,No,Marketing Manager
B.Tech,Human-Computer Interaction,8.84,"Sketch, Figma","Creativity, Empathy",Ambivert,12+ LPA,No Certification,I like a mix of both,Kinesthetic,No,No,UI/UX Designer
M.Tech,Computer Science,9.72,"Python, TensorFlow, SQL, Scikit-learn","Critical Thinking, Problem-Solving",Ambivert,12+ LPA,Google Data Analytics,I prefer working alone,Visual,Yes,No,Data Scientist
M.Tech,Computer Science,9.08,"Python, Computer Vision, TensorFlow, NLP, PyTorch","Critical Thinking, Research",Introvert,12+ LPA,Deep Learning Specialization,I prefer working alone,Read/Write,Yes,Yes,AI Specialist
B.Des,Fine Arts,6.9,"Adobe Illustrator, Adobe Photoshop","Creativity, Attention to Detail",Introvert,4-8 LPA,Adobe Certified Expert (ACE),I like a mix of both,Kinesthetic,No,Yes,UI/UX Designer
BBA,Business Administration,7.28,"Google Analytics, Social Media Management, Digital Marketing","Creativity, Communication",Extrovert,12+ LPA,HubSpot Content Marketing,I prefer working in a team,Auditory,Maybe,No,Marketing Manager
BBA,Marketing,8.47,"Social Media Management, Digital Marketing, SEO","Creativity, Leadership",Extrovert,12+ LPA,HubSpot Content Marketing,I prefer working in a team,Visual,Maybe,No,Social Media Manager
MBA,Commerce,7.89,"Tableau, MS Excel, Financial Modeling, SQL","Attention to Detail, Analytical Skills",Extrovert,8-12 LPA,CFA,I prefer working alone,Visual,No,No,Financial Analyst
M.Tech,Computer Science,9.26,"Computer Vision, NLP, PyTorch, Python, TensorFlow","Research, Critical Thinking",Introvert,12+ LPA,TensorFlow Developer,I prefer working alone,Read/Write,Yes,Yes,Data Scientist
BBA,Marketing,8.22,"Digital Marketing, Social Media Management, Google Analytics, SEO","Creativity, Leadership",Extrovert,12+ LPA,HubSpot Content Marketing,I prefer working in a team,Visual,Yes,No,Marketing Manager
B.Tech,Graphic Design,7.87,"Sketch, User Research, Adobe XD","Problem-Solving, Creativity",Ambivert,12+ LPA,No Certification,I like a mix of both,Kinesthetic,No,No,UI/UX Designer
BBA,Marketing,8.9,"Social Media Management, SEO, Digital Marketing, Google Analytics","Communication, Creativity",Extrovert,12+ LPA,HubSpot Content Marketing,I prefer working in a team,Auditory,Maybe,No,Marketing Manager
M.Tech,AI & ML,9.61,"PyTorch, NLP, Python, TensorFlow","Critical Thinking, Research",Introvert,12+ LPA,TensorFlow Developer,I prefer working alone,Read/Write,Yes,Yes,AI Specialist
B.Tech,Computer Science,8.73,"Git, SQL, JavaScript","Teamwork, Problem-Solving",Ambivert,8-12 LPA,No Certification,I prefer working alone,Kinesthetic,Maybe,No,Data Scientist
MBA,Finance,8.45,"Financial Modeling, SQL, MS Excel, Tableau","Analytical Skills, Attention to Detail",Extrovert,8-12 LPA,CFA,I prefer working alone,Read/Write,Maybe,No,Financial Analyst
BBA,Business Administration,7.3,"SEO, Digital Marketing, Social Media Management, Google Analytics","Leadership, Communication",Extrovert,12+ LPA,HubSpot Content Marketing,I prefer working in a team,Visual,Yes,No,Marketing Manager
B.Tech,Human-Computer Interaction,8.91,"Sketch, User Research, Adobe XD, Figma","Creativity, Empathy",Ambivert,8-12 LPA,No Certification,I like a mix of both,Kinesthetic,Yes,No,Graphic Designer
BBA,Marketing,8.78,"Digital Marketing, SEO, Social Media Management, Google Analytics","Communication, Leadership",Extrovert,8-12 LPA,HubSpot Content Marketing,I prefer working in a team,Auditory,Yes,No,Social Media Manager
M.Tech,AI & ML,9.97,"TensorFlow, Computer Vision, PyTorch","Research, Critical Thinking",Introvert,12+ LPA,TensorFlow Developer,I prefer working alone,Read/Write,Yes,Yes,AI Specialist
B.Tech,Data Science,8.69,"SQL, Scikit-learn, Python, R","Problem-Solving, Critical Thinking",Ambivert,8-12 LPA,IBM Data Science,I prefer working alone,Read/Write,Yes,No,AI Specialist
BBA,Marketing,8.69,"Google Analytics, Digital Marketing, SEO, Social Media Management","Leadership, Creativity",Extrovert,12+ LPA,Google Digital Marketing,I prefer working in a team,Auditory,Maybe,No,Social Media Manager
B.A.,Fine Arts,7.67,"Adobe Photoshop, Adobe Illustrator","Creativity, Attention to Detail",Introvert,Less than 4 LPA,No Certification,I like a mix of both,Kinesthetic,No,Yes,Graphic Designer
Diploma,Mechanical Engineering,8.47,"MATLAB, AutoCAD","Problem-Solving, Teamwork",Ambivert,4-8 LPA,Certified SOLIDWORKS Professional,I prefer working in a team,Kinesthetic,Yes,Yes,Civil Engineer
B.Des,Graphic Design,8.33,"User Research, Figma, Sketch","Problem-Solving, Empathy",Ambivert,12+ LPA,Nielsen Norman Group UX Certification,I like a mix of both,Kinesthetic,No,No,UI/UX Designer
B.Tech,Mechanical Engineering,7.15,"MATLAB, AutoCAD, SolidWorks","Problem-Solving, Teamwork",Ambivert,4-8 LPA,Certified SOLIDWORKS Professional,I prefer working in a team,Kinesthetic,Yes,Yes,Mechanical Engineer
B.Com,Finance,8.55,"Financial Modeling, SQL, MS Excel","Attention to Detail, Analytical Skills",Ambivert,8-12 LPA,CFA,I prefer working alone,Visual,No,Yes,Financial Analyst
B.Tech,Computer Science,8.99,"Git, Java, Python, JavaScript","Problem-Solving, Teamwork",Ambivert,8-12 LPA,No Certification,I like a mix of both,Kinesthetic,Yes,No,Data Scientist
B.Tech,Human-Computer Interaction,9.18,"Figma, Sketch","Creativity, Empathy",Ambivert,8-12 LPA,No Certification,I like a mix of both,Kinesthetic,No,No,UI/UX Designer
B.Tech,Computer Science,9.07,"Scikit-learn, TensorFlow, R, SQL","Problem-Solving, Critical Thinking",Ambivert,8-12 LPA,Google Data Analytics,I prefer working alone,Read/Write,Yes,Yes,Data Scientist
B.Des,Graphic Design,8.67,"Adobe Illustrator, Adobe Photoshop, Figma","Attention to Detail, Creativity",Introvert,Less than 4 LPA,Adobe Certified Expert (ACE),I like a mix of both,Kinesthetic,No,Yes,Graphic Designer
B.Com,Commerce,9.02,"MS Excel, SQL, Tableau, Financial Modeling","Attention to Detail, Analytical Skills",Extrovert,8-12 LPA,No Certification,I prefer working alone,Read/Write,Maybe,Yes,Financial Analyst
M.Tech,Computer Science,9.81,"TensorFlow, Python, Computer Vision","Critical Thinking, Research",Introvert,12+ LPA,TensorFlow Developer,I prefer working alone,Read/Write,Yes,Yes,AI Specialist
B.Tech,Data Science,9.9,"SQL, Scikit-learn, R, Python, TensorFlow","Critical Thinking, Problem-Solving",Introvert,12+ LPA,Google Data Analytics,I prefer working alone,Read/Write,Yes,No,Data Scientist
B.Tech,Computer Science,9.57,"JavaScript, SQL, Git, Java, Python","Teamwork, Problem-Solving",Ambivert,12+ LPA,No Certification,I prefer working alone,Kinesthetic,Maybe,No,Software Developer
B.Tech,Computer Science,9.8,"R, TensorFlow, Scikit-learn, Python, SQL","Problem-Solving, Critical Thinking",Introvert,12+ LPA,Google Data Analytics,I prefer working alone,Visual,Yes,Yes,Data Scientist
BBA,Marketing,8.87,"SEO, Google Analytics, Social Media Management","Creativity, Leadership",Extrovert,8-12 LPA,HubSpot Content Marketing,I prefer working in a team,Auditory,Yes,No,Social Media Manager
B.Tech,Human-Computer Interaction,9.08,"Sketch, User Research, Adobe XD","Empathy, Creativity",Ambivert,12+ LPA,No Certification,I like a mix of both,Visual,No,No,UI/UX Designer
B.A.,Fine Arts,7.06,"Figma, Adobe Illustrator","Attention to Detail, Creativity",Introvert,4-8 LPA,Adobe Certified Expert (ACE),I like a mix of both,Kinesthetic,No,No,Graphic Designer
MBA,Business Administration,7.21,"SEO, Social Media Management, Google Analytics","Creativity, Communication",Extrovert,12+ LPA,HubSpot Content Marketing,I prefer working in a team,Visual,Maybe,No,Marketing Manager
B.Tech,Computer Science,8.78,"Git, SQL, Python, JavaScript","Teamwork, Problem-Solving",Introvert,8-12 LPA,Coursera - Python for Everybody,I prefer working alone,Visual,Maybe,No,Software Developer
MBA,Commerce,8.95,"Tableau, MS Excel, SQL, Financial Modeling","Analytical Skills, Attention to Detail",Ambivert,8-12 LPA,CFA,I prefer working alone,Read/Write,No,Yes,Business Analyst
B.Tech,Data Science,9.49,"TensorFlow, Scikit-learn","Problem-Solving, Critical Thinking",Ambivert,8-12 LPA,IBM Data Science,I prefer working alone,Visual,Yes,No,Data Scientist
Diploma,Mechanical Engineering,7.95,"SolidWorks, MATLAB","Teamwork, Problem-Solving",Ambivert,8-12 LPA,No Certification,I prefer working in a team,Kinesthetic,Maybe,Yes,Mechanical Engineer
B.Tech,Data Science,8.92,"SQL, Scikit-learn","Critical Thinking, Problem-Solving",Ambivert,8-12 LPA,IBM Data Science,I prefer working alone,Read/Write,Yes,Yes,Data Scientist
MBA,Finance,8.28,"MS Excel, Tableau, Financial Modeling, SQL","Analytical Skills, Attention to Detail",Extrovert,8-12 LPA,No Certification,I prefer working alone,Visual,Maybe,Yes,Financial Analyst
M.Tech,AI & ML,9.42,"Python, TensorFlow, NLP, Computer Vision, PyTorch","Critical Thinking, Research",Introvert,12+ LPA,Deep Learning Specialization,I prefer working alone,Read/Write,Yes,Yes,AI Specialist
B.Tech,Human-Computer Interaction,7.6,"Figma, Adobe XD, User Research, Sketch","Problem-Solving, Empathy",Ambivert,8-12 LPA,Nielsen Norman Group UX Certification,I like a mix of both,Visual,No,No,UI/UX Designer
B.Tech,Human-Computer Interaction,8.24,"Sketch, Adobe XD","Empathy, Creativity",Ambivert,12+ LPA,No Certification,I like a mix of both,Kinesthetic,Yes,No,UI/UX Designer
B.Des,Graphic Design,8.25,"User Research, Figma, Adobe XD, Sketch","Empathy, Problem-Solving",Ambivert,8-12 LPA,No Certification,I like a mix of both,Kinesthetic,Yes,No,UI/UX Designer
B.Tech,Computer Science,8.74,"JavaScript, SQL, Java","Problem-Solving, Teamwork",Introvert,12+ LPA,No Certification,I like a mix of both,Kinesthetic,Yes,No,Data Scientist
B.Tech,Human-Computer Interaction,7.59,"Figma, Sketch","Empathy, Creativity",Ambivert,8-12 LPA,Nielsen Norman Group UX Certification,I like a mix of both,Visual,Yes,No,UI/UX Designer
B.A.,Fine Arts,7.66,"Adobe Photoshop, Adobe Illustrator, Figma","Creativity, Attention to Detail",Ambivert,Less than 4 LPA,No Certification,I like a mix of both,Kinesthetic,No,No,Graphic Designer
MBA,Commerce,8.32,"Tableau, MS Excel, Financial Modeling","Analytical Skills, Attention to Detail",Ambivert,4-8 LPA,No Certification,I prefer working alone,Visual,Maybe,No,Business Analyst
B.Tech,Computer Science,9.37,"Git, Java, Python, SQL","Problem-Solving, Teamwork",Ambivert,12+ LPA,Coursera - Python for Everybody,I prefer working alone,Visual,Yes,No,Software Developer
BBA,Business Administration,7.27,"Google Analytics, Digital Marketing","Leadership, Creativity",Extrovert,12+ LPA,Google Digital Marketing,I prefer working in a team,Auditory,Maybe,No,Social Media Manager
B.Tech,Computer Science,9.73,"Java, JavaScript, SQL","Problem-Solving, Teamwork",Ambivert,8-12 LPA,Coursera - Python for Everybody,I like a mix of both,Kinesthetic,Maybe,No,Software Developer
B.Tech,Data Science,9.3,"Scikit-learn, Python, R","Critical Thinking, Problem-Solving",Ambivert,8-12 LPA,Google Data Analytics,I prefer working alone,Read/Write,Yes,Yes,Data Scientist
M.Tech,Data Science,9.11,"Python, R, TensorFlow, Scikit-learn","Critical Thinking, Problem-Solving",Introvert,12+ LPA,Google Data Analytics,I prefer working alone,Read/Write,Yes,No,Data Scientist
B.Des,Human-Computer Interaction,8.6,"User Research, Figma","Creativity, Empathy",Ambivert,8-12 LPA,Nielsen Norman Group UX Certification,I like a mix of both,Visual,No,No,UI/UX Designer
B.A.,Fine Arts,8.0,"Adobe Illustrator, Adobe Photoshop, Figma","Attention to Detail, Creativity",Introvert,4-8 LPA,No Certification,I like a mix of both,Visual,No,Yes,Graphic Designer
MBA,Finance,8.36,"Tableau, Financial Modeling, MS Excel","Analytical Skills, Attention to Detail",Ambivert,4-8 LPA,No Certification,I prefer working alone,Read/Write,No,Yes,Financial Analyst
M.Tech,AI & ML,9.96,"Computer Vision, Python","Research, Critical Thinking",Introvert,12+ LPA,TensorFlow Developer,I prefer working alone,Read/Write,Yes,Yes,AI Specialist
B.Des,Graphic Design,8.52,"Adobe Photoshop, Figma, Adobe Illustrator","Creativity, Attention to Detail",Introvert,4-8 LPA,No Certification,I prefer working alone,Visual,No,Yes,UI/UX Designer
B.Com,Commerce,9.06,"Tableau, MS Excel","Attention to Detail, Analytical Skills",Ambivert,8-12 LPA,No Certification,I prefer working alone,Read/Write,Maybe,Yes,Financial Analyst
B.Tech,Mechanical Engineering,8.26,"MATLAB, SolidWorks","Teamwork, Problem-Solving",Ambivert,8-12 LPA,Certified SOLIDWORKS Professional,I prefer working in a team,Kinesthetic,Maybe,Yes,Civil Engineer
B.A.,Fine Arts,7.84,"Adobe Photoshop, Adobe Illustrator, Figma","Creativity, Attention to Detail",Ambivert,4-8 LPA,Adobe Certified Expert (ACE),I prefer working alone,Kinesthetic,No,No,Graphic Designer
B.Tech,Data Science,8.84,"Scikit-learn, SQL","Critical Thinking, Problem-Solving",Ambivert,8-12 LPA,Google Data Analytics,I prefer working alone,Read/Write,Yes,Yes,Data Scientist
B.Com,Commerce,7.62,"Tableau, Financial Modeling, SQL","Attention to Detail, Analytical Skills",Extrovert,8-12 LPA,CFA,I prefer working alone,Visual,No,Yes,Financial Analyst
B.Tech,Graphic Design,7.74,"Adobe XD, User Research, Sketch","Creativity, Problem-Solving",Ambivert,8-12 LPA,Nielsen Norman Group UX Certification,I like a mix of both,Visual,No,No,UI/UX Designer
B.Tech,Human-Computer Interaction,8.76,"User Research, Figma","Creativity, Empathy",Ambivert,12+ LPA,Nielsen Norman Group UX Certification,I like a mix of both,Visual,No,No,UI/UX Designer
B.A.,Graphic Design,8.46,"Adobe Photoshop, Figma","Creativity, Attention to Detail",Introvert,Less than 4 LPA,No Certification,I prefer working alone,Kinesthetic,No,No,UI/UX Designer
BBA,Marketing,8.5,"Social Media Management, Google Analytics","Creativity, Communication",Extrovert,8-12 LPA,Google Digital Marketing,I prefer working in a team,Auditory,Yes,No,Marketing Manager
MBA,Business Administration,7.17,"Google Analytics, Social Media Management, SEO, Digital Marketing","Communication, Leadership",Extrovert,12+ LPA,HubSpot Content Marketing,I prefer working in a team,Auditory,Yes,No,Marketing Manager
B.A.,Fine Arts,8.53,"Adobe Photoshop, Figma","Attention to Detail, Creativity",Ambivert,4-8 LPA,No Certification,I like a mix of both,Kinesthetic,No,No,Graphic Designer
Diploma,Mechanical Engineering,7.63,"SolidWorks, AutoCAD","Teamwork, Problem-Solving",Ambivert,4-8 LPA,Certified SOLIDWORKS Professional,I prefer working in a team,Kinesthetic,Yes,Yes,Mechanical Engineer
B.A.,Fine Arts,7.46,"Adobe Photoshop, Figma, Adobe Illustrator","Creativity, Attention to Detail",Introvert,Less than 4 LPA,Adobe Certified Expert (ACE),I prefer working alone,Kinesthetic,No,Yes,Graphic Designer
MBA,Business Administration,7.3,"Social Media Management, Google Analytics, Digital Marketing, SEO","Communication, Leadership",Extrovert,12+ LPA,HubSpot Content Marketing,I prefer working in a team,Visual,Maybe,No,Marketing Manager
BBA,Marketing,8.52,"Google Analytics, Digital Marketing","Leadership, Creativity",Extrovert,12+ LPA,Google Digital Marketing,I prefer working in a team,Visual,Yes,No,Marketing Manager
MBA,Marketing,8.7,"SEO, Social Media Management, Google Analytics","Creativity, Communication",Extrovert,12+ LPA,Google Digital Marketing,I prefer working in a team,Auditory,Yes,No,Marketing Manager
B.Tech,Human-Computer Interaction,9.08,"Figma, Sketch","Creativity, Empathy",Ambivert,12+ LPA,Nielsen Norman Group UX Certification,I like a mix of both,Visual,No,No,UI/UX Designer
B.Des,Graphic Design,7.76,"Sketch, Figma, Adobe XD","Creativity, Problem-Solving",Ambivert,12+ LPA,No Certification,I like a mix of both,Visual,Yes,No,UI/UX Designer
B.Tech,Computer Science,9.69,"Python, Git","Teamwork, Problem-Solving",Ambivert,12+ LPA,No Certification,I prefer working alone,Kinesthetic,Maybe,No,Software Developer
M.Tech,Data Science,9.58,"R, Python, Scikit-learn, SQL, TensorFlow","Problem-Solving, Critical Thinking",Ambivert,12+ LPA,Google Data Analytics,I prefer working alone,Visual,Yes,Yes,Data Scientist
B.Tech,Mechanical Engineering,7.66,"SolidWorks, AutoCAD","Problem-Solving, Teamwork",Ambivert,4-8 LPA,No Certification,I prefer working in a team,Kinesthetic,Maybe,Yes,Mechanical Engineer
M.Tech,AI & ML,9.7,"TensorFlow, PyTorch, NLP","Research, Critical Thinking",Introvert,12+ LPA,Deep Learning Specialization,I prefer working alone,Read/Write,Yes,Yes,AI Specialist
B.Des,Graphic Design,8.73,"User Research, Adobe XD, Sketch, Figma","Empathy, Creativity",Ambivert,12+ LPA,Nielsen Norman Group UX Certification,I like a mix of both,Kinesthetic,No,No,UI/UX Designer
BBA,Business Administration,8.39,"Digital Marketing, Google Analytics","Leadership, Creativity",Extrovert,12+ LPA,Google Digital Marketing,I prefer working in a team,Visual,Maybe,No,Marketing Manager
B.Des,Graphic Design,8.89,"Figma, User Research, Adobe XD, Sketch","Problem-Solving, Empathy",Ambivert,8-12 LPA,No Certification,I like a mix of both,Visual,No,No,UI/UX Designer
B.Des,Graphic Design,8.99,"Figma, Sketch, User Research, Adobe XD","Empathy, Problem-Solving",Ambivert,12+ LPA,Nielsen Norman Group UX Certification,I like a mix of both,Visual,Yes,No,UI/UX Designer
B.Tech,Mechanical Engineering,8.04,"AutoCAD, MATLAB","Problem-Solving, Teamwork",Ambivert,8-12 LPA,No Certification,I prefer working in a team,Kinesthetic,Yes,Yes,Mechanical Engineer
Diploma,Mechanical Engineering,7.17,"MATLAB, AutoCAD, SolidWorks","Problem-Solving, Teamwork",Ambivert,4-8 LPA,Certified SOLIDWORKS Professional,I prefer working in a team,Kinesthetic,Maybe,Yes,Mechanical Engineer
B.Tech,Computer Science,9.42,"R, SQL, TensorFlow, Python","Problem-Solving, Critical Thinking",Ambivert,8-12 LPA,IBM Data Science,I prefer working alone,Read/Write,Yes,No,Data Scientist
B.Tech,Computer Science,8.25,"Python, SQL, Java, Git, JavaScript","Problem-Solving, Teamwork",Introvert,12+ LPA,Coursera - Python for Everybody,I prefer working alone,Kinesthetic,Maybe,No,Software Developer
M.Tech,Computer Science,9.89,"Computer Vision, Python, NLP","Research, Critical Thinking",Introvert,12+ LPA,Deep Learning Specialization,I prefer working alone,Read/Write,Yes,Yes,AI Specialist
B.Tech,Mechanical Engineering,7.88,"SolidWorks, MATLAB","Problem-Solving, Teamwork",Ambivert,4-8 LPA,Certified SOLIDWORKS Professional,I prefer working in a team,Kinesthetic,Maybe,Yes,Mechanical Engineer
B.Com,Commerce,8.01,"MS Excel, SQL, Financial Modeling, Tableau","Attention to Detail, Analytical Skills",Ambivert,8-12 LPA,CFA,I prefer working alone,Visual,No,No,Financial Analyst
B.Tech,Computer Science,9.3,"JavaScript, Java","Teamwork, Problem-Solving",Introvert,12+ LPA,Coursera - Python for Everybody,I prefer working alone,Kinesthetic,Maybe,No,Software Developer
B.Tech,Computer Science,8.97,"Java, SQL, JavaScript, Python, Git","Problem-Solving, Teamwork",Introvert,12+ LPA,Coursera - Python for Everybody,I prefer working alone,Visual,Yes,No,Software Developer
M.Tech,AI & ML,8.88,"Computer Vision, PyTorch, NLP, TensorFlow","Critical Thinking, Research",Introvert,12+ LPA,TensorFlow Developer,I prefer working alone,Read/Write,Yes,Yes,AI Specialist
B.Des,Fine Arts,6.69,"Adobe Photoshop, Adobe Illustrator","Creativity, Attention to Detail",Introvert,4-8 LPA,Adobe Certified Expert (ACE),I like a mix of both,Kinesthetic,No,Yes,UI/UX Designer
BBA,Marketing,7.8,"SEO, Social Media Management","Leadership, Communication",Extrovert,8-12 LPA,HubSpot Content Marketing,I prefer working in a team,Visual,Yes,No,Marketing Manager
B.Tech,Human-Computer Interaction,7.76,"User Research, Adobe XD, Sketch, Figma","Empathy, Problem-Solving",Ambivert,12+ LPA,No Certification,I like a mix of both,Visual,Yes,No,UI/UX Designer
B.Tech,Human-Computer Interaction,8.65,"Figma, Sketch, Adobe XD, User Research","Problem-Solving, Empathy",Ambivert,12+ LPA,Nielsen Norman Group UX Certification,I like a mix of both,Kinesthetic,No,No,Graphic Designer
M.Tech,AI & ML,8.95,"Computer Vision, Python","Research, Critical Thinking",Introvert,12+ LPA,Deep Learning Specialization,I prefer working alone,Read/Write,Yes,Yes,AI Specialist
BBA,Marketing,7.76,"SEO, Social Media Management","Leadership, Communication",Extrovert,12+ LPA,HubSpot Content Marketing,I prefer working in a team,Visual,Maybe,No,Marketing Manager
B.Tech,Computer Science,8.78,"JavaScript, Python","Problem-Solving, Teamwork",Introvert,8-12 LPA,Coursera - Python for Everybody,I like a mix of both,Visual,Yes,No,Data Scientist
M.Tech,AI & ML,9.72,"Python, PyTorch","Critical Thinking, Research",Introvert,12+ LPA,Deep Learning Specialization,I prefer working alone,Read/Write,Yes,Yes,AI Specialist
M.Tech,Computer Science,9.07,"Python, TensorFlow","Problem-Solving, Critical Thinking",Introvert,8-12 LPA,Google Data Analytics,I prefer working alone,Read/Write,Yes,Yes,Data Scientist
B.Tech,Mechanical Engineering,7.26,"MATLAB, AutoCAD, SolidWorks","Problem-Solving, Teamwork",Ambivert,4-8 LPA,No Certification,I prefer working in a team,Kinesthetic,Maybe,Yes,Mechanical Engineer
B.Tech,Computer Science,8.12,"Python, Git, SQL, Java, JavaScript","Teamwork, Problem-Solving",Introvert,8-12 LPA,No Certification,I like a mix of both,Kinesthetic,Yes,No,Data Scientist
MBA,Marketing,7.37,"Social Media Management, Digital Marketing, Google Analytics","Creativity, Communication",Extrovert,12+ LPA,HubSpot Content Marketing,I prefer working in a team,Visual,Yes,No,Marketing Manager
MBA,Finance,7.75,"Financial Modeling, SQL, Tableau, MS Excel","Attention to Detail, Analytical Skills",Extrovert,4-8 LPA,No Certification,I prefer working alone,Read/Write,No,No,Financial Analyst
MBA,Business Administration,7.26,"Digital Marketing, Google Analytics, Social Media Management","Communication, Leadership",Extrovert,8-12 LPA,Google Digital Marketing,I prefer working in a team,Visual,Maybe,No,Social Media Manager
B.Tech,Graphic Design,8.46,"User Research, Figma","Problem-Solving, Empathy",Ambivert,8-12 LPA,No Certification,I like a mix of both,Visual,Yes,No,UI/UX Designer
B.Tech,Computer Science,8.96,"Java, JavaScript, SQL, Python","Teamwork, Problem-Solving",Introvert,12+ LPA,No Certification,I like a mix of both,Visual,Yes,No,Software Developer
B.Des,Graphic Design,7.72,"Adobe Illustrator, Adobe Photoshop, Figma","Attention to Detail, Creativity",Ambivert,4-8 LPA,Adobe Certified Expert (ACE),I like a mix of both,Visual,No,Yes,Graphic Designer
B.Des,Graphic Design,8.37,"Figma, Adobe XD, User Research, Sketch","Empathy, Problem-Solving",Ambivert,8-12 LPA,Nielsen Norman Group UX Certification,I like a mix of both,Visual,Yes,No,UI/UX Designer
B.Tech,Computer Science,8.2,"Python, SQL, Git","Problem-Solving, Teamwork",Ambivert,12+ LPA,No Certification,I like a mix of both,Visual,Yes,No,Software Developer
MBA,Finance,8.9,"SQL, Financial Modeling","Analytical Skills, Attention to Detail",Extrovert,8-12 LPA,CFA,I prefer working alone,Read/Write,No,Yes,Financial Analyst
B.Des,Graphic Design,8.5,"User Research, Adobe XD, Sketch, Figma","Empathy, Problem-Solving",Ambivert,12+ LPA,No Certification,I like a mix of both,Visual,No,No,Graphic Designer
MBA,Commerce,7.75,"SQL, Financial Modeling, Tableau, MS Excel","Attention to Detail, Analytical Skills",Extrovert,4-8 LPA,No Certification,I prefer working alone,Visual,No,Yes,Business Analyst
MBA,Marketing,7.05,"Google Analytics, Social Media Management, Digital Marketing","Leadership, Creativity",Extrovert,12+ LPA,HubSpot Content Marketing,I prefer working in a team,Auditory,Yes,No,Marketing Manager
M.Tech,Data Science,9.51,"Scikit-learn, R","Problem-Solving, Critical Thinking",Introvert,8-12 LPA,IBM Data Science,I prefer working alone,Visual,Yes,Yes,Data Scientist
B.Des,Graphic Design,9.05,"Sketch, Figma","Creativity, Empathy",Ambivert,12+ LPA,Nielsen Norman Group UX Certification,I like a mix of both,Visual,No,No,UI/UX Designer
B.Tech,Mechanical Engineering,7.76,"MATLAB, SolidWorks, AutoCAD","Problem-Solving, Teamwork",Ambivert,4-8 LPA,No Certification,I prefer working in a team,Kinesthetic,Maybe,Yes,Mechanical Engineer
B.Tech,Computer Science,8.43,"SQL, Java","Teamwork, Problem-Solving",Ambivert,12+ LPA,No Certification,I like a mix of both,Visual,Yes,No,Software Developer
BBA,Marketing,8.33,"Google Analytics, Social Media Management, SEO","Communication, Creativity",Extrovert,8-12 LPA,Google Digital Marketing,I prefer working in a team,Visual,Yes,No,Marketing Manager
B.Des,Human-Computer Interaction,8.0,"Sketch, User Research, Adobe XD","Problem-Solving, Creativity",Ambivert,12+ LPA,No Certification,I like a mix of both,Visual,Yes,No,Graphic Designer
Diploma,Mechanical Engineering,7.48,"SolidWorks, MATLAB, AutoCAD","Problem-Solving, Teamwork",Ambivert,4-8 LPA,No Certification,I prefer working in a team,Kinesthetic,Yes,Yes,Mechanical Engineer
B.Tech,Computer Science,8.73,"Scikit-learn, SQL, TensorFlow, Python, R","Critical Thinking, Problem-Solving",Introvert,8-12 LPA,IBM Data Science,I prefer working alone,Read/Write,Yes,No,Data Scientist
BBA,Marketing,8.58,"Digital Marketing, Social Media Management, SEO, Google Analytics","Creativity, Leadership",Extrovert,8-12 LPA,HubSpot Content Marketing,I prefer working in a team,Auditory,Yes,No,Marketing Manager
B.Des,Human-Computer Interaction,9.08,"User Research, Adobe XD","Creativity, Problem-Solving",Ambivert,12+ LPA,Nielsen Norman Group UX Certification,I like a mix of both,Visual,No,No,UI/UX Designer
M.Tech,Computer Science,9.49,"Computer Vision, PyTorch, Python, TensorFlow, NLP","Research, Critical Thinking",Introvert,12+ LPA,TensorFlow Developer,I prefer working alone,Read/Write,Yes,Yes,AI Specialist
B.A.,Fine Arts,7.34,"Adobe Photoshop, Figma","Attention to Detail, Creativity",Introvert,4-8 LPA,No Certification,I prefer working alone,Kinesthetic,No,Yes,Graphic Designer
BBA,Business Administration,7.61,"Google Analytics, SEO, Digital Marketing, Social Media Management","Leadership, Communication",Extrovert,8-12 LPA,HubSpot Content Marketing,I prefer working in a team,Auditory,Maybe,No,Marketing Manager
B.Tech,Graphic Design,8.48,"User Research, Figma, Adobe XD","Empathy, Creativity",Ambivert,8-12 LPA,Nielsen Norman Group UX Certification,I like a mix of both,Visual,Yes,No,UI/UX Designer
B.A.,Fine Arts,8.27,"Figma, Adobe Illustrator, Adobe Photoshop","Creativity, Attention to Detail",Ambivert,Less than 4 LPA,No Certification,I prefer working alone,Visual,No,Yes,Graphic Designer
M.Tech,AI & ML,8.91,"PyTorch, NLP, TensorFlow, Computer Vision","Research, Critical Thinking",Introvert,12+ LPA,TensorFlow Developer,I prefer working alone,Read/Write,Yes,Yes,AI Specialist
B.Tech,Computer Science,8.93,"Python, JavaScript, SQL","Problem-Solving, Teamwork",Ambivert,12+ LPA,Coursera - Python for Everybody,I like a mix of both,Visual,Maybe,No,Software Developer
B.Tech,Mechanical Engineering,7.27,"SolidWorks, MATLAB","Teamwork, Problem-Solving",Ambivert,4-8 LPA,Certified SOLIDWORKS Professional,I prefer working in a team,Kinesthetic,Maybe,Yes,Civil Engineer
M.Tech,AI & ML,9.02,"TensorFlow, Python, PyTorch, NLP","Research, Critical Thinking",Introvert,12+ LPA,TensorFlow Developer,I prefer working alone,Read/Write,Yes,Yes,AI Specialist
M.Tech,Computer Science,9.78,"Scikit-learn, TensorFlow, Python, SQL, R","Problem-Solving, Critical Thinking",Introvert,8-12 LPA,Google Data Analytics,I prefer working alone,Visual,Yes,Yes,Data Scientist
M.Tech,Computer Science,8.6,"Scikit-learn, SQL","Problem-Solving, Critical Thinking",Ambivert,8-12 LPA,IBM Data Science,I prefer working alone,Visual,Yes,Yes,Data Scientist
B.Tech,Computer Science,9.8,"Java, SQL","Teamwork, Problem-Solving",Introvert,8-12 LPA,No Certification,I prefer working alone,Visual,Maybe,No,Data Scientist
B.Com,Commerce,8.27,"SQL, MS Excel, Tableau","Analytical Skills, Attention to Detail",Extrovert,4-8 LPA,No Certification,I prefer working alone,Visual,No,No,Financial Analyst
B.A.,Fine Arts,8.46,"Figma, Adobe Illustrator, Adobe Photoshop","Attention to Detail, Creativity",Introvert,4-8 LPA,No Certification,I prefer working alone,Visual,No,No,Graphic Designer
B.Tech,Graphic Design,7.65,"Sketch, User Research","Problem-Solving, Empathy",Ambivert,12+ LPA,Nielsen Norman Group UX Certification,I like a mix of both,Visual,Yes,No,UI/UX Designer
B.Des,Human-Computer Interaction,8.21,"Sketch, Adobe XD, User Research, Figma","Creativity, Empathy",Ambivert,12+ LPA,Nielsen Norman Group UX Certification,I like a mix of both,Visual,Yes,No,UI/UX Designer
B.Des,Graphic Design,8.7,"Adobe Illustrator, Adobe Photoshop, Figma","Creativity, Attention to Detail",Ambivert,Less than 4 LPA,Adobe Certified Expert (ACE),I like a mix of both,Kinesthetic,No,No,Graphic Designer
B.Tech,Computer Science,9.73,"SQL, Java, Git, Python","Problem-Solving, Teamwork",Ambivert,8-12 LPA,Coursera - Python for Everybody,I prefer working alone,Visual,Maybe,No,Software Developer
B.Des,Human-Computer Interaction,8.76,"Adobe XD, Sketch, Figma, User Research","Empathy, Problem-Solving",Ambivert,12+ LPA,Nielsen Norman Group UX Certification,I like a mix of both,Visual,No,No,UI/UX Designer
B.Tech,Computer Science,9.66,"Java, JavaScript, Git, Python, SQL","Problem-Solving, Teamwork",Introvert,8-12 LPA,Coursera - Python for Everybody,I like a mix of both,Visual,Yes,No,Data Scientist
B.Tech,Mechanical Engineering,8.29,"AutoCAD, SolidWorks, MATLAB","Problem-Solving, Teamwork",Ambivert,8-12 LPA,Certified SOLIDWORKS Professional,I prefer working in a team,Kinesthetic,Yes,Yes,Civil Engineer
Diploma,Mechanical Engineering,8.73,"AutoCAD, MATLAB","Teamwork, Problem-Solving",Ambivert,8-12 LPA,Certified SOLIDWORKS Professional,I prefer working in a team,Kinesthetic,Yes,Yes,Mechanical Engineer
M.Tech,Computer Science,9.35,"R, TensorFlow, SQL, Python","Problem-Solving, Critical Thinking",Ambivert,12+ LPA,IBM Data Science,I prefer working alone,Read/Write,Yes,No,Data Scientist
B.Tech,Computer Science,8.12,"Java, JavaScript, SQL, Git","Problem-Solving, Teamwork",Ambivert,12+ LPA,No Certification,I prefer working alone,Kinesthetic,Yes,No,Software Developer
B.Tech,Human-Computer Interaction,7.8,"Sketch, Adobe XD, Figma, User Research","Problem-Solving, Empathy",Ambivert,12+ LPA,No Certification,I like a mix of both,Kinesthetic,No,No,Graphic Designer
Diploma,Mechanical Engineering,7.95,"AutoCAD, SolidWorks","Teamwork, Problem-Solving",Ambivert,4-8 LPA,No Certification,I prefer working in a team,Kinesthetic,Yes,Yes,Mechanical Engineer
B.Tech,Computer Science,8.43,"Java, Git","Teamwork, Problem-Solving",Introvert,8-12 LPA,No Certification,I like a mix of both,Kinesthetic,Maybe,No,Data Scientist
B.Com,Commerce,9.11,"MS Excel, Financial Modeling, SQL","Attention to Detail, Analytical Skills",Ambivert,8-12 LPA,CFA,I prefer working alone,Visual,No,No,Financial Analyst
B.Tech,Computer Science,8.29,"Python, Git, Java, JavaScript, SQL","Teamwork, Problem-Solving",Ambivert,8-12 LPA,No Certification,I prefer working alone,Visual,Maybe,No,Software Developer
B.A.,Graphic Design,8.38,"Figma, Adobe Illustrator","Creativity, Attention to Detail",Introvert,Less than 4 LPA,No Certification,I like a mix of both,Kinesthetic,No,No,Graphic Designer
MBA,Business Administration,8.57,"Digital Marketing, SEO, Google Analytics","Communication, Creativity",Extrovert,8-12 LPA,HubSpot Content Marketing,I prefer working in a team,Auditory,Yes,No,Marketing Manager
M.Tech,AI & ML,9.97,"Computer Vision, PyTorch, TensorFlow, Python","Critical Thinking, Research",Introvert,12+ LPA,TensorFlow Developer,I prefer working alone,Read/Write,Yes,Yes,AI Specialist
B.Tech,Human-Computer Interaction,8.56,"Figma, User Research, Adobe XD, Sketch","Problem-Solving, Creativity",Ambivert,12+ LPA,No Certification,I like a mix of both,Kinesthetic,No,No,UI/UX Designer
MBA,Marketing,7.77,"Digital Marketing, Google Analytics, SEO, Social Media Management","Communication, Creativity",Extrovert,8-12 LPA,Google Digital Marketing,I prefer working in a team,Auditory,Yes,No,Marketing Manager
B.Com,Commerce,8.78,"MS Excel, Financial Modeling, SQL, Tableau","Attention to Detail, Analytical Skills",Extrovert,4-8 LPA,No Certification,I prefer working alone,Read/Write,Maybe,No,Financial Analyst
B.Tech,Computer Science,8.0,"Python, JavaScript, Java, SQL, Git","Problem-Solving, Teamwork",Introvert,8-12 LPA,No Certification,I prefer working alone,Kinesthetic,Yes,No,Data Scientist
M.Tech,Computer Science,9.42,"R, SQL","Problem-Solving, Critical Thinking",Introvert,12+ LPA,Google Data Analytics,I prefer working alone,Read/Write,Yes,Yes,AI Specialist
M.Tech,Data Science,8.67,"R, SQL, TensorFlow, Scikit-learn","Problem-Solving, Critical Thinking",Introvert,12+ LPA,IBM Data Science,I prefer working alone,Read/Write,Yes,Yes,AI Specialist
M.Tech,Computer Science,9.81,"Scikit-learn, R, TensorFlow, SQL, Python","Problem-Solving, Critical Thinking",Ambivert,8-12 LPA,Google Data Analytics,I prefer working alone,Read/Write,Yes,Yes,Data Scientist
M.Tech,Computer Science,9.09,"Computer Vision, TensorFlow, Python, PyTorch","Critical Thinking, Research",Introvert,12+ LPA,TensorFlow Developer,I prefer working alone,Read/Write,Yes,Yes,Data Scientist
B.Des,Human-Computer Interaction,9.1,"Sketch, User Research, Adobe XD, Figma","Problem-Solving, Empathy",Ambivert,12+ LPA,No Certification,I like a mix of both,Kinesthetic,Yes,No,UI/UX Designer
B.A.,Graphic Design,7.69,"Figma, Adobe Illustrator","Creativity, Attention to Detail",Ambivert,4-8 LPA,Adobe Certified Expert (ACE),I like a mix of both,Visual,No,Yes,Graphic Designer
B.Tech,Mechanical Engineering,7.53,"AutoCAD, SolidWorks, MATLAB","Problem-Solving, Teamwork",Ambivert,8-12 LPA,No Certification,I prefer working in a team,Kinesthetic,Maybe,Yes,Mechanical Engineer
BBA,Business Administration,7.11,"Social Media Management, Google Analytics, SEO","Communication, Creativity",Extrovert,8-12 LPA,HubSpot Content Marketing,I prefer working in a team,Visual,Maybe,No,Marketing Manager
B.Tech,Computer Science,9.1,"JavaScript, SQL, Git","Problem-Solving, Teamwork",Ambivert,8-12 LPA,Coursera - Python for Everybody,I prefer working alone,Visual,Yes,No,Software Developer
BBA,Marketing,8.2,"Social Media Management, Digital Marketing, Google Analytics, SEO","Creativity, Communication",Extrovert,8-12 LPA,HubSpot Content Marketing,I prefer working in a team,Visual,Maybe,No,Marketing Manager
B.A.,Fine Arts,7.42,"Adobe Illustrator, Figma, Adobe Photoshop","Attention to Detail, Creativity",Introvert,Less than 4 LPA,Adobe Certified Expert (ACE),I prefer working alone,Visual,No,Yes,Graphic Designer
B.Tech,Computer Science,8.39,"JavaScript, Git, Java","Problem-Solving, Teamwork",Introvert,12+ LPA,No Certification,I like a mix of both,Kinesthetic,Maybe,No,Software Developer
BBA,Marketing,8.17,"SEO, Google Analytics, Digital Marketing, Social Media Management","Creativity, Communication",Extrovert,8-12 LPA,Google Digital Marketing,I prefer working in a team,Visual,Yes,No,Marketing Manager
B.Des,Fine Arts,7.71,"Figma, Adobe Illustrator, Adobe Photoshop","Attention to Detail, Creativity",Ambivert,Less than 4 LPA,Adobe Certified Expert (ACE),I like a mix of both,Kinesthetic,No,Yes,Graphic Designer
B.Tech,Data Science,9.11,"Scikit-learn, SQL, R, Python","Problem-Solving, Critical Thinking",Introvert,12+ LPA,Google Data Analytics,I prefer working alone,Read/Write,Yes,Yes,Data Scientist
BBA,Business Administration,8.52,"Google Analytics, SEO","Communication, Leadership",Extrovert,8-12 LPA,HubSpot Content Marketing,I prefer working in a team,Visual,Maybe,No,Marketing Manager
B.Tech,Computer Science,9.65,"Git, JavaScript, SQL, Python, Java","Problem-Solving, Teamwork",Ambivert,12+ LPA,No Certification,I like a mix of both,Kinesthetic,Maybe,No,Software Developer
M.Tech,Computer Science,8.96,"TensorFlow, PyTorch","Research, Critical Thinking",Introvert,12+ LPA,TensorFlow Developer,I prefer working alone,Read/Write,Yes,Yes,AI Specialist
B.A.,Fine Arts,6.89,"Adobe Photoshop, Adobe Illustrator","Attention to Detail, Creativity",Introvert,Less than 4 LPA,Adobe Certified Expert (ACE),I prefer working alone,Kinesthetic,No,Yes,Graphic Designer
Diploma,Mechanical Engineering,7.82,"AutoCAD, MATLAB, SolidWorks","Teamwork, Problem-Solving",Ambivert,8-12 LPA,Certified SOLIDWORKS Professional,I prefer working in a team,Kinesthetic,Maybe,Yes,Civil Engineer
B.Des,Graphic Design,8.09,"Adobe XD, Figma","Empathy, Problem-Solving",Ambivert,8-12 LPA,Nielsen Norman Group UX Certification,I like a mix of both,Visual,Yes,No,UI/UX Designer
B.Tech,Computer Science,9.71,"TensorFlow, Python, SQL, Scikit-learn, R","Critical Thinking, Problem-Solving",Introvert,12+ LPA,Google Data Analytics,I prefer working alone,Read/Write,Yes,Yes,Data Scientist
B.Tech,Computer Science,9.4,"Python, SQL, Java","Teamwork, Problem-Solving",Introvert,8-12 LPA,Coursera - Python for Everybody,I like a mix of both,Kinesthetic,Maybe,No,Software Developer
B.Des,Graphic Design,8.5,"Adobe XD, Figma","Problem-Solving, Creativity",Ambivert,12+ LPA,No Certification,I like a mix of both,Visual,Yes,No,Graphic Designer
MBA,Finance,8.54,"SQL, Financial Modeling, Tableau","Attention to Detail, Analytical Skills",Ambivert,8-12 LPA,CFA,I prefer working alone,Visual,Maybe,No,Financial Analyst
B.A.,Fine Arts,7.69,"Figma, Adobe Photoshop","Attention to Detail, Creativity",Ambivert,4-8 LPA,Adobe Certified Expert (ACE),I like a mix of both,Visual,No,No,Graphic Designer
B.Tech,Computer Science,8.27,"SQL, Java, Python, JavaScript","Problem-Solving, Teamwork",Introvert,8-12 LPA,Coursera - Python for Everybody,I like a mix of both,Visual,Yes,No,Software Developer
MBA,Finance,9.02,"Tableau, Financial Modeling","Attention to Detail, Analytical Skills",Ambivert,8-12 LPA,CFA,I prefer working alone,Visual,No,No,Financial Analyst
MBA,Finance,8.7,"Financial Modeling, SQL, MS Excel","Analytical Skills, Attention to Detail",Ambivert,8-12 LPA,CFA,I prefer working alone,Visual,Maybe,Yes,Business Analyst
B.Tech,Computer Science,8.31,"JavaScript, Java, SQL","Teamwork, Problem-Solving",Ambivert,8-12 LPA,Coursera - Python for Everybody,I like a mix of both,Visual,Maybe,No,Software Developer
B.Tech,Computer Science,8.39,"JavaScript, Git, Java, SQL, Python","Problem-Solving, Teamwork",Ambivert,12+ LPA,Coursera - Python for Everybody,I like a mix of both,Kinesthetic,Yes,No,Software Developer
Diploma,Mechanical Engineering,8.3,"SolidWorks, AutoCAD, MATLAB","Teamwork, Problem-Solving",Ambivert,4-8 LPA,Certified SOLIDWORKS Professional,I prefer working in a team,Kinesthetic,Yes,Yes,Mechanical Engineer
B.Tech,Mechanical Engineering,8.98,"MATLAB, SolidWorks","Teamwork, Problem-Solving",Ambivert,4-8 LPA,No Certification,I prefer working in a team,Kinesthetic,Yes,Yes,Mechanical Engineer
B.Tech,Human-Computer Interaction,8.58,"Sketch, User Research, Figma","Empathy, Problem-Solving",Ambivert,8-12 LPA,No Certification,I like a mix of both,Kinesthetic,No,No,UI/UX Designer
MBA,Finance,8.8,"SQL, Financial Modeling, Tableau, MS Excel","Analytical Skills, Attention to Detail",Extrovert,8-12 LPA,CFA,I prefer working alone,Read/Write,No,Yes,Financial Analyst
B.Tech,Computer Science,9.15,"SQL, JavaScript","Problem-Solving, Teamwork",Ambivert,8-12 LPA,Coursera - Python for Everybody,I like a mix of both,Visual,Yes,No,Software Developer
B.Des,Graphic Design,7.25,"Adobe Illustrator, Figma","Attention to Detail, Creativity",Ambivert,4-8 LPA,Adobe Certified Expert (ACE),I like a mix of both,Kinesthetic,No,Yes,Graphic Designer
Diploma,Mechanical Engineering,8.19,"MATLAB, SolidWorks, AutoCAD","Teamwork, Problem-Solving",Ambivert,8-12 LPA,No Certification,I prefer working in a team,Kinesthetic,Yes,Yes,Mechanical Engineer
Diploma,Mechanical Engineering,7.35,"MATLAB, SolidWorks","Teamwork, Problem-Solving",Ambivert,8-12 LPA,No Certification,I prefer working in a team,Kinesthetic,Yes,Yes,Civil Engineer
B.Tech,Computer Science,9.3,"Git, SQL, JavaScript","Teamwork, Problem-Solving",Introvert,12+ LPA,Coursera - Python for Everybody,I prefer working alone,Kinesthetic,Yes,No,Software Developer
B.Tech,Graphic Design,8.74,"Sketch, Figma, User Research","Creativity, Empathy",Ambivert,8-12 LPA,Nielsen Norman Group UX Certification,I like a mix of both,Visual,Yes,No,UI/UX Designer
BBA,Business Administration,7.8,"Social Media Management, SEO, Digital Marketing","Leadership, Creativity",Extrovert,8-12 LPA,Google Digital Marketing,I prefer working in a team,Visual,Maybe,No,Marketing Manager
M.Tech,Computer Science,8.82,"SQL, Python","Critical Thinking, Problem-Solving",Ambivert,12+ LPA,Google Data Analytics,I prefer working alone,Read/Write,Yes,Yes,Data Scientist
B.Com,Commerce,8.5,"Financial Modeling, MS Excel, Tableau","Attention to Detail, Analytical Skills",Extrovert,4-8 LPA,CFA,I prefer working alone,Read/Write,Maybe,Yes,Financial Analyst
B.Tech,Mechanical Engineering,8.21,"MATLAB, SolidWorks","Problem-Solving, Teamwork",Ambivert,8-12 LPA,No Certification,I prefer working in a team,Kinesthetic,Maybe,Yes,Mechanical Engineer
M.Tech,AI & ML,9.94,"PyTorch, TensorFlow, Computer Vision, Python","Research, Critical Thinking",Introvert,12+ LPA,TensorFlow Developer,I prefer working alone,Read/Write,Yes,Yes,AI Specialist
MBA,Finance,8.17,"SQL, Financial Modeling, MS Excel","Attention to Detail, Analytical Skills",Ambivert,8-12 LPA,No Certification,I prefer working alone,Read/Write,No,Yes,Business Analyst
M.Tech,Computer Science,9.5,"Python, SQL, R","Problem-Solving, Critical Thinking",Introvert,12+ LPA,Google Data Analytics,I prefer working alone,Visual,Yes,Yes,Data Scientist
B.A.,Graphic Design,7.83,"Adobe Illustrator, Figma, Adobe Photoshop","Creativity, Attention to Detail",Introvert,4-8 LPA,No Certification,I prefer working alone,Visual,No,No,UI/UX Designer
MBA,Commerce,8.35,"SQL, MS Excel, Financial Modeling","Analytical Skills, Attention to Detail",Ambivert,4-8 LPA,No Certification,I prefer working alone,Visual,No,No,Business Analyst
B.Tech,Graphic Design,8.01,"Figma, Adobe XD, User Research","Creativity, Empathy",Ambivert,12+ LPA,No Certification,I like a mix of both,Kinesthetic,Yes,No,UI/UX Designer
M.Tech,Computer Science,9.32,"R, Python, TensorFlow, SQL, Scikit-learn","Problem-Solving, Critical Thinking",Ambivert,12+ LPA,Google Data Analytics,I prefer working alone,Read/Write,Yes,Yes,Data Scientist
Diploma,Mechanical Engineering,8.01,"SolidWorks, MATLAB, AutoCAD","Problem-Solving, Teamwork",Ambivert,4-8 LPA,Certified SOLIDWORKS Professional,I prefer working in a team,Kinesthetic,Maybe,Yes,Mechanical Engineer
B.Tech,Graphic Design,7.89,"Figma, Sketch","Creativity, Empathy",Ambivert,8-12 LPA,Nielsen Norman Group UX Certification,I like a mix of both,Visual,Yes,No,Graphic Designer
B.Tech,Human-Computer Interaction,8.61,"User Research, Adobe XD, Figma, Sketch","Problem-Solving, Creativity",Ambivert,12+ LPA,Nielsen Norman Group UX Certification,I like a mix of both,Kinesthetic,No,No,UI/UX Designer
B.A.,Fine Arts,7.96,"Adobe Illustrator, Figma","Creativity, Attention to Detail",Ambivert,4-8 LPA,No Certification,I prefer working alone,Kinesthetic,No,No,Graphic Designer
B.Des,Graphic Design,9.04,"Adobe XD, Sketch, User Research","Empathy, Problem-Solving",Ambivert,12+ LPA,Nielsen Norman Group UX Certification,I like a mix of both,Kinesthetic,Yes,No,UI/UX Designer
M.Tech,AI & ML,9.77,"PyTorch, Computer Vision, TensorFlow, NLP, Python","Critical Thinking, Research",Introvert,12+ LPA,Deep Learning Specialization,I prefer working alone,Read/Write,Yes,Yes,AI Specialist
B.Com,Finance,8.72,"Tableau, SQL, MS Excel, Financial Modeling","Analytical Skills, Attention to Detail",Ambivert,4-8 LPA,No Certification,I prefer working alone,Read/Write,No,No,Financial Analyst
Diploma,Mechanical Engineering,7.56,"SolidWorks, MATLAB","Teamwork, Problem-Solving",Ambivert,8-12 LPA,Certified SOLIDWORKS Professional,I prefer working in a team,Kinesthetic,Maybe,Yes,Mechanical Engineer
MBA,Marketing,8.82,"Social Media Management, Google Analytics, SEO","Communication, Leadership",Extrovert,12+ LPA,Google Digital Marketing,I prefer working in a team,Auditory,Yes,No,Marketing Manager
B.Des,Human-Computer Interaction,9.22,"Adobe XD, Figma, User Research","Creativity, Empathy",Ambivert,8-12 LPA,No Certification,I like a mix of both,Visual,No,No,UI/UX Designer
B.Des,Graphic Design,7.82,"Figma, Sketch","Problem-Solving, Creativity",Ambivert,12+ LPA,No Certification,I like a mix of both,Visual,Yes,No,UI/UX Designer
MBA,Finance,8.94,"Financial Modeling, Tableau, MS Excel, SQL","Attention to Detail, Analytical Skills",Extrovert,8-12 LPA,CFA,I prefer working alone,Read/Write,Maybe,No,Financial Analyst
M.Tech,Computer Science,8.89,"Python, PyTorch, Computer Vision","Critical Thinking, Research",Introvert,12+ LPA,Deep Learning Specialization,I prefer working alone,Read/Write,Yes,Yes,AI Specialist
B.Tech,Computer Science,9.15,"Java, Git, Python, JavaScript","Teamwork, Problem-Solving",Ambivert,12+ LPA,No Certification,I like a mix of both,Visual,Yes,No,Software Developer
MBA,Business Administration,8.71,"Digital Marketing, Social Media Management, SEO","Creativity, Communication",Extrovert,12+ LPA,HubSpot Content Marketing,I prefer working in a team,Auditory,Yes,No,Marketing Manager
B.Des,Fine Arts,7.78,"Adobe Photoshop, Figma, Adobe Illustrator","Attention to Detail, Creativity",Introvert,4-8 LPA,Adobe Certified Expert (ACE),I prefer working alone,Visual,No,No,Graphic Designer
B.Des,Graphic Design,7.74,"Sketch, Adobe XD","Empathy, Problem-Solving",Ambivert,8-12 LPA,No Certification,I like a mix of both,Kinesthetic,No,No,UI/UX Designer
B.Com,Finance,9.1,"Financial Modeling, MS Excel, Tableau, SQL","Analytical Skills, Attention to Detail",Ambivert,8-12 LPA,No Certification,I prefer working alone,Read/Write,Maybe,Yes,Financial Analyst
B.Tech,Computer Science,9.11,"Scikit-learn, TensorFlow, Python","Critical Thinking, Problem-Solving",Introvert,8-12 LPA,Google Data Analytics,I prefer working alone,Read/Write,Yes,Yes,Data Scientist
B.Des,Human-Computer Interaction,8.9,"Sketch, Adobe XD","Problem-Solving, Empathy",Ambivert,12+ LPA,No Certification,I like a mix of both,Kinesthetic,Yes,No,Graphic Designer
B.Tech,Computer Science,8.59,"Scikit-learn, Python","Critical Thinking, Problem-Solving",Introvert,8-12 LPA,IBM Data Science,I prefer working alone,Visual,Yes,No,Data Scientist
BBA,Marketing,7.3,"SEO, Social Media Management","Leadership, Creativity",Extrovert,8-12 LPA,Google Digital Marketing,I prefer working in a team,Auditory,Yes,No,Social Media Manager
B.Tech,Mechanical Engineering,7.57,"SolidWorks, MATLAB","Teamwork, Problem-Solving",Ambivert,4-8 LPA,Certified SOLIDWORKS Professional,I prefer working in a team,Kinesthetic,Maybe,Yes,Mechanical Engineer
B.Tech,Computer Science,8.5,"Python, TensorFlow, Scikit-learn, SQL","Problem-Solving, Critical Thinking",Introvert,8-12 LPA,Google Data Analytics,I prefer working alone,Visual,Yes,Yes,Data Scientist
B.A.,Graphic Design,7.92,"Figma, Adobe Illustrator, Adobe Photoshop","Attention to Detail, Creativity",Ambivert,4-8 LPA,Adobe Certified Expert (ACE),I like a mix of both,Kinesthetic,No,Yes,Graphic Designer
B.A.,Graphic Design,8.22,"Adobe Photoshop, Adobe Illustrator, Figma","Attention to Detail, Creativity",Ambivert,Less than 4 LPA,Adobe Certified Expert (ACE),I like a mix of both,Kinesthetic,No,Yes,Graphic Designer
B.Des,Human-Computer Interaction,8.77,"Figma, User Research, Adobe XD","Creativity, Empathy",Ambivert,8-12 LPA,No Certification,I like a mix of both,Visual,No,No,UI/UX Designer
BBA,Marketing,8.49,"Digital Marketing, SEO","Communication, Leadership",Extrovert,12+ LPA,HubSpot Content Marketing,I prefer working in a team,Auditory,Maybe,No,Marketing Manager
B.A.,Fine Arts,6.78,"Adobe Photoshop, Adobe Illustrator, Figma","Attention to Detail, Creativity",Ambivert,4-8 LPA,Adobe Certified Expert (ACE),I prefer working alone,Kinesthetic,No,Yes,Graphic Designer
M.Tech,AI & ML,9.04,"NLP, Computer Vision","Research, Critical Thinking",Introvert,12+ LPA,TensorFlow Developer,I prefer working alone,Read/Write,Yes,Yes,AI Specialist
Diploma,Mechanical Engineering,7.72,"MATLAB, AutoCAD, SolidWorks","Teamwork, Problem-Solving",Ambivert,8-12 LPA,Certified SOLIDWORKS Professional,I prefer working in a team,Kinesthetic,Maybe,Yes,Mechanical Engineer
B.A.,Graphic Design,8.12,"Adobe Photoshop, Adobe Illustrator","Attention to Detail, Creativity",Introvert,4-8 LPA,Adobe Certified Expert (ACE),I prefer working alone,Kinesthetic,No,No,UI/UX Designer
MBA,Business Administration,7.35,"Digital Marketing, Social Media Management","Creativity, Leadership",Extrovert,8-12 LPA,Google Digital Marketing,I prefer working in a team,Auditory,Yes,No,Marketing Manager
MBA,Finance,8.25,"Financial Modeling, MS Excel, Tableau, SQL","Attention to Detail, Analytical Skills",Extrovert,8-12 LPA,CFA,I prefer working alone,Visual,No,No,Financial Analyst
M.Tech,Computer Science,8.94,"Python, NLP, PyTorch","Research, Critical Thinking",Introvert,12+ LPA,TensorFlow Developer,I prefer working alone,Read/Write,Yes,Yes,AI Specialist
M.Tech,AI & ML,9.55,"Computer Vision, TensorFlow, NLP","Critical Thinking, Research",Introvert,12+ LPA,Deep Learning Specialization,I prefer working alone,Read/Write,Yes,Yes,AI Specialist
MBA,Marketing,7.48,"SEO, Social Media Management","Communication, Creativity",Extrovert,12+ LPA,Google Digital Marketing,I prefer working in a team,Auditory,Maybe,No,Marketing Manager
B.Des,Human-Computer Interaction,7.73,"User Research, Figma","Problem-Solving, Empathy",Ambivert,8-12 LPA,No Certification,I like a mix of both,Kinesthetic,Yes,No,Graphic Designer
B.Des,Graphic Design,8.24,"Adobe XD, Figma, User Research, Sketch","Creativity, Problem-Solving",Ambivert,12+ LPA,No Certification,I like a mix of both,Visual,No,No,UI/UX Designer
B.Tech,Computer Science,9.48,"SQL, Git, Python, Java, JavaScript","Problem-Solving, Teamwork",Introvert,12+ LPA,No Certification,I prefer working alone,Kinesthetic,Yes,No,Software Developer
B.Tech,Computer Science,8.17,"Git, JavaScript, Java, Python, SQL","Problem-Solving, Teamwork",Introvert,12+ LPA,Coursera - Python for Everybody,I like a mix of both,Visual,Maybe,No,Software Developer
MBA,Commerce,8.0,"MS Excel, Financial Modeling, SQL, Tableau","Attention to Detail, Analytical Skills",Ambivert,8-12 LPA,No Certification,I prefer working alone,Read/Write,No,No,Financial Analyst
B.A.,Graphic Design,8.05,"Adobe Photoshop, Adobe Illustrator","Attention to Detail, Creativity",Ambivert,4-8 LPA,Adobe Certified Expert (ACE),I like a mix of both,Kinesthetic,No,No,Graphic Designer
B.Tech,Mechanical Engineering,8.55,"AutoCAD, SolidWorks","Teamwork, Problem-Solving",Ambivert,8-12 LPA,Certified SOLIDWORKS Professional,I prefer working in a team,Kinesthetic,Maybe,Yes,Mechanical Engineer
B.Des,Graphic Design,8.98,"Figma, User Research, Sketch","Creativity, Problem-Solving",Ambivert,8-12 LPA,No Certification,I like a mix of both,Kinesthetic,Yes,No,UI/UX Designer
M.Tech,AI & ML,9.3,"NLP, Python, Computer Vision, PyTorch, TensorFlow","Research, Critical Thinking",Introvert,12+ LPA,Deep Learning Specialization,I prefer working alone,Read/Write,Yes,Yes,Data Scientist
B.A.,Fine Arts,8.54,"Figma, Adobe Photoshop","Attention to Detail, Creativity",Introvert,Less than 4 LPA,Adobe Certified Expert (ACE),I prefer working alone,Kinesthetic,No,No,Graphic Designer
MBA,Marketing,7.8,"Google Analytics, Social Media Management","Creativity, Leadership",Extrovert,12+ LPA,Google Digital Marketing,I prefer working in a team,Auditory,Yes,No,Marketing Manager
BBA,Marketing,7.32,"SEO, Digital Marketing","Leadership, Creativity",Extrovert,8-12 LPA,HubSpot Content Marketing,I prefer working in a team,Auditory,Maybe,No,Marketing Manager
M.Tech,Data Science,9.4,"TensorFlow, Scikit-learn","Critical Thinking, Problem-Solving",Ambivert,12+ LPA,IBM Data Science,I prefer working alone,Visual,Yes,No,Data Scientist
MBA,Commerce,8.79,"Financial Modeling, SQL, Tableau, MS Excel","Attention to Detail, Analytical Skills",Ambivert,4-8 LPA,CFA,I prefer working alone,Visual,No,Yes,Financial Analyst
BBA,Marketing,8.98,"Social Media Management, SEO, Digital Marketing, Google Analytics","Creativity, Leadership",Extrovert,8-12 LPA,HubSpot Content Marketing,I prefer working in a team,Visual,Yes,No,Marketing Manager
MBA,Business Administration,7.53,"SEO, Digital Marketing, Social Media Management","Leadership, Communication",Extrovert,12+ LPA,Google Digital Marketing,I prefer working in a team,Visual,Yes,No,Marketing Manager
M.Tech,Computer Science,8.93,"PyTorch, TensorFlow, Computer Vision, Python, NLP","Critical Thinking, Research",Introvert,12+ LPA,Deep Learning Specialization,I prefer working alone,Read/Write,Yes,Yes,AI Specialist
B.Des,Graphic Design,7.08,"Adobe Photoshop, Adobe Illustrator, Figma","Creativity, Attention to Detail",Ambivert,Less than 4 LPA,No Certification,I like a mix of both,Kinesthetic,No,No,Graphic Designer
B.A.,Fine Arts,8.7,"Adobe Photoshop, Adobe Illustrator, Figma","Creativity, Attention to Detail",Introvert,Less than 4 LPA,Adobe Certified Expert (ACE),I like a mix of both,Kinesthetic,No,No,Graphic Designer
B.Tech,Human-Computer Interaction,9.29,"Adobe XD, User Research","Problem-Solving, Empathy",Ambivert,8-12 LPA,No Certification,I like a mix of both,Visual,Yes,No,UI/UX Designer
B.Tech,Mechanical Engineering,7.79,"SolidWorks, AutoCAD, MATLAB","Teamwork, Problem-Solving",Ambivert,8-12 LPA,Certified SOLIDWORKS Professional,I prefer working in a team,Kinesthetic,Yes,Yes,Mechanical Engineer
M.Tech,Computer Science,9.13,"TensorFlow, NLP, Computer Vision, PyTorch","Research, Critical Thinking",Introvert,12+ LPA,Deep Learning Specialization,I prefer working alone,Read/Write,Yes,Yes,AI Specialist
BBA,Marketing,8.1,"SEO, Social Media Management, Google Analytics, Digital Marketing","Leadership, Communication",Extrovert,8-12 LPA,HubSpot Content Marketing,I prefer working in a team,Auditory,Yes,No,Marketing Manager
M.Tech,AI & ML,9.57,"NLP, TensorFlow, PyTorch, Python","Research, Critical Thinking",Introvert,12+ LPA,TensorFlow Developer,I prefer working alone,Read/Write,Yes,Yes,AI Specialist
B.Des,Graphic Design,6.73,"Adobe Illustrator, Figma, Adobe Photoshop","Creativity, Attention to Detail",Introvert,Less than 4 LPA,Adobe Certified Expert (ACE),I prefer working alone,Visual,No,Yes,Graphic Designer
B.A.,Fine Arts,6.51,"Adobe Photoshop, Figma","Attention to Detail, Creativity",Ambivert,4-8 LPA,Adobe Certified Expert (ACE),I like a mix of both,Kinesthetic,No,Yes,Graphic Designer
B.Tech,Mechanical Engineering,7.27,"SolidWorks, MATLAB","Teamwork, Problem-Solving",Ambivert,4-8 LPA,No Certification,I prefer working in a team,Kinesthetic,Yes,Yes,Mechanical Engineer
B.Tech,Computer Science,8.62,"Python, Java","Teamwork, Problem-Solving",Introvert,12+ LPA,No Certification,I like a mix of both,Visual,Yes,No,Software Developer
B.Tech,Computer Science,8.12,"Python, JavaScript, SQL","Problem-Solving, Teamwork",Introvert,8-12 LPA,No Certification,I prefer working alone,Kinesthetic,Yes,No,Data Scientist
BBA,Business Administration,8.92,"SEO, Digital Marketing","Communication, Creativity",Extrovert,12+ LPA,HubSpot Content Marketing,I prefer working in a team,Visual,Maybe,No,Marketing Manager
Diploma,Mechanical Engineering,7.63,"SolidWorks, MATLAB, AutoCAD","Problem-Solving, Teamwork",Ambivert,8-12 LPA,No Certification,I prefer working in a team,Kinesthetic,Maybe,Yes,Mechanical Engineer
MBA,Commerce,7.71,"Tableau, SQL, Financial Modeling","Analytical Skills, Attention to Detail",Extrovert,8-12 LPA,CFA,I prefer working alone,Visual,Maybe,Yes,Financial Analyst
M.Tech,AI & ML,9.23,"Computer Vision, PyTorch, NLP, Python","Critical Thinking, Research",Introvert,12+ LPA,Deep Learning Specialization,I prefer working alone,Read/Write,Yes,Yes,Data Scientist
MBA,Commerce,8.25,"MS Excel, Financial Modeling, Tableau, SQL","Attention to Detail, Analytical Skills",Ambivert,8-12 LPA,No Certification,I prefer working alone,Read/Write,Maybe,Yes,Financial Analyst
B.Tech,Mechanical Engineering,8.24,"MATLAB, AutoCAD","Problem-Solving, Teamwork",Ambivert,8-12 LPA,Certified SOLIDWORKS Professional,I prefer working in a team,Kinesthetic,Yes,Yes,Mechanical Engineer
B.Tech,Mechanical Engineering,7.51,"MATLAB, SolidWorks, AutoCAD","Problem-Solving, Teamwork",Ambivert,8-12 LPA,No Certification,I prefer working in a team,Kinesthetic,Yes,Yes,Mechanical Engineer
MBA,Business Administration,7.92,"Digital Marketing, Social Media Management, SEO","Leadership, Creativity",Extrovert,12+ LPA,HubSpot Content Marketing,I prefer working in a team,Auditory,Maybe,No,Marketing Manager
Diploma,Mechanical Engineering,7.57,"MATLAB, SolidWorks","Problem-Solving, Teamwork",Ambivert,8-12 LPA,No Certification,I prefer working in a team,Kinesthetic,Maybe,Yes,Civil Engineer
B.Tech,Computer Science,9.3,"SQL, Python, JavaScript, Git","Problem-Solving, Teamwork",Introvert,8-12 LPA,No Certification,I prefer working alone,Kinesthetic,Yes,No,Software Developer
B.Tech,Computer Science,8.25,"Git, SQL","Problem-Solving, Teamwork",Introvert,12+ LPA,Coursera - Python for Everybody,I like a mix of both,Kinesthetic,Maybe,No,Data Scientist
B.Tech,Computer Science,9.05,"SQL, Python, Java, JavaScript","Problem-Solving, Teamwork",Introvert,12+ LPA,No Certification,I prefer working alone,Kinesthetic,Yes,No,Software Developer
Diploma,Mechanical Engineering,7.1,"MATLAB, SolidWorks, AutoCAD","Problem-Solving, Teamwork",Ambivert,8-12 LPA,No Certification,I prefer working in a team,Kinesthetic,Yes,Yes,Civil Engineer
B.Tech,Computer Science,8.76,"SQL, Python","Problem-Solving, Teamwork",Ambivert,12+ LPA,Coursera - Python for Everybody,I prefer working alone,Kinesthetic,Yes,No,Software Developer
B.Tech,Computer Science,9.0,"SQL, TensorFlow, Scikit-learn, Python, R","Critical Thinking, Problem-Solving",Introvert,8-12 LPA,Google Data Analytics,I prefer working alone,Visual,Yes,No,AI Specialist
B.A.,Graphic Design,7.16,"Adobe Photoshop, Figma","Creativity, Attention to Detail",Ambivert,4-8 LPA,Adobe Certified Expert (ACE),I prefer working alone,Kinesthetic,No,No,Graphic Designer
M.Tech,AI & ML,8.85,"Computer Vision, NLP, PyTorch","Research, Critical Thinking",Introvert,12+ LPA,TensorFlow Developer,I prefer working alone,Read/Write,Yes,Yes,AI Specialist
M.Tech,Data Science,8.86,"Scikit-learn, TensorFlow","Critical Thinking, Problem-Solving",Introvert,12+ LPA,Google Data Analytics,I prefer working alone,Read/Write,Yes,No,Data Scientist
B.Com,Commerce,8.3,"MS Excel, SQL","Analytical Skills, Attention to Detail",Extrovert,8-12 LPA,No Certification,I prefer working alone,Read/Write,No,No,Business Analyst
B.Tech,Computer Science,8.65,"Python, R, SQL, TensorFlow","Critical Thinking, Problem-Solving",Introvert,12+ LPA,Google Data Analytics,I prefer working alone,Read/Write,Yes,No,Data Scientist
M.Tech,AI & ML,8.87,"Python, Computer Vision, PyTorch, TensorFlow","Critical Thinking, Research",Introvert,12+ LPA,TensorFlow Developer,I prefer working alone,Read/Write,Yes,Yes,AI Specialist
B.Tech,Computer Science,8.66,"SQL, Git, Python, Java","Teamwork, Problem-Solving",Ambivert,12+ LPA,Coursera - Python for Everybody,I prefer working alone,Visual,Yes,No,Software Developer
MBA,Business Administration,7.4,"Social Media Management, Digital Marketing","Leadership, Communication",Extrovert,12+ LPA,HubSpot Content Marketing,I prefer working in a team,Auditory,Maybe,No,Marketing Manager
B.Tech,Computer Science,8.99,"SQL, TensorFlow, Python, R","Problem-Solving, Critical Thinking",Introvert,8-12 LPA,IBM Data Science,I prefer working alone,Read/Write,Yes,No,Data Scientist
B.Tech,Graphic Design,8.61,"Adobe XD, Sketch, Figma","Problem-Solving, Empathy",Ambivert,12+ LPA,No Certification,I like a mix of both,Visual,Yes,No,UI/UX Designer
MBA,Business Administration,8.42,"Google Analytics, Digital Marketing, SEO","Leadership, Creativity",Extrovert,8-12 LPA,Google Digital Marketing,I prefer working in a team,Auditory,Yes,No,Marketing Manager
B.Tech,Data Science,8.9,"Scikit-learn, TensorFlow, SQL","Problem-Solving, Critical Thinking",Introvert,8-12 LPA,IBM Data Science,I prefer working alone,Visual,Yes,Yes,Data Scientist
B.Des,Human-Computer Interaction,7.65,"Adobe XD, User Research, Figma, Sketch","Creativity, Empathy",Ambivert,12+ LPA,Nielsen Norman Group UX Certification,I like a mix of both,Kinesthetic,Yes,No,UI/UX Designer
Diploma,Mechanical Engineering,7.23,"MATLAB, SolidWorks","Problem-Solving, Teamwork",Ambivert,8-12 LPA,Certified SOLIDWORKS Professional,I prefer working in a team,Kinesthetic,Yes,Yes,Mechanical Engineer
B.Com,Finance,7.91,"Financial Modeling, SQL, Tableau","Analytical Skills, Attention to Detail",Ambivert,8-12 LPA,No Certification,I prefer working alone,Visual,No,Yes,Financial Analyst
B.Des,Graphic Design,8.08,"Adobe Photoshop, Adobe Illustrator","Creativity, Attention to Detail",Introvert,Less than 4 LPA,No Certification,I prefer working alone,Visual,No,Yes,Graphic Designer
B.Com,Finance,9.12,"MS Excel, Financial Modeling, SQL, Tableau","Attention to Detail, Analytical Skills",Ambivert,8-12 LPA,No Certification,I prefer working alone,Visual,No,Yes,Financial Analyst
M.Tech,Computer Science,9.52,"TensorFlow, NLP, Python, Computer Vision, PyTorch","Research, Critical Thinking",Introvert,12+ LPA,Deep Learning Specialization,I prefer working alone,Read/Write,Yes,Yes,AI Specialist
B.Tech,Human-Computer Interaction,8.15,"User Research, Adobe XD, Sketch, Figma","Problem-Solving, Creativity",Ambivert,12+ LPA,Nielsen Norman Group UX Certification,I like a mix of both,Kinesthetic,Yes,No,UI/UX Designer
B.Tech,Computer Science,8.41,"JavaScript, SQL, Python","Problem-Solving, Teamwork",Introvert,12+ LPA,No Certification,I prefer working alone,Kinesthetic,Maybe,No,Software Developer
B.Des,Graphic Design,7.95,"Sketch, Adobe XD, Figma","Problem-Solving, Creativity",Ambivert,12+ LPA,No Certification,I like a mix of both,Kinesthetic,Yes,No,UI/UX Designer
B.Tech,Computer Science,9.11,"Git, SQL","Problem-Solving, Teamwork",Ambivert,12+ LPA,Coursera - Python for Everybody,I like a mix of both,Visual,Yes,No,Software Developer
B.A.,Graphic Design,8.4,"Adobe Photoshop, Adobe Illustrator","Attention to Detail, Creativity",Ambivert,4-8 LPA,No Certification,I like a mix of both,Visual,No,Yes,Graphic Designer
B.Tech,Graphic Design,7.76,"Figma, Sketch","Problem-Solving, Empathy",Ambivert,8-12 LPA,No Certification,I like a mix of both,Kinesthetic,No,No,Graphic Designer
B.Tech,Human-Computer Interaction,7.53,"User Research, Adobe XD, Figma, Sketch","Problem-Solving, Empathy",Ambivert,8-12 LPA,Nielsen Norman Group UX Certification,I like a mix of both,Kinesthetic,Yes,No,UI/UX Designer
B.A.,Graphic Design,7.41,"Adobe Illustrator, Adobe Photoshop, Figma","Attention to Detail, Creativity",Ambivert,4-8 LPA,Adobe Certified Expert (ACE),I like a mix of both,Kinesthetic,No,Yes,UI/UX Designer
B.Tech,Human-Computer Interaction,7.97,"User Research, Adobe XD, Figma, Sketch","Problem-Solving, Empathy",Ambivert,12+ LPA,No Certification,I like a mix of both,Visual,No,No,UI/UX Designer
M.Tech,Computer Science,9.34,"TensorFlow, Scikit-learn, SQL","Problem-Solving, Critical Thinking",Introvert,8-12 LPA,IBM Data Science,I prefer working alone,Read/Write,Yes,No,Data Scientist
M.Tech,Computer Science,9.29,"PyTorch, Python, NLP, TensorFlow","Research, Critical Thinking",Introvert,12+ LPA,Deep Learning Specialization,I prefer working alone,Read/Write,Yes,Yes,Data Scientist
Diploma,Mechanical Engineering,7.69,"MATLAB, AutoCAD","Problem-Solving, Teamwork",Ambivert,8-12 LPA,No Certification,I prefer working in a team,Kinesthetic,Yes,Yes,Mechanical Engineer
B.Des,Graphic Design,8.51,"Figma, Adobe Photoshop","Attention to Detail, Creativity",Ambivert,Less than 4 LPA,No Certification,I like a mix of both,Visual,No,No,UI/UX Designer
M.Tech,Computer Science,9.28,"Python, Computer Vision, NLP","Critical Thinking, Research",Introvert,12+ LPA,Deep Learning Specialization,I prefer working alone,Read/Write,Yes,Yes,Data Scientist
B.Tech,Computer Science,9.54,"R, TensorFlow, SQL","Problem-Solving, Critical Thinking",Introvert,12+ LPA,IBM Data Science,I prefer working alone,Visual,Yes,No,Data Scientist
MBA,Business Administration,8.41,"Google Analytics, SEO, Digital Marketing","Leadership, Creativity",Extrovert,12+ LPA,Google Digital Marketing,I prefer working in a team,Visual,Yes,No,Marketing Manager
M.Tech,Data Science,9.57,"Scikit-learn, SQL, R, TensorFlow, Python","Problem-Solving, Critical Thinking",Ambivert,8-12 LPA,Google Data Analytics,I prefer working alone,Visual,Yes,No,AI Specialist
B.Tech,Computer Science,8.25,"SQL, JavaScript, Python, Git","Teamwork, Problem-Solving",Introvert,8-12 LPA,Coursera - Python for Everybody,I prefer working alone,Visual,Maybe,No,Software Developer
M.Tech,Data Science,9.06,"R, Python, TensorFlow, SQL","Critical Thinking, Problem-Solving",Ambivert,8-12 LPA,Google Data Analytics,I prefer working alone,Read/Write,Yes,Yes,AI Specialist
M.Tech,AI & ML,9.45,"NLP, TensorFlow","Research, Critical Thinking",Introvert,12+ LPA,Deep Learning Specialization,I prefer working alone,Read/Write,Yes,Yes,AI Specialist
B.Tech,Data Science,8.52,"TensorFlow, Scikit-learn, R, Python","Critical Thinking, Problem-Solving",Ambivert,12+ LPA,IBM Data Science,I prefer working alone,Read/Write,Yes,Yes,Data Scientist
B.Tech,Computer Science,8.6,"JavaScript, SQL","Teamwork, Problem-Solving",Ambivert,12+ LPA,No Certification,I prefer working alone,Kinesthetic,Yes,No,Data Scientist
BBA,Business Administration,8.44,"Digital Marketing, Social Media Management","Creativity, Communication",Extrovert,12+ LPA,HubSpot Content Marketing,I prefer working in a team,Auditory,Yes,No,Marketing Manager
B.Tech,Graphic Design,8.07,"User Research, Figma, Adobe XD, Sketch","Empathy, Problem-Solving",Ambivert,8-12 LPA,Nielsen Norman Group UX Certification,I like a mix of both,Kinesthetic,No,No,UI/UX Designer
B.Tech,Computer Science,8.94,"Git, SQL, Java, JavaScript, Python","Problem-Solving, Teamwork",Introvert,12+ LPA,No Certification,I prefer working alone,Kinesthetic,Yes,No,Software Developer
M.Tech,Computer Science,8.55,"Scikit-learn, R","Critical Thinking, Problem-Solving",Ambivert,8-12 LPA,IBM Data Science,I prefer working alone,Read/Write,Yes,Yes,AI Specialist
B.Com,Finance,8.59,"MS Excel, Financial Modeling","Attention to Detail, Analytical Skills",Ambivert,8-12 LPA,No Certification,I prefer working alone,Read/Write,No,No,Financial Analyst
MBA,Finance,8.05,"Tableau, Financial Modeling, SQL, MS Excel","Analytical Skills, Attention to Detail",Extrovert,8-12 LPA,CFA,I prefer working alone,Visual,No,No,Financial Analyst
B.Tech,Computer Science,8.69,"TensorFlow, Python, Scikit-learn, SQL","Problem-Solving, Critical Thinking",Ambivert,8-12 LPA,Google Data Analytics,I prefer working alone,Visual,Yes,No,Data Scientist
B.Tech,Human-Computer Interaction,7.7,"User Research, Figma, Adobe XD","Problem-Solving, Creativity",Ambivert,8-12 LPA,Nielsen Norman Group UX Certification,I like a mix of both,Visual,Yes,No,Graphic Designer
M.Tech,AI & ML,9.57,"Python, Computer Vision, PyTorch","Critical Thinking, Research",Introvert,12+ LPA,Deep Learning Specialization,I prefer working alone,Read/Write,Yes,Yes,AI Specialist
B.Tech,Computer Science,8.81,"SQL, Java, Python","Problem-Solving, Teamwork",Introvert,8-12 LPA,No Certification,I like a mix of both,Visual,Maybe,No,Software Developer
B.A.,Fine Arts,6.51,"Figma, Adobe Photoshop, Adobe Illustrator","Attention to Detail, Creativity",Introvert,4-8 LPA,Adobe Certified Expert (ACE),I like a mix of both,Visual,No,Yes,Graphic Designer
B.Tech,Data Science,8.87,"Scikit-learn, R","Critical Thinking, Problem-Solving",Introvert,8-12 LPA,Google Data Analytics,I prefer working alone,Visual,Yes,No,Data Scientist
MBA,Business Administration,7.85,"Google Analytics, Digital Marketing, Social Media Management, SEO","Leadership, Communication",Extrovert,12+ LPA,Google Digital Marketing,I prefer working in a team,Auditory,Yes,No,Marketing Manager
B.Des,Graphic Design,7.72,"Figma, Adobe XD","Empathy, Creativity",Ambivert,8-12 LPA,No Certification,I like a mix of both,Visual,No,No,UI/UX Designer
B.Tech,Data Science,8.55,"Python, SQL","Problem-Solving, Critical Thinking",Ambivert,8-12 LPA,Google Data Analytics,I prefer working alone,Read/Write,Yes,No,Data Scientist
BBA,Business Administration,8.63,"Social Media Management, Digital Marketing","Leadership, Creativity",Extrovert,8-12 LPA,Google Digital Marketing,I prefer working in a team,Visual,Maybe,No,Marketing Manager
B.Des,Fine Arts,6.85,"Adobe Photoshop, Figma","Creativity, Attention to Detail",Introvert,Less than 4 LPA,Adobe Certified Expert (ACE),I like a mix of both,Visual,No,No,Graphic Designer
Diploma,Mechanical Engineering,8.92,"SolidWorks, AutoCAD","Problem-Solving, Teamwork",Ambivert,8-12 LPA,Certified SOLIDWORKS Professional,I prefer working in a team,Kinesthetic,Yes,Yes,Mechanical Engineer
B.Des,Fine Arts,7.01,"Adobe Illustrator, Adobe Photoshop, Figma","Creativity, Attention to Detail",Introvert,Less than 4 LPA,Adobe Certified Expert (ACE),I like a mix of both,Kinesthetic,No,Yes,Graphic Designer
B.Des,Human-Computer Interaction,8.7,"Sketch, Figma, User Research, Adobe XD","Empathy, Problem-Solving",Ambivert,8-12 LPA,Nielsen Norman Group UX Certification,I like a mix of both,Kinesthetic,Yes,No,Graphic Designer
B.Des,Human-Computer Interaction,8.72,"Sketch, Adobe XD, Figma, User Research","Problem-Solving, Creativity",Ambivert,12+ LPA,No Certification,I like a mix of both,Visual,No,No,UI/UX Designer
M.Tech,Computer Science,9.61,"Python, TensorFlow, Scikit-learn, SQL, R","Critical Thinking, Problem-Solving",Introvert,8-12 LPA,Google Data Analytics,I prefer working alone,Read/Write,Yes,No,Data Scientist
B.Des,Graphic Design,8.86,"Adobe Photoshop, Figma","Attention to Detail, Creativity",Ambivert,Less than 4 LPA,No Certification,I like a mix of both,Visual,No,No,Graphic Designer
MBA,Business Administration,7.63,"Digital Marketing, SEO, Google Analytics, Social Media Management","Communication, Leadership",Extrovert,8-12 LPA,HubSpot Content Marketing,I prefer working in a team,Visual,Yes,No,Marketing Manager
MBA,Finance,7.79,"Tableau, MS Excel","Attention to Detail, Analytical Skills",Extrovert,8-12 LPA,CFA,I prefer working alone,Visual,Maybe,No,Financial Analyst
B.A.,Graphic Design,8.52,"Adobe Photoshop, Figma, Adobe Illustrator","Attention to Detail, Creativity",Introvert,4-8 LPA,Adobe Certified Expert (ACE),I prefer working alone,Kinesthetic,No,Yes,UI/UX Designer
MBA,Marketing,8.46,"SEO, Social Media Management","Communication, Creativity",Extrovert,8-12 LPA,HubSpot Content Marketing,I prefer working in a team,Visual,Yes,No,Marketing Manager
B.Tech,Computer Science,8.81,"SQL, Java, Python","Problem-Solving, Teamwork",Introvert,12+ LPA,Coursera - Python for Everybody,I like a mix of both,Visual,Maybe,No,Software Developer
Diploma,Mechanical Engineering,8.12,"AutoCAD, SolidWorks","Teamwork, Problem-Solving",Ambivert,8-12 LPA,No Certification,I prefer working in a team,Kinesthetic,Yes,Yes,Mechanical Engineer
MBA,Finance,8.08,"MS Excel, SQL, Financial Modeling","Analytical Skills, Attention to Detail",Ambivert,4-8 LPA,No Certification,I prefer working alone,Read/Write,Maybe,Yes,Financial Analyst
B.Tech,Human-Computer Interaction,8.67,"User Research, Adobe XD","Problem-Solving, Creativity",Ambivert,12+ LPA,Nielsen Norman Group UX Certification,I like a mix of both,Kinesthetic,Yes,No,Graphic Designer
B.Tech,Computer Science,9.43,"Python, Scikit-learn","Problem-Solving, Critical Thinking",Introvert,12+ LPA,Google Data Analytics,I prefer working alone,Read/Write,Yes,Yes,Data Scientist
BBA,Marketing,7.92,"Social Media Management, SEO","Leadership, Communication",Extrovert,12+ LPA,Google Digital Marketing,I prefer working in a team,Auditory,Yes,No,Marketing Manager
M.Tech,Data Science,8.73,"R, SQL, Scikit-learn, Python","Critical Thinking, Problem-Solving",Ambivert,8-12 LPA,IBM Data Science,I prefer working alone,Visual,Yes,No,Data Scientist
M.Tech,Computer Science,9.47,"Python, R, SQL","Critical Thinking, Problem-Solving",Introvert,8-12 LPA,Google Data Analytics,I prefer working alone,Visual,Yes,No,Data Scientist
BBA,Business Administration,8.38,"Google Analytics, SEO, Social Media Management, Digital Marketing","Leadership, Communication",Extrovert,12+ LPA,HubSpot Content Marketing,I prefer working in a team,Auditory,Yes,No,Marketing Manager
MBA,Business Administration,7.84,"Google Analytics, Digital Marketing","Communication, Leadership",Extrovert,12+ LPA,Google Digital Marketing,I prefer working in a team,Visual,Yes,No,Social Media Manager
MBA,Finance,7.6,"Financial Modeling, SQL, Tableau","Attention to Detail, Analytical Skills",Extrovert,8-12 LPA,CFA,I prefer working alone,Read/Write,No,Yes,Financial Analyst
B.Des,Fine Arts,8.77,"Adobe Photoshop, Figma, Adobe Illustrator","Attention to Detail, Creativity",Ambivert,4-8 LPA,No Certification,I like a mix of both,Visual,No,Yes,Graphic Designer
M.Tech,AI & ML,9.25,"NLP, PyTorch, Computer Vision","Research, Critical Thinking",Introvert,12+ LPA,TensorFlow Developer,I prefer working alone,Read/Write,Yes,Yes,AI Specialist
B.Com,Finance,8.22,"Financial Modeling, Tableau","Analytical Skills, Attention to Detail",Ambivert,4-8 LPA,CFA,I prefer working alone,Read/Write,No,No,Financial Analyst
B.Tech,Mechanical Engineering,8.88,"SolidWorks, MATLAB, AutoCAD","Problem-Solving, Teamwork",Ambivert,8-12 LPA,No Certification,I prefer working in a team,Kinesthetic,Yes,Yes,Mechanical Engineer
BBA,Marketing,7.09,"SEO, Digital Marketing, Social Media Management","Creativity, Leadership",Extrovert,8-12 LPA,Google Digital Marketing,I prefer working in a team,Visual,Yes,No,Marketing Manager
BBA,Business Administration,8.7,"Digital Marketing, Social Media Management, SEO, Google Analytics","Leadership, Creativity",Extrovert,12+ LPA,HubSpot Content Marketing,I prefer working in a team,Auditory,Yes,No,Marketing Manager
Diploma,Mechanical Engineering,7.76,"MATLAB, SolidWorks","Teamwork, Problem-Solving",Ambivert,8-12 LPA,Certified SOLIDWORKS Professional,I prefer working in a team,Kinesthetic,Yes,Yes,Mechanical Engineer
M.Tech,Computer Science,9.72,"Computer Vision, TensorFlow, Python, NLP, PyTorch","Research, Critical Thinking",Introvert,12+ LPA,TensorFlow Developer,I prefer working alone,Read/Write,Yes,Yes,AI Specialist
MBA,Marketing,8.33,"Digital Marketing, Google Analytics, Social Media Management, SEO","Creativity, Leadership",Extrovert,12+ LPA,HubSpot Content Marketing,I prefer working in a team,Visual,Yes,No,Marketing Manager
B.Tech,Computer Science,9.67,"Python, R","Problem-Solving, Critical Thinking",Ambivert,8-12 LPA,Google Data Analytics,I prefer working alone,Read/Write,Yes,No,Data Scientist
B.Tech,Human-Computer Interaction,9.3,"User Research, Sketch, Figma, Adobe XD","Problem-Solving, Creativity",Ambivert,8-12 LPA,Nielsen Norman Group UX Certification,I like a mix of both,Visual,Yes,No,UI/UX Designer
M.Tech,Data Science,9.73,"R, TensorFlow","Problem-Solving, Critical Thinking",Ambivert,12+ LPA,IBM Data Science,I prefer working alone,Visual,Yes,Yes,Data Scientist
B.Des,Fine Arts,8.14,"Adobe Illustrator, Adobe Photoshop, Figma","Creativity, Attention to Detail",Ambivert,Less than 4 LPA,No Certification,I prefer working alone,Kinesthetic,No,No,Graphic Designer
B.Tech,Computer Science,9.27,"Java, Python, Git, SQL, JavaScript","Teamwork, Problem-Solving",Introvert,12+ LPA,No Certification,I like a mix of both,Kinesthetic,Maybe,No,Software Developer
Diploma,Mechanical Engineering,7.29,"AutoCAD, SolidWorks","Problem-Solving, Teamwork",Ambivert,4-8 LPA,Certified SOLIDWORKS Professional,I prefer working in a team,Kinesthetic,Yes,Yes,Mechanical Engineer
MBA,Commerce,7.52,"Tableau, MS Excel, SQL","Analytical Skills, Attention to Detail",Ambivert,4-8 LPA,No Certification,I prefer working alone,Visual,Maybe,Yes,Financial Analyst
B.Des,Graphic Design,6.51,"Adobe Illustrator, Adobe Photoshop","Attention to Detail, Creativity",Ambivert,4-8 LPA,Adobe Certified Expert (ACE),I prefer working alone,Kinesthetic,No,No,Graphic Designer
M.Tech,Computer Science,9.36,"PyTorch, Computer Vision, NLP, Python","Critical Thinking, Research",Introvert,12+ LPA,TensorFlow Developer,I prefer working alone,Read/Write,Yes,Yes,AI Specialist
B.Des,Human-Computer Interaction,9.19,"Sketch, Figma, User Research","Empathy, Problem-Solving",Ambivert,8-12 LPA,No Certification,I like a mix of both,Kinesthetic,Yes,No,Graphic Designer
B.Des,Graphic Design,7.41,"Figma, Adobe Photoshop","Creativity, Attention to Detail",Introvert,Less than 4 LPA,Adobe Certified Expert (ACE),I like a mix of both,Visual,No,No,UI/UX Designer
B.Tech,Human-Computer Interaction,7.9,"Sketch, Adobe XD, User Research, Figma","Problem-Solving, Empathy",Ambivert,8-12 LPA,Nielsen Norman Group UX Certification,I like a mix of both,Kinesthetic,No,No,UI/UX Designer
B.Des,Fine Arts,8.65,"Adobe Photoshop, Adobe Illustrator, Figma","Creativity, Attention to Detail",Ambivert,4-8 LPA,Adobe Certified Expert (ACE),I like a mix of both,Visual,No,No,UI/UX Designer
M.Tech,Computer Science,9.39,"Python, R","Problem-Solving, Critical Thinking",Introvert,12+ LPA,Google Data Analytics,I prefer working alone,Visual,Yes,No,Data Scientist
MBA,Business Administration,8.49,"Social Media Management, Digital Marketing, SEO, Google Analytics","Creativity, Communication",Extrovert,8-12 LPA,HubSpot Content Marketing,I prefer working in a team,Visual,Yes,No,Social Media Manager
B.Tech,Mechanical Engineering,8.7,"MATLAB, AutoCAD, SolidWorks","Problem-Solving, Teamwork",Ambivert,4-8 LPA,No Certification,I prefer working in a team,Kinesthetic,Maybe,Yes,Mechanical Engineer
B.Tech,Computer Science,9.74,"Git, JavaScript, Python","Problem-Solving, Teamwork",Ambivert,12+ LPA,No Certification,I prefer working alone,Visual,Yes,No,Software Developer
B.Tech,Computer Science,8.27,"JavaScript, Python","Teamwork, Problem-Solving",Introvert,12+ LPA,Coursera - Python for Everybody,I like a mix of both,Visual,Maybe,No,Software Developer
B.Tech,Computer Science,9.13,"JavaScript, Python, Java, SQL, Git","Problem-Solving, Teamwork",Introvert,8-12 LPA,No Certification,I like a mix of both,Visual,Yes,No,Software Developer
M.Tech,Computer Science,8.63,"TensorFlow, SQL, R, Scikit-learn, Python","Critical Thinking, Problem-Solving",Ambivert,12+ LPA,Google Data Analytics,I prefer working alone,Visual,Yes,Yes,Data Scientist
B.Tech,Human-Computer Interaction,9.17,"Adobe XD, User Research, Sketch, Figma","Empathy, Creativity",Ambivert,12+ LPA,Nielsen Norman Group UX Certification,I like a mix of both,Kinesthetic,No,No,UI/UX Designer
M.Tech,Computer Science,9.69,"NLP, Computer Vision","Critical Thinking, Research",Introvert,12+ LPA,Deep Learning Specialization,I prefer working alone,Read/Write,Yes,Yes,AI Specialist
B.Tech,Computer Science,8.3,"JavaScript, Java","Problem-Solving, Teamwork",Ambivert,12+ LPA,Coursera - Python for Everybody,I prefer working alone,Visual,Maybe,No,Software Developer
BBA,Business Administration,8.4,"SEO, Social Media Management","Communication, Creativity",Extrovert,12+ LPA,HubSpot Content Marketing,I prefer working in a team,Visual,Maybe,No,Marketing Manager
Diploma,Mechanical Engineering,8.39,"AutoCAD, SolidWorks","Problem-Solving, Teamwork",Ambivert,8-12 LPA,Certified SOLIDWORKS Professional,I prefer working in a team,Kinesthetic,Maybe,Yes,Mechanical Engineer
M.Tech,AI & ML,8.84,"Computer Vision, NLP","Critical Thinking, Research",Introvert,12+ LPA,TensorFlow Developer,I prefer working alone,Read/Write,Yes,Yes,AI Specialist
B.Tech,Mechanical Engineering,7.63,"SolidWorks, AutoCAD, MATLAB","Problem-Solving, Teamwork",Ambivert,4-8 LPA,Certified SOLIDWORKS Professional,I prefer working in a team,Kinesthetic,Maybe,Yes,Mechanical Engineer
B.Tech,Mechanical Engineering,8.12,"AutoCAD, SolidWorks, MATLAB","Teamwork, Problem-Solving",Ambivert,8-12 LPA,Certified SOLIDWORKS Professional,I prefer working in a team,Kinesthetic,Maybe,Yes,Mechanical Engineer
B.A.,Graphic Design,8.37,"Adobe Illustrator, Figma, Adobe Photoshop","Creativity, Attention to Detail",Introvert,Less than 4 LPA,No Certification,I like a mix of both,Visual,No,Yes,UI/UX Designer
B.Tech,Computer Science,9.72,"SQL, JavaScript, Git, Python, Java","Problem-Solving, Teamwork",Introvert,8-12 LPA,No Certification,I prefer working alone,Visual,Yes,No,Software Developer
BBA,Business Administration,7.9,"Google Analytics, Social Media Management","Communication, Creativity",Extrovert,12+ LPA,HubSpot Content Marketing,I prefer working in a team,Visual,Maybe,No,Marketing Manager
MBA,Business Administration,8.34,"Digital Marketing, Google Analytics, SEO","Leadership, Communication",Extrovert,8-12 LPA,HubSpot Content Marketing,I prefer working in a team,Auditory,Yes,No,Marketing Manager
B.Tech,Graphic Design,7.84,"User Research, Figma","Problem-Solving, Creativity",Ambivert,8-12 LPA,Nielsen Norman Group UX Certification,I like a mix of both,Kinesthetic,No,No,UI/UX Designer
Diploma,Mechanical Engineering,8.02,"SolidWorks, MATLAB","Teamwork, Problem-Solving",Ambivert,8-12 LPA,Certified SOLIDWORKS Professional,I prefer working in a team,Kinesthetic,Maybe,Yes,Mechanical Engineer
M.Tech,AI & ML,9.27,"TensorFlow, Python, Computer Vision, NLP, PyTorch","Critical Thinking, Research",Introvert,12+ LPA,TensorFlow Developer,I prefer working alone,Read/Write,Yes,Yes,AI Specialist
B.Tech,Computer Science,8.83,"SQL, Git, JavaScript","Problem-Solving, Teamwork",Introvert,8-12 LPA,Coursera - Python for Everybody,I prefer working alone,Kinesthetic,Yes,No,Software Developer
B.Des,Fine Arts,7.07,"Figma, Adobe Illustrator","Attention to Detail, Creativity",Ambivert,4-8 LPA,No Certification,I like a mix of both,Kinesthetic,No,No,Graphic Designer
B.Tech,Computer Science,8.31,"JavaScript, Java, SQL, Python","Teamwork, Problem-Solving",Introvert,8-12 LPA,No Certification,I like a mix of both,Visual,Yes,No,Software Developer
B.Tech,Data Science,9.68,"SQL, Scikit-learn, TensorFlow","Critical Thinking, Problem-Solving",Ambivert,12+ LPA,IBM Data Science,I prefer working alone,Read/Write,Yes,No,AI Specialist
B.Tech,Mechanical Engineering,8.38,"AutoCAD, MATLAB","Teamwork, Problem-Solving",Ambivert,4-8 LPA,No Certification,I prefer working in a team,Kinesthetic,Maybe,Yes,Mechanical Engineer
B.Tech,Computer Science,9.52,"SQL, Python, TensorFlow","Problem-Solving, Critical Thinking",Introvert,8-12 LPA,IBM Data Science,I prefer working alone,Read/Write,Yes,No,Data Scientist
B.A.,Graphic Design,6.69,"Adobe Photoshop, Figma","Attention to Detail, Creativity",Ambivert,4-8 LPA,Adobe Certified Expert (ACE),I prefer working alone,Kinesthetic,No,No,Graphic Designer
M.Tech,AI & ML,9.17,"TensorFlow, PyTorch, Python, NLP, Computer Vision","Critical Thinking, Research",Introvert,12+ LPA,Deep Learning Specialization,I prefer working alone,Read/Write,Yes,Yes,AI Specialist
B.Tech,Computer Science,9.49,"Python, JavaScript","Problem-Solving, Teamwork",Introvert,12+ LPA,Coursera - Python for Everybody,I prefer working alone,Visual,Maybe,No,Software Developer
B.Tech,Computer Science,8.6,"Scikit-learn, TensorFlow","Critical Thinking, Problem-Solving",Introvert,8-12 LPA,Google Data Analytics,I prefer working alone,Visual,Yes,Yes,Data Scientist
MBA,Commerce,7.88,"SQL, Financial Modeling","Attention to Detail, Analytical Skills",Ambivert,8-12 LPA,CFA,I prefer working alone,Visual,Maybe,Yes,Financial Analyst
BBA,Business Administration,8.53,"Google Analytics, SEO, Social Media Management, Digital Marketing","Creativity, Leadership",Extrovert,12+ LPA,Google Digital Marketing,I prefer working in a team,Visual,Maybe,No,Marketing Manager
MBA,Finance,7.78,"SQL, Financial Modeling, Tableau","Attention to Detail, Analytical Skills",Ambivert,8-12 LPA,No Certification,I prefer working alone,Read/Write,Maybe,No,Financial Analyst
B.Tech,Computer Science,8.78,"SQL, JavaScript, Python, Git, Java","Problem-Solving, Teamwork",Introvert,12+ LPA,Coursera - Python for Everybody,I like a mix of both,Kinesthetic,Maybe,No,Data Scientist
B.Tech,Data Science,8.87,"TensorFlow, R, Scikit-learn, SQL, Python","Problem-Solving, Critical Thinking",Ambivert,12+ LPA,Google Data Analytics,I prefer working alone,Read/Write,Yes,No,AI Specialist
B.Tech,Mechanical Engineering,8.22,"SolidWorks, AutoCAD, MATLAB","Problem-Solving, Teamwork",Ambivert,4-8 LPA,No Certification,I prefer working in a team,Kinesthetic,Maybe,Yes,Mechanical Engineer
B.Tech,Mechanical Engineering,7.8,"SolidWorks, AutoCAD","Problem-Solving, Teamwork",Ambivert,8-12 LPA,No Certification,I prefer working in a team,Kinesthetic,Yes,Yes,Civil Engineer
M.Tech,AI & ML,9.7,"Computer Vision, TensorFlow","Research, Critical Thinking",Introvert,12+ LPA,TensorFlow Developer,I prefer working alone,Read/Write,Yes,Yes,AI Specialist
B.A.,Graphic Design,8.07,"Adobe Illustrator, Adobe Photoshop, Figma","Creativity, Attention to Detail",Ambivert,Less than 4 LPA,No Certification,I like a mix of both,Kinesthetic,No,Yes,Graphic Designer
MBA,Finance,9.03,"MS Excel, Tableau, Financial Modeling","Analytical Skills, Attention to Detail",Ambivert,4-8 LPA,CFA,I prefer working alone,Visual,Maybe,Yes,Financial Analyst
B.Tech,Computer Science,8.16,"Git, SQL, JavaScript, Java","Teamwork, Problem-Solving",Ambivert,12+ LPA,No Certification,I prefer working alone,Visual,Yes,No,Software Developer
B.Des,Graphic Design,7.75,"Figma, Adobe Illustrator","Creativity, Attention to Detail",Ambivert,4-8 LPA,No Certification,I like a mix of both,Visual,No,No,Graphic Designer
MBA,Commerce,7.5,"Tableau, Financial Modeling","Analytical Skills, Attention to Detail",Ambivert,4-8 LPA,No Certification,I prefer working alone,Visual,Maybe,No,Financial Analyst
B.Com,Finance,7.73,"Financial Modeling, SQL","Analytical Skills, Attention to Detail",Ambivert,4-8 LPA,No Certification,I prefer working alone,Read/Write,No,Yes,Business Analyst
B.Des,Fine Arts,6.52,"Adobe Illustrator, Adobe Photoshop, Figma","Attention to Detail, Creativity",Introvert,4-8 LPA,No Certification,I like a mix of both,Kinesthetic,No,No,UI/UX Designer
B.Tech,Mechanical Engineering,7.19,"MATLAB, SolidWorks","Teamwork, Problem-Solving",Ambivert,8-12 LPA,Certified SOLIDWORKS Professional,I prefer working in a team,Kinesthetic,Yes,Yes,Mechanical Engineer
MBA,Commerce,8.82,"MS Excel, Financial Modeling, Tableau","Analytical Skills, Attention to Detail",Extrovert,4-8 LPA,No Certification,I prefer working alone,Visual,Maybe,Yes,Financial Analyst
B.Tech,Computer Science,9.57,"JavaScript, Git, Python","Teamwork, Problem-Solving",Introvert,8-12 LPA,Coursera - Python for Everybody,I prefer working alone,Visual,Yes,No,Software Developer
MBA,Marketing,8.53,"Digital Marketing, SEO","Creativity, Leadership",Extrovert,8-12 LPA,Google Digital Marketing,I prefer working in a team,Auditory,Yes,No,Social Media Manager
M.Tech,Data Science,8.95,"SQL, R, Python, Scikit-learn, TensorFlow","Critical Thinking, Problem-Solving",Introvert,12+ LPA,Google Data Analytics,I prefer working alone,Read/Write,Yes,Yes,Data Scientist
B.Des,Graphic Design,7.35,"Figma, Adobe Illustrator","Attention to Detail, Creativity",Introvert,Less than 4 LPA,Adobe Certified Expert (ACE),I prefer working alone,Visual,No,Yes,Graphic Designer
Diploma,Mechanical Engineering,7.27,"SolidWorks, MATLAB, AutoCAD","Teamwork, Problem-Solving",Ambivert,8-12 LPA,No Certification,I prefer working in a team,Kinesthetic,Yes,Yes,Civil Engineer
B.Des,Fine Arts,7.17,"Figma, Adobe Illustrator","Creativity, Attention to Detail",Ambivert,4-8 LPA,Adobe Certified Expert (ACE),I like a mix of both,Visual,No,No,Graphic Designer
M.Tech,AI & ML,9.18,"Python, NLP, PyTorch","Research, Critical Thinking",Introvert,12+ LPA,TensorFlow Developer,I prefer working alone,Read/Write,Yes,Yes,AI Specialist
B.Tech,Computer Science,9.24,"SQL, Java","Teamwork, Problem-Solving",Ambivert,8-12 LPA,No Certification,I like a mix of both,Kinesthetic,Yes,No,Software Developer
M.Tech,Computer Science,8.82,"NLP, Python","Critical Thinking, Research",Introvert,12+ LPA,Deep Learning Specialization,I prefer working alone,Read/Write,Yes,Yes,AI Specialist
Diploma,Mechanical Engineering,7.84,"MATLAB, SolidWorks","Teamwork, Problem-Solving",Ambivert,8-12 LPA,Certified SOLIDWORKS Professional,I prefer working in a team,Kinesthetic,Yes,Yes,Mechanical Engineer
BBA,Marketing,8.09,"Social Media Management, Google Analytics","Communication, Creativity",Extrovert,8-12 LPA,Google Digital Marketing,I prefer working in a team,Visual,Yes,No,Marketing Manager
MBA,Business Administration,7.28,"SEO, Social Media Management, Digital Marketing","Leadership, Communication",Extrovert,8-12 LPA,HubSpot Content Marketing,I prefer working in a team,Auditory,Yes,No,Marketing Manager
M.Tech,Data Science,9.12,"TensorFlow, R, Python","Critical Thinking, Problem-Solving",Introvert,8-12 LPA,IBM Data Science,I prefer working alone,Visual,Yes,Yes,Data Scientist
B.A.,Graphic Design,7.91,"Adobe Illustrator, Figma","Creativity, Attention to Detail",Ambivert,Less than 4 LPA,Adobe Certified Expert (ACE),I like a mix of both,Kinesthetic,No,No,Graphic Designer
B.Des,Graphic Design,8.16,"Sketch, Adobe XD","Empathy, Problem-Solving",Ambivert,12+ LPA,No Certification,I like a mix of both,Visual,No,No,UI/UX Designer
M.Tech,Computer Science,9.82,"PyTorch, TensorFlow, NLP","Research, Critical Thinking",Introvert,12+ LPA,Deep Learning Specialization,I prefer working alone,Read/Write,Yes,Yes,AI Specialist
Diploma,Mechanical Engineering,8.98,"MATLAB, SolidWorks, AutoCAD","Problem-Solving, Teamwork",Ambivert,8-12 LPA,No Certification,I prefer working in a team,Kinesthetic,Yes,Yes,Mechanical Engineer
MBA,Marketing,7.14,"SEO, Digital Marketing, Google Analytics, Social Media Management","Leadership, Creativity",Extrovert,12+ LPA,HubSpot Content Marketing,I prefer working in a team,Auditory,Maybe,No,Marketing Manager
B.Tech,Computer Science,8.89,"Git, JavaScript, SQL, Python, Java","Problem-Solving, Teamwork",Ambivert,12+ LPA,No Certification,I prefer working alone,Kinesthetic,Yes,No,Software Developer
M.Tech,AI & ML,9.48,"PyTorch, Computer Vision, NLP","Research, Critical Thinking",Introvert,12+ LPA,Deep Learning Specialization,I prefer working alone,Read/Write,Yes,Yes,AI Specialist
BBA,Marketing,8.61,"SEO, Digital Marketing","Leadership, Creativity",Extrovert,12+ LPA,HubSpot Content Marketing,I prefer working in a team,Visual,Maybe,No,Marketing Manager
B.Des,Fine Arts,7.79,"Figma, Adobe Photoshop","Creativity, Attention to Detail",Introvert,4-8 LPA,Adobe Certified Expert (ACE),I prefer working alone,Kinesthetic,No,No,UI/UX Designer
Diploma,Mechanical Engineering,7.48,"AutoCAD, SolidWorks","Problem-Solving, Teamwork",Ambivert,4-8 LPA,No Certification,I prefer working in a team,Kinesthetic,Yes,Yes,Mechanical Engineer
B.Des,Graphic Design,6.63,"Figma, Adobe Illustrator","Creativity, Attention to Detail",Introvert,4-8 LPA,No Certification,I like a mix of both,Kinesthetic,No,Yes,UI/UX Designer
Diploma,Mechanical Engineering,7.01,"AutoCAD, SolidWorks, MATLAB","Teamwork, Problem-Solving",Ambivert,8-12 LPA,No Certification,I prefer working in a team,Kinesthetic,Maybe,Yes,Mechanical Engineer
B.Des,Human-Computer Interaction,9.29,"Adobe XD, Figma, Sketch","Creativity, Problem-Solving",Ambivert,12+ LPA,No Certification,I like a mix of both,Visual,Yes,No,Graphic Designer
M.Tech,AI & ML,9.19,"Python, NLP, TensorFlow","Research, Critical Thinking",Introvert,12+ LPA,TensorFlow Developer,I prefer working alone,Read/Write,Yes,Yes,AI Specialist
B.Tech,Data Science,9.0,"TensorFlow, Python","Problem-Solving, Critical Thinking",Ambivert,8-12 LPA,Google Data Analytics,I prefer working alone,Read/Write,Yes,No,Data Scientist
BBA,Marketing,7.94,"SEO, Digital Marketing, Social Media Management, Google Analytics","Communication, Leadership",Extrovert,12+ LPA,Google Digital Marketing,I prefer working in a team,Auditory,Maybe,No,Social Media Manager
B.Des,Graphic Design,6.73,"Adobe Photoshop, Adobe Illustrator, Figma","Creativity, Attention to Detail",Ambivert,Less than 4 LPA,No Certification,I like a mix of both,Kinesthetic,No,Yes,Graphic Designer
M.Tech,Data Science,9.35,"Scikit-learn, TensorFlow, Python, R, SQL","Critical Thinking, Problem-Solving",Ambivert,8-12 LPA,Google Data Analytics,I prefer working alone,Read/Write,Yes,Yes,Data Scientist
B.Tech,Graphic Design,8.11,"Sketch, User Research, Figma","Creativity, Empathy",Ambivert,8-12 LPA,No Certification,I like a mix of both,Kinesthetic,Yes,No,UI/UX Designer
BBA,Business Administration,7.54,"Google Analytics, Digital Marketing","Leadership, Creativity",Extrovert,8-12 LPA,Google Digital Marketing,I prefer working in a team,Auditory,Maybe,No,Marketing Manager
M.Tech,Computer Science,8.61,"Python, R, SQL","Critical Thinking, Problem-Solving",Introvert,12+ LPA,Google Data Analytics,I prefer working alone,Read/Write,Yes,Yes,Data Scientist
B.Des,Human-Computer Interaction,8.91,"Adobe XD, Sketch, User Research","Creativity, Empathy",Ambivert,8-12 LPA,No Certification,I like a mix of both,Kinesthetic,Yes,No,UI/UX Designer
B.Des,Graphic Design,8.55,"Adobe Illustrator, Figma","Creativity, Attention to Detail",Ambivert,Less than 4 LPA,No Certification,I prefer working alone,Kinesthetic,No,No,UI/UX Designer
B.Com,Commerce,8.76,"MS Excel, Financial Modeling, SQL","Analytical Skills, Attention to Detail",Extrovert,4-8 LPA,No Certification,I prefer working alone,Visual,No,No,Financial Analyst
Diploma,Mechanical Engineering,8.97,"AutoCAD, MATLAB","Teamwork, Problem-Solving",Ambivert,8-12 LPA,Certified SOLIDWORKS Professional,I prefer working in a team,Kinesthetic,Yes,Yes,Mechanical Engineer
B.Des,Graphic Design,6.86,"Figma, Adobe Photoshop, Adobe Illustrator","Creativity, Attention to Detail",Introvert,Less than 4 LPA,Adobe Certified Expert (ACE),I like a mix of both,Visual,No,No,Graphic Designer
M.Tech,Computer Science,9.02,"Python, R, Scikit-learn, SQL","Problem-Solving, Critical Thinking",Introvert,8-12 LPA,Google Data Analytics,I prefer working alone,Visual,Yes,No,Data Scientist
M.Tech,Computer Science,9.97,"TensorFlow, Computer Vision, PyTorch","Research, Critical Thinking",Introvert,12+ LPA,TensorFlow Developer,I prefer working alone,Read/Write,Yes,Yes,AI Specialist
B.Des,Human-Computer Interaction,7.83,"User Research, Figma","Creativity, Empathy",Ambivert,8-12 LPA,Nielsen Norman Group UX Certification,I like a mix of both,Visual,Yes,No,UI/UX Designer
B.Tech,Mechanical Engineering,8.22,"AutoCAD, MATLAB","Teamwork, Problem-Solving",Ambivert,4-8 LPA,No Certification,I prefer working in a team,Kinesthetic,Yes,Yes,Mechanical Engineer
M.Tech,AI & ML,9.77,"TensorFlow, PyTorch, Python, Computer Vision, NLP","Critical Thinking, Research",Introvert,12+ LPA,Deep Learning Specialization,I prefer working alone,Read/Write,Yes,Yes,AI Specialist
BBA,Business Administration,8.01,"Digital Marketing, Google Analytics, Social Media Management","Communication, Leadership",Extrovert,8-12 LPA,HubSpot Content Marketing,I prefer working in a team,Auditory,Maybe,No,Marketing Manager
B.Com,Finance,7.78,"Financial Modeling, Tableau, MS Excel, SQL","Analytical Skills, Attention to Detail",Extrovert,4-8 LPA,CFA,I prefer working alone,Visual,No,Yes,Financial Analyst
B.A.,Fine Arts,8.1,"Adobe Illustrator, Adobe Photoshop, Figma","Creativity, Attention to Detail",Ambivert,4-8 LPA,Adobe Certified Expert (ACE),I prefer working alone,Kinesthetic,No,Yes,Graphic Designer
B.Tech,Graphic Design,7.91,"Adobe XD, Figma, User Research, Sketch","Problem-Solving, Creativity",Ambivert,12+ LPA,No Certification,I like a mix of both,Visual,Yes,No,Graphic Designer
B.Tech,Data Science,9.62,"Scikit-learn, SQL","Problem-Solving, Critical Thinking",Ambivert,12+ LPA,IBM Data Science,I prefer working alone,Read/Write,Yes,Yes,Data Scientist
B.A.,Graphic Design,6.92,"Adobe Photoshop, Figma, Adobe Illustrator","Creativity, Attention to Detail",Introvert,Less than 4 LPA,No Certification,I like a mix of both,Kinesthetic,No,No,Graphic Designer
B.Com,Finance,7.81,"Tableau, Financial Modeling, MS Excel","Analytical Skills, Attention to Detail",Ambivert,4-8 LPA,CFA,I prefer working alone,Visual,No,No,Financial Analyst
Diploma,Mechanical Engineering,8.01,"SolidWorks, MATLAB","Teamwork, Problem-Solving",Ambivert,4-8 LPA,Certified SOLIDWORKS Professional,I prefer working in a team,Kinesthetic,Yes,Yes,Mechanical Engineer
B.Des,Fine Arts,8.76,"Adobe Illustrator, Adobe Photoshop","Attention to Detail, Creativity",Ambivert,4-8 LPA,No Certification,I like a mix of both,Kinesthetic,No,No,Graphic Designer
B.Tech,Mechanical Engineering,7.27,"MATLAB, AutoCAD, SolidWorks","Teamwork, Problem-Solving",Ambivert,8-12 LPA,Certified SOLIDWORKS Professional,I prefer working in a team,Kinesthetic,Yes,Yes,Mechanical Engineer
B.Des,Fine Arts,7.84,"Adobe Photoshop, Adobe Illustrator","Creativity, Attention to Detail",Ambivert,4-8 LPA,No Certification,I like a mix of both,Visual,No,No,UI/UX Designer
Diploma,Mechanical Engineering,7.97,"AutoCAD, SolidWorks","Problem-Solving, Teamwork",Ambivert,8-12 LPA,No Certification,I prefer working in a team,Kinesthetic,Yes,Yes,Mechanical Engineer
M.Tech,Computer Science,9.34,"SQL, TensorFlow","Critical Thinking, Problem-Solving",Ambivert,12+ LPA,IBM Data Science,I prefer working alone,Read/Write,Yes,No,Data Scientist
B.Des,Human-Computer Interaction,7.61,"Adobe XD, User Research, Sketch, Figma","Problem-Solving, Creativity",Ambivert,12+ LPA,Nielsen Norman Group UX Certification,I like a mix of both,Kinesthetic,Yes,No,Graphic Designer
B.Com,Finance,8.6,"MS Excel, Financial Modeling, Tableau, SQL","Attention to Detail, Analytical Skills",Extrovert,8-12 LPA,No Certification,I prefer working alone,Visual,No,Yes,Financial Analyst
B.Des,Graphic Design,7.94,"Adobe Photoshop, Adobe Illustrator","Creativity, Attention to Detail",Introvert,4-8 LPA,Adobe Certified Expert (ACE),I like a mix of both,Visual,No,No,Graphic Designer
B.Tech,Computer Science,8.87,"Python, SQL, JavaScript","Problem-Solving, Teamwork",Introvert,8-12 LPA,Coursera - Python for Everybody,I prefer working alone,Kinesthetic,Yes,No,Software Developer
B.Des,Human-Computer Interaction,8.62,"User Research, Adobe XD, Sketch","Empathy, Creativity",Ambivert,8-12 LPA,Nielsen Norman Group UX Certification,I like a mix of both,Kinesthetic,Yes,No,UI/UX Designer
MBA,Marketing,8.94,"Google Analytics, Social Media Management, SEO, Digital Marketing","Leadership, Creativity",Extrovert,8-12 LPA,Google Digital Marketing,I prefer working in a team,Auditory,Maybe,No,Marketing Manager
B.Tech,Computer Science,8.57,"Scikit-learn, TensorFlow, Python","Problem-Solving, Critical Thinking",Ambivert,12+ LPA,IBM Data Science,I prefer working alone,Visual,Yes,Yes,Data Scientist
B.Tech,Human-Computer Interaction,8.96,"Sketch, User Research","Problem-Solving, Creativity",Ambivert,12+ LPA,Nielsen Norman Group UX Certification,I like a mix of both,Visual,Yes,No,UI/UX Designer
B.Com,Finance,8.64,"Financial Modeling, MS Excel","Attention to Detail, Analytical Skills",Extrovert,4-8 LPA,CFA,I prefer working alone,Visual,No,Yes,Financial Analyst
B.Tech,Computer Science,9.69,"Python, JavaScript, Git, SQL, Java","Teamwork, Problem-Solving",Ambivert,8-12 LPA,No Certification,I like a mix of both,Visual,Yes,No,Software Developer
Diploma,Mechanical Engineering,7.95,"SolidWorks, AutoCAD","Teamwork, Problem-Solving",Ambivert,8-12 LPA,Certified SOLIDWORKS Professional,I prefer working in a team,Kinesthetic,Maybe,Yes,Mechanical Engineer
B.Tech,Computer Science,9.06,"Git, Java, SQL, JavaScript","Teamwork, Problem-Solving",Introvert,8-12 LPA,No Certification,I like a mix of both,Visual,Maybe,No,Data Scientist
B.Tech,Human-Computer Interaction,9.17,"Figma, User Research","Creativity, Problem-Solving",Ambivert,12+ LPA,No Certification,I like a mix of both,Visual,No,No,Graphic Designer
B.Tech,Computer Science,9.64,"Git, JavaScript, Java, SQL, Python","Teamwork, Problem-Solving",Introvert,12+ LPA,No Certification,I like a mix of both,Kinesthetic,Maybe,No,Software Developer
BBA,Marketing,7.35,"Google Analytics, Social Media Management, Digital Marketing, SEO","Creativity, Communication",Extrovert,12+ LPA,Google Digital Marketing,I prefer working in a team,Auditory,Yes,No,Marketing Manager
B.Tech,Computer Science,8.1,"Git, SQL, Java","Teamwork, Problem-Solving",Ambivert,8-12 LPA,No Certification,I prefer working alone,Visual,Yes,No,Software Developer
Diploma,Mechanical Engineering,8.56,"MATLAB, AutoCAD, SolidWorks","Problem-Solving, Teamwork",Ambivert,8-12 LPA,Certified SOLIDWORKS Professional,I prefer working in a team,Kinesthetic,Yes,Yes,Civil Engineer
B.Des,Graphic Design,8.71,"Sketch, User Research, Adobe XD","Problem-Solving, Creativity",Ambivert,12+ LPA,Nielsen Norman Group UX Certification,I like a mix of both,Visual,Yes,No,UI/UX Designer
B.Tech,Human-Computer Interaction,8.48,"Sketch, Figma","Problem-Solving, Creativity",Ambivert,8-12 LPA,Nielsen Norman Group UX Certification,I like a mix of both,Visual,No,No,UI/UX Designer
B.Tech,Mechanical Engineering,7.66,"MATLAB, SolidWorks, AutoCAD","Problem-Solving, Teamwork",Ambivert,8-12 LPA,Certified SOLIDWORKS Professional,I prefer working in a team,Kinesthetic,Maybe,Yes,Civil Engineer
B.A.,Fine Arts,8.28,"Adobe Photoshop, Figma","Attention to Detail, Creativity",Ambivert,Less than 4 LPA,Adobe Certified Expert (ACE),I prefer working alone,Visual,No,No,UI/UX Designer
B.Tech,Human-Computer Interaction,8.11,"User Research, Sketch, Figma","Problem-Solving, Creativity",Ambivert,8-12 LPA,Nielsen Norman Group UX Certification,I like a mix of both,Visual,No,No,UI/UX Designer
MBA,Finance,8.46,"Tableau, Financial Modeling, MS Excel","Attention to Detail, Analytical Skills",Ambivert,4-8 LPA,CFA,I prefer working alone,Visual,Maybe,Yes,Financial Analyst
B.Des,Human-Computer Interaction,8.23,"Figma, Sketch","Empathy, Creativity",Ambivert,12+ LPA,Nielsen Norman Group UX Certification,I like a mix of both,Kinesthetic,No,No,UI/UX Designer
B.Tech,Human-Computer Interaction,8.27,"User Research, Adobe XD, Figma","Creativity, Problem-Solving",Ambivert,12+ LPA,Nielsen Norman Group UX Certification,I like a mix of both,Visual,Yes,No,UI/UX Designer
B.Tech,Graphic Design,8.94,"Adobe XD, Sketch, User Research, Figma","Creativity, Empathy",Ambivert,8-12 LPA,Nielsen Norman Group UX Certification,I like a mix of both,Visual,Yes,No,UI/UX Designer
MBA,Finance,8.94,"Tableau, MS Excel, SQL, Financial Modeling","Analytical Skills, Attention to Detail",Ambivert,8-12 LPA,No Certification,I prefer working alone,Visual,Maybe,Yes,Financial Analyst
B.Des,Human-Computer Interaction,8.74,"Adobe XD, Figma, Sketch","Problem-Solving, Creativity",Ambivert,8-12 LPA,Nielsen Norman Group UX Certification,I like a mix of both,Kinesthetic,Yes,No,UI/UX Designer
M.Tech,Data Science,9.21,"TensorFlow, Python","Critical Thinking, Problem-Solving",Ambivert,8-12 LPA,Google Data Analytics,I prefer working alone,Visual,Yes,Yes,Data Scientist
B.Tech,Computer Science,8.89,"JavaScript, Python","Problem-Solving, Teamwork",Ambivert,12+ LPA,No Certification,I like a mix of both,Kinesthetic,Maybe,No,Software Developer
MBA,Marketing,8.41,"Google Analytics, SEO, Social Media Management","Creativity, Communication",Extrovert,12+ LPA,Google Digital Marketing,I prefer working in a team,Auditory,Yes,No,Marketing Manager
B.Com,Commerce,8.74,"MS Excel, Financial Modeling, SQL, Tableau","Attention to Detail, Analytical Skills",Extrovert,4-8 LPA,No Certification,I prefer working alone,Read/Write,No,Yes,Financial Analyst
M.Tech,AI & ML,9.96,"NLP, Python, Computer Vision, TensorFlow","Research, Critical Thinking",Introvert,12+ LPA,Deep Learning Specialization,I prefer working alone,Read/Write,Yes,Yes,Data Scientist
B.Des,Fine Arts,6.62,"Figma, Adobe Illustrator, Adobe Photoshop","Attention to Detail, Creativity",Ambivert,4-8 LPA,Adobe Certified Expert (ACE),I prefer working alone,Visual,No,Yes,Graphic Designer
M.Tech,Computer Science,9.18,"NLP, Computer Vision","Critical Thinking, Research",Introvert,12+ LPA,TensorFlow Developer,I prefer working alone,Read/Write,Yes,Yes,AI Specialist
MBA,Business Administration,7.92,"Social Media Management, Digital Marketing, Google Analytics","Communication, Creativity",Extrovert,12+ LPA,Google Digital Marketing,I prefer working in a team,Auditory,Maybe,No,Social Media Manager
M.Tech,AI & ML,9.03,"TensorFlow, NLP, Python","Research, Critical Thinking",Introvert,12+ LPA,Deep Learning Specialization,I prefer working alone,Read/Write,Yes,Yes,AI Specialist
BBA,Business Administration,7.46,"Digital Marketing, SEO, Social Media Management","Communication, Creativity",Extrovert,8-12 LPA,HubSpot Content Marketing,I prefer working in a team,Auditory,Maybe,No,Marketing Manager
Diploma,Mechanical Engineering,8.91,"SolidWorks, MATLAB","Teamwork, Problem-Solving",Ambivert,8-12 LPA,Certified SOLIDWORKS Professional,I prefer working in a team,Kinesthetic,Maybe,Yes,Mechanical Engineer
B.Tech,Human-Computer Interaction,8.04,"User Research, Figma","Problem-Solving, Creativity",Ambivert,8-12 LPA,Nielsen Norman Group UX Certification,I like a mix of both,Visual,No,No,UI/UX Designer
B.Tech,Human-Computer Interaction,7.69,"Figma, Adobe XD, User Research","Problem-Solving, Creativity",Ambivert,12+ LPA,No Certification,I like a mix of both,Kinesthetic,No,No,UI/UX Designer
MBA,Finance,7.95,"SQL, Financial Modeling, MS Excel, Tableau","Attention to Detail, Analytical Skills",Extrovert,4-8 LPA,CFA,I prefer working alone,Read/Write,Maybe,Yes,Financial Analyst
B.Tech,Computer Science,8.63,"SQL, Git, JavaScript, Java, Python","Problem-Solving, Teamwork",Introvert,8-12 LPA,Coursera - Python for Everybody,I prefer working alone,Visual,Yes,No,Software Developer
B.Tech,Graphic Design,7.52,"Sketch, Figma, Adobe XD, User Research","Empathy, Problem-Solving",Ambivert,8-12 LPA,Nielsen Norman Group UX Certification,I like a mix of both,Kinesthetic,No,No,UI/UX Designer
MBA,Commerce,9.05,"MS Excel, Financial Modeling, SQL, Tableau","Analytical Skills, Attention to Detail",Ambivert,8-12 LPA,CFA,I prefer working alone,Read/Write,Maybe,No,Financial Analyst
MBA,Commerce,8.11,"Tableau, Financial Modeling","Analytical Skills, Attention to Detail",Ambivert,4-8 LPA,CFA,I prefer working alone,Read/Write,Maybe,No,Financial Analyst
M.Tech,Computer Science,9.43,"NLP, Python, TensorFlow, Computer Vision","Research, Critical Thinking",Introvert,12+ LPA,TensorFlow Developer,I prefer working alone,Read/Write,Yes,Yes,AI Specialist
B.Des,Fine Arts,8.27,"Adobe Illustrator, Adobe Photoshop","Creativity, Attention to Detail",Introvert,4-8 LPA,Adobe Certified Expert (ACE),I like a mix of both,Kinesthetic,No,Yes,Graphic Designer
B.Des,Graphic Design,8.99,"Figma, Sketch, Adobe XD","Empathy, Problem-Solving",Ambivert,8-12 LPA,No Certification,I like a mix of both,Visual,Yes,No,UI/UX Designer
B.Des,Graphic Design,7.6,"Adobe Illustrator, Figma, Adobe Photoshop","Creativity, Attention to Detail",Ambivert,Less than 4 LPA,No Certification,I like a mix of both,Kinesthetic,No,No,Graphic Designer
B.Des,Fine Arts,7.72,"Figma, Adobe Illustrator","Attention to Detail, Creativity",Introvert,4-8 LPA,Adobe Certified Expert (ACE),I like a mix of both,Visual,No,No,Graphic Designer
B.Tech,Computer Science,8.14,"Python, SQL","Problem-Solving, Teamwork",Ambivert,12+ LPA,No Certification,I like a mix of both,Kinesthetic,Yes,No,Software Developer
B.Tech,Graphic Design,8.16,"Figma, Adobe XD, User Research","Problem-Solving, Empathy",Ambivert,8-12 LPA,No Certification,I like a mix of both,Visual,Yes,No,Graphic Designer
B.Des,Fine Arts,8.51,"Adobe Photoshop, Adobe Illustrator","Creativity, Attention to Detail",Introvert,Less than 4 LPA,No Certification,I like a mix of both,Visual,No,Yes,Graphic Designer
B.Tech,Computer Science,8.82,"Python, JavaScript, Java","Teamwork, Problem-Solving",Introvert,8-12 LPA,No Certification,I prefer working alone,Kinesthetic,Maybe,No,Software Developer
B.Tech,Data Science,9.64,"TensorFlow, Python, Scikit-learn, SQL, R","Problem-Solving, Critical Thinking",Introvert,8-12 LPA,IBM Data Science,I prefer working alone,Visual,Yes,Yes,Data Scientist
B.Des,Human-Computer Interaction,7.73,"Adobe XD, Figma, Sketch, User Research","Empathy, Creativity",Ambivert,12+ LPA,Nielsen Norman Group UX Certification,I like a mix of both,Visual,No,No,UI/UX Designer
MBA,Business Administration,7.6,"Digital Marketing, Google Analytics, Social Media Management","Communication, Leadership",Extrovert,8-12 LPA,HubSpot Content Marketing,I prefer working in a team,Auditory,Yes,No,Social Media Manager
B.Des,Graphic Design,6.56,"Figma, Adobe Photoshop, Adobe Illustrator","Creativity, Attention to Detail",Introvert,Less than 4 LPA,No Certification,I prefer working alone,Visual,No,Yes,Graphic Designer
B.Com,Commerce,8.31,"SQL, Financial Modeling, MS Excel","Analytical Skills, Attention to Detail",Extrovert,4-8 LPA,CFA,I prefer working alone,Visual,Maybe,Yes,Business Analyst
M.Tech,AI & ML,9.3,"TensorFlow, Computer Vision, NLP, Python","Critical Thinking, Research",Introvert,12+ LPA,TensorFlow Developer,I prefer working alone,Read/Write,Yes,Yes,AI Specialist
M.Tech,Data Science,8.87,"Scikit-learn, SQL, Python","Problem-Solving, Critical Thinking",Introvert,8-12 LPA,Google Data Analytics,I prefer working alone,Visual,Yes,No,Data Scientist
B.Tech,Graphic Design,7.66,"Sketch, Adobe XD, Figma","Creativity, Problem-Solving",Ambivert,12+ LPA,No Certification,I like a mix of both,Visual,Yes,No,UI/UX Designer
MBA,Finance,8.11,"MS Excel, SQL","Analytical Skills, Attention to Detail",Ambivert,4-8 LPA,No Certification,I prefer working alone,Read/Write,No,No,Financial Analyst
B.Com,Commerce,8.75,"Financial Modeling, SQL, Tableau","Attention to Detail, Analytical Skills",Ambivert,8-12 LPA,CFA,I prefer working alone,Read/Write,No,No,Financial Analyst
B.Tech,Computer Science,8.82,"JavaScript, Git","Problem-Solving, Teamwork",Introvert,12+ LPA,No Certification,I prefer working alone,Kinesthetic,Maybe,No,Software Developer
B.Com,Finance,8.88,"Tableau, Financial Modeling","Attention to Detail, Analytical Skills",Extrovert,8-12 LPA,No Certification,I prefer working alone,Read/Write,No,Yes,Financial Analyst
B.Des,Fine Arts,7.43,"Adobe Photoshop, Figma, Adobe Illustrator","Creativity, Attention to Detail",Introvert,Less than 4 LPA,Adobe Certified Expert (ACE),I prefer working alone,Visual,No,Yes,Graphic Designer
B.Tech,Computer Science,8.23,"Python, SQL","Problem-Solving, Teamwork",Ambivert,12+ LPA,Coursera - Python for Everybody,I prefer working alone,Kinesthetic,Yes,No,Data Scientist
BBA,Marketing,7.73,"SEO, Digital Marketing, Google Analytics","Leadership, Communication",Extrovert,12+ LPA,HubSpot Content Marketing,I prefer working in a team,Auditory,Yes,No,Marketing Manager
M.Tech,Computer Science,9.27,"R, SQL, TensorFlow","Problem-Solving, Critical Thinking",Introvert,12+ LPA,IBM Data Science,I prefer working alone,Read/Write,Yes,Yes,Data Scientist
M.Tech,AI & ML,9.73,"NLP, Computer Vision, Python","Critical Thinking, Research",Introvert,12+ LPA,TensorFlow Developer,I prefer working alone,Read/Write,Yes,Yes,AI Specialist
B.Tech,Mechanical Engineering,7.63,"SolidWorks, MATLAB","Problem-Solving, Teamwork",Ambivert,8-12 LPA,No Certification,I prefer working in a team,Kinesthetic,Yes,Yes,Mechanical Engineer
B.Des,Graphic Design,8.27,"Figma, Adobe Photoshop, Adobe Illustrator","Attention to Detail, Creativity",Introvert,Less than 4 LPA,Adobe Certified Expert (ACE),I prefer working alone,Kinesthetic,No,No,UI/UX Designer
B.Tech,Computer Science,8.79,"Python, Git","Teamwork, Problem-Solving",Ambivert,8-12 LPA,Coursera - Python for Everybody,I prefer working alone,Visual,Maybe,No,Software Developer
MBA,Finance,9.08,"MS Excel, Financial Modeling","Analytical Skills, Attention to Detail",Ambivert,8-12 LPA,CFA,I prefer working alone,Visual,No,Yes,Financial Analyst
B.Tech,Computer Science,8.05,"SQL, Python, Java, JavaScript","Teamwork, Problem-Solving",Introvert,12+ LPA,No Certification,I like a mix of both,Kinesthetic,Yes,No,Software Developer
M.Tech,AI & ML,9.97,"TensorFlow, PyTorch, Computer Vision, Python, NLP","Research, Critical Thinking",Introvert,12+ LPA,Deep Learning Specialization,I prefer working alone,Read/Write,Yes,Yes,AI Specialist
M.Tech,Data Science,9.72,"SQL, Python","Critical Thinking, Problem-Solving",Ambivert,12+ LPA,IBM Data Science,I prefer working alone,Visual,Yes,Yes,AI Specialist
B.A.,Fine Arts,8.07,"Figma, Adobe Photoshop, Adobe Illustrator","Attention to Detail, Creativity",Ambivert,4-8 LPA,Adobe Certified Expert (ACE),I like a mix of both,Kinesthetic,No,No,Graphic Designer
M.Tech,Data Science,9.88,"Scikit-learn, SQL","Problem-Solving, Critical Thinking",Ambivert,8-12 LPA,Google Data Analytics,I prefer working alone,Read/Write,Yes,Yes,Data Scientist
B.A.,Fine Arts,8.2,"Adobe Photoshop, Adobe Illustrator","Creativity, Attention to Detail",Introvert,Less than 4 LPA,No Certification,I like a mix of both,Visual,No,Yes,Graphic Designer
M.Tech,AI & ML,9.53,"Computer Vision, NLP","Research, Critical Thinking",Introvert,12+ LPA,TensorFlow Developer,I prefer working alone,Read/Write,Yes,Yes,AI Specialist
B.Tech,Computer Science,9.5,"Python, SQL, TensorFlow, R, Scikit-learn","Problem-Solving, Critical Thinking",Introvert,8-12 LPA,IBM Data Science,I prefer working alone,Visual,Yes,Yes,Data Scientist
B.Com,Finance,8.25,"SQL, Tableau, Financial Modeling, MS Excel","Analytical Skills, Attention to Detail",Extrovert,4-8 LPA,No Certification,I prefer working alone,Visual,No,Yes,Financial Analyst
B.A.,Fine Arts,7.69,"Adobe Illustrator, Figma","Creativity, Attention to Detail",Ambivert,Less than 4 LPA,No Certification,I prefer working alone,Visual,No,No,Graphic Designer
B.Tech,Data Science,8.91,"SQL, Scikit-learn, R, Python","Problem-Solving, Critical Thinking",Ambivert,12+ LPA,Google Data Analytics,I prefer working alone,Visual,Yes,Yes,AI Specialist
BBA,Business Administration,7.42,"Digital Marketing, Google Analytics, Social Media Management","Communication, Leadership",Extrovert,12+ LPA,HubSpot Content Marketing,I prefer working in a team,Auditory,Maybe,No,Social Media Manager
B.Com,Commerce,8.33,"MS Excel, SQL, Financial Modeling","Analytical Skills, Attention to Detail",Ambivert,8-12 LPA,No Certification,I prefer working alone,Read/Write,No,No,Financial Analyst
B.Des,Graphic Design,6.98,"Figma, Adobe Illustrator, Adobe Photoshop","Attention to Detail, Creativity",Ambivert,Less than 4 LPA,Adobe Certified Expert (ACE),I like a mix of both,Visual,No,Yes,Graphic Designer
B.Tech,Mechanical Engineering,8.94,"MATLAB, AutoCAD, SolidWorks","Problem-Solving, Teamwork",Ambivert,4-8 LPA,Certified SOLIDWORKS Professional,I prefer working in a team,Kinesthetic,Maybe,Yes,Civil Engineer
M.Tech,Data Science,8.61,"Scikit-learn, SQL","Problem-Solving, Critical Thinking",Introvert,8-12 LPA,Google Data Analytics,I prefer working alone,Visual,Yes,Yes,Data Scientist
Diploma,Mechanical Engineering,7.43,"SolidWorks, MATLAB, AutoCAD","Teamwork, Problem-Solving",Ambivert,4-8 LPA,Certified SOLIDWORKS Professional,I prefer working in a team,Kinesthetic,Maybe,Yes,Mechanical Engineer
B.Tech,Computer Science,9.59,"Git, SQL, Java","Problem-Solving, Teamwork",Ambivert,12+ LPA,No Certification,I prefer working alone,Visual,Yes,No,Software Developer
B.Tech,Computer Science,9.3,"R, TensorFlow, Python","Problem-Solving, Critical Thinking",Ambivert,8-12 LPA,IBM Data Science,I prefer working alone,Read/Write,Yes,No,AI Specialist
M.Tech,Data Science,9.65,"TensorFlow, Python","Problem-Solving, Critical Thinking",Introvert,8-12 LPA,IBM Data Science,I prefer working alone,Visual,Yes,No,AI Specialist
B.Tech,Computer Science,9.81,"R, Python, TensorFlow, Scikit-learn","Critical Thinking, Problem-Solving",Introvert,8-12 LPA,IBM Data Science,I prefer working alone,Visual,Yes,No,Data Scientist
B.Com,Finance,9.2,"MS Excel, Tableau, SQL, Financial Modeling","Attention to Detail, Analytical Skills",Extrovert,8-12 LPA,No Certification,I prefer working alone,Visual,Maybe,No,Financial Analyst
B.Tech,Graphic Design,8.35,"Sketch, Figma, Adobe XD","Empathy, Problem-Solving",Ambivert,12+ LPA,Nielsen Norman Group UX Certification,I like a mix of both,Kinesthetic,Yes,No,UI/UX Designer
B.A.,Graphic Design,8.67,"Figma, Adobe Illustrator","Attention to Detail, Creativity",Introvert,Less than 4 LPA,Adobe Certified Expert (ACE),I prefer working alone,Kinesthetic,No,No,Graphic Designer
B.Tech,Mechanical Engineering,7.88,"SolidWorks, MATLAB, AutoCAD","Problem-Solving, Teamwork",Ambivert,4-8 LPA,No Certification,I prefer working in a team,Kinesthetic,Maybe,Yes,Mechanical Engineer
M.Tech,Computer Science,9.71,"Python, PyTorch, NLP","Research, Critical Thinking",Introvert,12+ LPA,Deep Learning Specialization,I prefer working alone,Read/Write,Yes,Yes,AI Specialist
B.Tech,Mechanical Engineering,7.43,"AutoCAD, SolidWorks, MATLAB","Teamwork, Problem-Solving",Ambivert,8-12 LPA,No Certification,I prefer working in a team,Kinesthetic,Maybe,Yes,Mechanical Engineer
MBA,Finance,8.66,"MS Excel, Tableau, SQL","Analytical Skills, Attention to Detail",Ambivert,8-12 LPA,No Certification,I prefer working alone,Read/Write,Maybe,Yes,Financial Analyst
B.Com,Finance,8.85,"Tableau, Financial Modeling, SQL","Analytical Skills, Attention to Detail",Ambivert,8-12 LPA,No Certification,I prefer working alone,Read/Write,Maybe,No,Financial Analyst
B.Tech,Computer Science,9.62,"Java, Python, SQL, JavaScript, Git","Teamwork, Problem-Solving",Ambivert,8-12 LPA,Coursera - Python for Everybody,I like a mix of both,Visual,Yes,No,Software Developer
M.Tech,Computer Science,10.0,"TensorFlow, NLP, Computer Vision, PyTorch, Python","Research, Critical Thinking",Introvert,12+ LPA,Deep Learning Specialization,I prefer working alone,Read/Write,Yes,Yes,AI Specialist
B.Tech,Mechanical Engineering,7.51,"MATLAB, AutoCAD","Teamwork, Problem-Solving",Ambivert,4-8 LPA,No Certification,I prefer working in a team,Kinesthetic,Yes,Yes,Mechanical Engineer
MBA,Finance,7.56,"Tableau, MS Excel, SQL, Financial Modeling","Attention to Detail, Analytical Skills",Extrovert,4-8 LPA,No Certification,I prefer working alone,Visual,No,Yes,Financial Analyst
B.Des,Graphic Design,7.4,"Adobe Illustrator, Adobe Photoshop, Figma","Creativity, Attention to Detail",Introvert,Less than 4 LPA,Adobe Certified Expert (ACE),I like a mix of both,Kinesthetic,No,Yes,Graphic Designer
M.Tech,Computer Science,9.1,"Computer Vision, Python, TensorFlow, PyTorch","Critical Thinking, Research",Introvert,12+ LPA,Deep Learning Specialization,I prefer working alone,Read/Write,Yes,Yes,AI Specialist
M.Tech,Computer Science,9.47,"Python, SQL, Scikit-learn, R, TensorFlow","Critical Thinking, Problem-Solving",Ambivert,12+ LPA,Google Data Analytics,I prefer working alone,Visual,Yes,Yes,Data Scientist
B.Tech,Computer Science,8.86,"Python, SQL, Scikit-learn, R, TensorFlow","Critical Thinking, Problem-Solving",Introvert,12+ LPA,IBM Data Science,I prefer working alone,Read/Write,Yes,No,AI Specialist
M.Tech,Data Science,9.21,"R, Scikit-learn, SQL, Python, TensorFlow","Problem-Solving, Critical Thinking",Introvert,8-12 LPA,Google Data Analytics,I prefer working alone,Visual,Yes,Yes,Data Scientist
M.Tech,Data Science,9.55,"R, SQL, Scikit-learn, Python","Critical Thinking, Problem-Solving",Introvert,8-12 LPA,Google Data Analytics,I prefer working alone,Read/Write,Yes,Yes,Data Scientist
Diploma,Mechanical Engineering,7.13,"AutoCAD, MATLAB","Problem-Solving, Teamwork",Ambivert,8-12 LPA,Certified SOLIDWORKS Professional,I prefer working in a team,Kinesthetic,Yes,Yes,Mechanical Engineer
B.Tech,Computer Science,8.84,"R, Python","Problem-Solving, Critical Thinking",Ambivert,8-12 LPA,Google Data Analytics,I prefer working alone,Visual,Yes,No,AI Specialist
B.Tech,Mechanical Engineering,7.38,"SolidWorks, AutoCAD, MATLAB","Teamwork, Problem-Solving",Ambivert,8-12 LPA,No Certification,I prefer working in a team,Kinesthetic,Yes,Yes,Mechanical Engineer
BBA,Business Administration,7.48,"Google Analytics, Social Media Management","Communication, Leadership",Extrovert,12+ LPA,HubSpot Content Marketing,I prefer working in a team,Visual,Maybe,No,Marketing Manager
B.Des,Fine Arts,7.72,"Figma, Adobe Illustrator, Adobe Photoshop","Creativity, Attention to Detail",Introvert,Less than 4 LPA,No Certification,I like a mix of both,Visual,No,Yes,UI/UX Designer
